{"margin_balance": [[1764201600000, 285.1733], [1764288000000, 244.5521], [1764547200000, 231.66325], [1764633600000, 159.2679], [1764720000000, 236.7828], [1764806400000, 150.9826], [1764892800000, 137.4], [1765152000000, 134.6889], [1765238400000, 79.19515], [1765324800000, 195.041], [1765411200000, 184.5], [1765497600000, 102.6093], [1765756800000, 85.3254], [1765843200000, 156.5832], [1765929600000, 137.49645], [1766016000000, 110.8646], [1766102400000, 96.292], [1766361600000, 64.81265], [1766448000000, 85.008], [1766534400000, 70.7766], [1766707200000, 114.7223], [1766966400000, 106.488], [1767052800000, 107.8224], [1767139200000, 103.86675], [1767312000000, 147.03745], [1767571200000, 182.5032], [1767657600000, 362.181], [1767744000000, 139.682], [1767830400000, 391.8378], [1767916800000, 159.3072], [1768176000000, 211.52], [1768262400000, 162.0928], [1768348800000, 129.72], [1768435200000, 144.6626], [1768521600000, 104.90465], [1768780800000, 107.765], [1768867200000, 74.365], [1768953600000, 116.2437], [1769040000000, 150.048], [1769126400000, 100.1424], [1769385600000, 99.0688], [1769472000000, 116.23225], [1769558400000, 200.9394], [1769644800000, 119.95995], [1769731200000, 100.3749], [1769990400000, 148.3421], [1770076800000, 140.4366], [1770163200000, 184.49], [1770249600000, 208.7625], [1770336000000, 141.35905], [1770595200000, 131.5491], [1770681600000, 182.748], [1770768000000, 412.1097], [1771804800000, 264.2244], [1771891200000, 197.868], [1771977600000, 216.9005], [1772064000000, 389.3312], [1772409600000, 1065.5736], [1772496000000, 631.1408], [1772582400000, 449.9145], [1772668800000, 225.3438], [1772755200000, 179.8348], [1773014400000, 300.1188], [1773100800000, 210.0856], [1773187200000, 229.0968], [1773273600000, 211.13295], [1773360000000, 1104.345], [1773619200000, 279.2505], [1773705600000, 272.6196], [1773792000000, 289.12845], [1773878400000, 530.5245], [1773964800000, 279.136], [1774224000000, 286.26], [1774310400000, 612.56475], [1774396800000, 179.5255], [1774483200000, 168.45735], [1774569600000, 224.0043], [1774828800000, 246.23735], [1774915200000, 360.70125], [1775001600000, 278.5178], [1775088000000, 278.32], [1775520000000, 220.2518], [1775606400000, 309.204], [1775692800000, 278.659], [1775779200000, 378.3234], [1776038400000, 218.82245], [1776124800000, 199.28], [1776211200000, 259.8833], [1776297600000, 313.34955]], "closing_price": [[1764201600000, 2710.0], [1764288000000, 2990.0], [1764547200000, 2975.0], [1764633600000, 2890.0], [1764720000000, 2920.0], [1764806400000, 3070.0], [1764892800000, 3000.0], [1765152000000, 2955.0], [1765238400000, 2965.0], [1765324800000, 2980.0], [1765411200000, 3125.0], [1765497600000, 3165.0], [1765756800000, 3105.0], [1765843200000, 3180.0], [1765929600000, 3185.0], [1766016000000, 3220.0], [1766102400000, 3325.0], [1766361600000, 3295.0], [1766448000000, 3300.0], [1766534400000, 3295.0], [1766707200000, 3290.0], [1766966400000, 3400.0], [1767052800000, 3360.0], [1767139200000, 3445.0], [1767312000000, 3395.0], [1767571200000, 3410.0], [1767657600000, 3335.0], [1767744000000, 3310.0], [1767830400000, 3310.0], [1767916800000, 3120.0], [1768176000000, 3305.0], [1768262400000, 3440.0], [1768348800000, 3450.0], [1768435200000, 3460.0], [1768521600000, 3505.0], [1768780800000, 3500.0], [1768867200000, 3475.0], [1768953600000, 3495.0], [1769040000000, 3600.0], [1769126400000, 3720.0], [1769385600000, 3730.0], [1769472000000, 3775.0], [1769558400000, 3810.0], [1769644800000, 3795.0], [1769731200000, 3765.0], [1769990400000, 3730.0], [1770076800000, 3810.0], [1770163200000, 3800.0], [1770249600000, 3750.0], [1770336000000, 3665.0], [1770595200000, 3765.0], [1770681600000, 3880.0], [1770768000000, 4065.0], [1771804800000, 4440.0], [1771891200000, 4400.0], [1771977600000, 4610.0], [1772064000000, 4790.0], [1772409600000, 4760.0], [1772496000000, 4330.0], [1772582400000, 4050.0], [1772668800000, 4180.0], [1772755200000, 4190.0], [1773014400000, 3830.0], [1773100800000, 4195.0], [1773187200000, 4230.0], [1773273600000, 4315.0], [1773360000000, 4365.0], [1773619200000, 3995.0], [1773705600000, 4180.0], [1773792000000, 4355.0], [1773878400000, 4345.0], [1773964800000, 4160.0], [1774224000000, 3900.0], [1774310400000, 4005.0], [1774396800000, 3850.0], [1774483200000, 3935.0], [1774569600000, 3705.0], [1774828800000, 3655.0], [1774915200000, 3675.0], [1775001600000, 3740.0], [1775088000000, 4000.0], [1775520000000, 3890.0], [1775606400000, 4200.0], [1775692800000, 4450.0], [1775779200000, 4305.0], [1776038400000, 4235.0], [1776124800000, 4240.0], [1776211200000, 4210.0], [1776297600000, 4265.0]], "margin_ratio": [[1764201600000, 3.690135468601797], [1764288000000, 3.1644981424665404], [1764547200000, 2.9977167413518915], [1764633600000, 2.0609226978813378], [1764720000000, 3.063963592085394], [1764806400000, 1.9537111202266046], [1764892800000, 1.7779526112223232], [1765152000000, 1.74287104408779], [1765238400000, 1.0247832877630536], [1765324800000, 2.523825729588159], [1765411200000, 2.3874254495670932], [1765497600000, 1.3277618112859877], [1765756800000, 1.1041085715690626], [1765843200000, 2.026182746095686], [1765929600000, 1.7792006718435196], [1766016000000, 1.4345851896806285], [1766102400000, 1.2460161050933038], [1766361600000, 0.8386740924871797], [1766448000000, 1.100001423397287], [1766534400000, 0.9158474583947444], [1766707200000, 1.4845037325358859], [1766966400000, 1.3779520936233096], [1767052800000, 1.3952191967122112], [1767139200000, 1.3440331832727528], [1767312000000, 1.902660976528179], [1767571200000, 2.3615869068153557], [1767657600000, 4.686613207315227], [1767744000000, 1.8074816349400038], [1767830400000, 5.070371467871983], [1767916800000, 2.0614312389120584], [1768176000000, 2.737063583156811], [1768262400000, 2.097476834209154], [1768348800000, 1.678573600638717], [1768435200000, 1.8719304761005127], [1768521600000, 1.3574635836744096], [1768780800000, 1.3944764421279014], [1768867200000, 0.9622812658919072], [1768953600000, 1.5041906110126955], [1769040000000, 1.941617419277199], [1769126400000, 1.2958401861286053], [1769385600000, 1.2819478286074386], [1769472000000, 1.5040424482950934], [1769558400000, 2.6001508801124227], [1769644800000, 1.552278794356618], [1769731200000, 1.29884873039432], [1769990400000, 1.9195431153508218], [1770076800000, 1.8172461403288567], [1770163200000, 2.3872960498137292], [1770249600000, 2.701381601166668], [1770336000000, 1.8291826205779251], [1770595200000, 1.7022421095265396], [1770681600000, 2.3647546127777077], [1770768000000, 5.332689353894091], [1771804800000, 3.41905721927694], [1771891200000, 2.560407039864182], [1771977600000, 2.8066871204543484], [1772064000000, 5.0379361256937445], [1772409600000, 13.788496103126427], [1772496000000, 8.16694638580019], [1772582400000, 5.821882533491891], [1772668800000, 2.9159432142122337], [1772755200000, 2.3270578766276873], [1773014400000, 3.883529869992068], [1773100800000, 2.7185024825342685], [1773187200000, 2.9645069416497694], [1773273600000, 2.732055165702854], [1773360000000, 14.290197062884399], [1773619200000, 3.6134945826793254], [1773705600000, 3.527690900221144], [1773792000000, 3.741315012053587], [1773878400000, 6.864973945359661], [1773964800000, 3.6120129555033067], [1774224000000, 3.70419733979987], [1774310400000, 7.926572756952326], [1774396800000, 2.3230555422561365], [1774483200000, 2.179833954236483], [1774569600000, 2.8986101172491168], [1774828800000, 3.1863052359022204], [1774915200000, 4.667465278811179], [1775001600000, 3.6040134627503404], [1775088000000, 3.601453935628799], [1775520000000, 2.8500528597992494], [1775606400000, 4.001092133918393], [1775692800000, 3.6058405872678403], [1775779200000, 4.895495465185643], [1776038400000, 2.831557106052156], [1776124800000, 2.5786782850391887], [1776211200000, 3.362883492344064], [1776297600000, 4.0547354486742355]]}