{"margin_balance": [[1763337600000, 0.89352], [1763424000000, 0.18952600000000003], [1763510400000, 0.083664], [1763596800000, 0.07623], [1763683200000, 0.166896], [1763942400000, 0.201985], [1764028800000, 0.08976], [1764115200000, 0.060695], [1764201600000, 0.137], [1764288000000, 0.138305], [1764547200000, 0.03571200000000001], [1764633600000, 0.090545], [1764720000000, 0.270875], [1764806400000, 0.047775], [1764892800000, 0.031072], [1765152000000, 0.069083], [1765238400000, 0.24363899999999997], [1765324800000, 0.072457], [1765411200000, 0.08789], [1765497600000, 0.08303699999999999], [1765756800000, 0.0466], [1765843200000, 0.010043], [1765929600000, 0.08784], [1766016000000, 0.015385], [1766102400000, 0.014912], [1766361600000, 0.04545], [1766448000000, 0.01456], [1766534400000, 0.067379], [1766707200000, 0.02852], [1766966400000, 0.01656], [1767052800000, 0.070528], [1767139200000, 0.02883], [1767312000000, 0.028799], [1767571200000, 0.026796000000000004], [1767657600000, 0.02733], [1767744000000, 0.064255], [1767830400000, 0.02534], [1767916800000, 0.01844], [1768176000000, 0.03185], [1768262400000, 0.024435], [1768348800000, 0.038829], [1768435200000, 0.011856000000000002], [1768521600000, 0.02668], [1768780800000, 0.022875], [1768867200000, 0.017138], [1768953600000, 0.008199], [1769040000000, 0.012683999999999997], [1769126400000, 0.010871999999999998], [1769385600000, 0.04732], [1769472000000, 0.0182], [1769558400000, 0.062376]], "closing_price": [[1763337600000, 102.0], [1763424000000, 98.2], [1763510400000, 99.6], [1763596800000, 99.0], [1763683200000, 97.6], [1763942400000, 101.5], [1764028800000, 102.0], [1764115200000, 99.5], [1764201600000, 100.0], [1764288000000, 99.5], [1764547200000, 99.2], [1764633600000, 99.5], [1764720000000, 98.5], [1764806400000, 97.5], [1764892800000, 97.1], [1765152000000, 97.3], [1765238400000, 96.3], [1765324800000, 94.1], [1765411200000, 93.5], [1765497600000, 93.3], [1765756800000, 93.2], [1765843200000, 91.3], [1765929600000, 91.5], [1766016000000, 90.5], [1766102400000, 93.2], [1766361600000, 90.9], [1766448000000, 91.0], [1766534400000, 92.3], [1766707200000, 92.0], [1766966400000, 92.0], [1767052800000, 92.8], [1767139200000, 93.0], [1767312000000, 92.9], [1767571200000, 92.4], [1767657600000, 91.1], [1767744000000, 90.5], [1767830400000, 90.5], [1767916800000, 92.2], [1768176000000, 91.0], [1768262400000, 90.5], [1768348800000, 90.3], [1768435200000, 91.2], [1768521600000, 92.0], [1768780800000, 91.5], [1768867200000, 90.2], [1768953600000, 91.1], [1769040000000, 90.6], [1769126400000, 90.6], [1769385600000, 91.0], [1769472000000, 91.0], [1769558400000, 90.4]], "margin_ratio": [[1763337600000, 3.271768582936653], [1763424000000, 0.6939802270230686], [1763510400000, 0.306349322592457], [1763596800000, 0.279128524350055], [1763683200000, 0.6111168070303918], [1763942400000, 0.7396008787989748], [1764028800000, 0.32867081655071406], [1764115200000, 0.22224459904796778], [1764201600000, 0.5016477480776274], [1764288000000, 0.5064262175027463], [1764547200000, 0.130765287440498], [1764633600000, 0.33154522153057486], [1764720000000, 0.9918528011717319], [1764806400000, 0.17493592090809226], [1764892800000, 0.11377517392896375], [1765152000000, 0.2529586232149396], [1765238400000, 0.8921237641889417], [1765324800000, 0.2653130721347492], [1765411200000, 0.32182350787257413], [1765497600000, 0.30405346027096297], [1765756800000, 0.17063346759428782], [1765843200000, 0.03677407543024533], [1765929600000, 0.3216404247528378], [1766016000000, 0.05633467594287807], [1766102400000, 0.054602709630172094], [1766361600000, 0.1664225558403515], [1766448000000, 0.053313804467228124], [1766534400000, 0.2467191504943244], [1766707200000, 0.10443061149761992], [1766966400000, 0.060637129256682534], [1767052800000, 0.25824972537532037], [1767139200000, 0.10556572683998536], [1767312000000, 0.10545221530574882], [1767571200000, 0.09811790552911025], [1767657600000, 0.10007323324789455], [1767744000000, 0.23528011717319666], [1767830400000, 0.09278652508238741], [1767916800000, 0.06752105455876968], [1768176000000, 0.11662394727206153], [1768262400000, 0.08947272061515928], [1768348800000, 0.1421786891248627], [1768435200000, 0.043412669351885765], [1768521600000, 0.09769315269132187], [1768780800000, 0.08376052727938485], [1768867200000, 0.06275357012083486], [1768953600000, 0.030021969974368363], [1769040000000, 0.046444525814719875], [1769126400000, 0.03980959355547418], [1769385600000, 0.1732698645184914], [1769472000000, 0.06664225558403515], [1769558400000, 0.2283998535335042]]}