{"margin_balance": [[1750032000000, 0.419424], [1750636800000, 0.430695], [1751241600000, 0.43215], [1751846400000, 0.47656], [1752451200000, 0.49504], [1753056000000, 0.50778], [1753660800000, 0.5013810000000001], [1754265600000, 0.501095], [1754870400000, 0.52286], [1755475200000, 0.479984], [1756080000000, 0.76908], [1756684800000, 0.63], [1757289600000, 0.668067], [1757894400000, 0.8011445], [1758499200000, 0.597662], [1759104000000, 0.514352], [1759708800000, 0.52275], [1760313600000, 0.514254], [1760918400000, 0.528488], [1761523200000, 0.55632], [1762128000000, 0.57552], [1762732800000, 0.5398375], [1763337600000, 0.602196], [1763942400000, 0.5711410000000001], [1764547200000, 0.57213], [1765152000000, 0.5842725], [1765756800000, 0.5967], [1766361600000, 0.602316], [1766966400000, 0.565656], [1767571200000, 0.58139], [1768176000000, 0.610836], [1768780800000, 0.61194], [1769385600000, 0.702728], [1769990400000, 0.816102], [1770595200000, 0.6121515], [1771200000000, 0.575586], [1771804800000, 0.5841789999999999], [1771891200000, 0.597816], [1771977600000, 0.5973660000000001], [1772064000000, 0.609598], [1772409600000, 0.58968], [1772496000000, 0.591075], [1772582400000, 0.5775029999999999], [1772668800000, 0.587412], [1772755200000, 0.58234], [1773014400000, 0.555822], [1773100800000, 0.5650560000000001], [1773187200000, 0.567429], [1773273600000, 0.565896], [1773360000000, 0.56158], [1773619200000, 0.5735085], [1773705600000, 0.561042], [1773792000000, 0.5737249999999999], [1773878400000, 0.5692829999999999], [1773964800000, 0.5835779999999999], [1774224000000, 0.5767604999999999], [1774310400000, 0.619752], [1774396800000, 0.620056], [1774483200000, 0.62264], [1774569600000, 0.6202175000000001], [1774828800000, 0.6397520000000001], [1774915200000, 0.624729], [1775001600000, 0.626248], [1775088000000, 0.61824], [1775520000000, 0.6228695000000001], [1775606400000, 0.629841], [1775692800000, 0.640596], [1775779200000, 0.63462], [1776038400000, 0.6342570000000001], [1776124800000, 0.63672], [1776211200000, 0.64029]], "closing_price": [[1729468800000, 30.75], [1730073600000, 28.15], [1730678400000, 27.7], [1731283200000, 28.3], [1731888000000, 27.75], [1732492800000, 27.5], [1733097600000, 27.95], [1733702400000, 28.15], [1734307200000, 27.8], [1734912000000, 27.7], [1736121600000, 27.75], [1736726400000, 27.3], [1737331200000, 27.6], [1737936000000, 27.75], [1739145600000, 27.25], [1739750400000, 28.5], [1740355200000, 28.25], [1740960000000, 28.2], [1741564800000, 28.3], [1742169600000, 27.55], [1742774400000, 27.1], [1743379200000, 26.35], [1743984000000, 26.0], [1744588800000, 25.45], [1745193600000, 24.65], [1745798400000, 24.0], [1746403200000, 24.6], [1747008000000, 25.95], [1747612800000, 26.15], [1748217600000, 25.9], [1748822400000, 25.7], [1749427200000, 25.0], [1750032000000, 25.7], [1750636800000, 25.5], [1751241600000, 25.8], [1751846400000, 25.9], [1752451200000, 26.0], [1753056000000, 26.0], [1753660800000, 26.1], [1754265600000, 25.75], [1754870400000, 26.0], [1755475200000, 26.2], [1756080000000, 25.5], [1756684800000, 25.0], [1757289600000, 24.9], [1757894400000, 24.95], [1758499200000, 25.4], [1759104000000, 24.8], [1759708800000, 24.6], [1760313600000, 24.7], [1760918400000, 24.8], [1761523200000, 24.4], [1762128000000, 24.0], [1762732800000, 23.75], [1763337600000, 23.45], [1763942400000, 23.35], [1764547200000, 23.4], [1765152000000, 23.25], [1765756800000, 23.4], [1766361600000, 23.4], [1766966400000, 24.05], [1767571200000, 23.5], [1768176000000, 23.35], [1768780800000, 23.5], [1769385600000, 23.3], [1769990400000, 22.95], [1770595200000, 22.85], [1771200000000, 22.95], [1771804800000, 22.9], [1771891200000, 22.8], [1771977600000, 23.1], [1772064000000, 22.9], [1772409600000, 22.75], [1772496000000, 22.5], [1772582400000, 21.9], [1772668800000, 22.05], [1772755200000, 22.0], [1773014400000, 21.15], [1773100800000, 21.6], [1773187200000, 21.9], [1773273600000, 21.9], [1773360000000, 21.5], [1773619200000, 21.65], [1773705600000, 21.95], [1773792000000, 21.65], [1773878400000, 21.45], [1773964800000, 21.4], [1774224000000, 21.15], [1774310400000, 21.7], [1774396800000, 21.65], [1774483200000, 21.5], [1774569600000, 21.35], [1774828800000, 21.1], [1774915200000, 20.95], [1775001600000, 21.1], [1775088000000, 21.0], [1775520000000, 21.05], [1775606400000, 21.3], [1775692800000, 21.1], [1775779200000, 21.0], [1776038400000, 20.85], [1776124800000, 21.0], [1776211200000, 21.0]], "margin_ratio": [[1750032000000, 0.06638241299083615], [1750636800000, 0.0681662789041356], [1751241600000, 0.06839656236645932], [1751846400000, 0.07542535175601031], [1752451200000, 0.0783501891331529], [1753056000000, 0.08036655429466787], [1753660800000, 0.07935378187170601], [1754265600000, 0.07930851653134545], [1754870400000, 0.08275327224095089], [1755475200000, 0.07596726967697007], [1756080000000, 0.12172261526043396], [1756684800000, 0.09971036512986088], [1757289600000, 0.10573524524001708], [1757894400000, 0.1267974771694918], [1758499200000, 0.09459221626070304], [1759104000000, 0.08140670750043524], [1759708800000, 0.08273586249465838], [1760313600000, 0.08139119699919281], [1760918400000, 0.0836440181694443], [1761523200000, 0.08804900052229239], [1762128000000, 0.09108779260244053], [1762732800000, 0.08544030831077978], [1763337600000, 0.09530981434879633], [1763942400000, 0.09039472642957759], [1764547200000, 0.09055125587578937], [1765152000000, 0.0924730544608518], [1765756800000, 0.09443996011585394], [1766361600000, 0.09532880679929727], [1766966400000, 0.08952661317126442], [1767571200000, 0.09201683997277747], [1768176000000, 0.09667727078486302], [1768780800000, 0.09685200132947153], [1769385600000, 0.11122105629678869], [1769990400000, 0.12916480698922178], [1770595200000, 0.09688547552347941], [1771200000000, 0.09109823845021604], [1771804800000, 0.09245825617650315], [1771891200000, 0.09461658990551255], [1771977600000, 0.09454536821613409], [1772064000000, 0.09648133200386179], [1772409600000, 0.09332890176154977], [1772496000000, 0.09354968899862304], [1772582400000, 0.0914016428469683], [1772668800000, 0.09296994444708229], [1772755200000, 0.09216719687257648], [1773014400000, 0.08797018185271355], [1773100800000, 0.0894316509187598], [1773187200000, 0.0898072266274156], [1773273600000, 0.08956459807226626], [1773360000000, 0.08888150293591629], [1773619200000, 0.09076943165091875], [1773705600000, 0.08879635344950383], [1773792000000, 0.09080369719703082], [1773878400000, 0.09010065998765487], [1773964800000, 0.09236313565357769], [1774224000000, 0.09128412705949383], [1774310400000, 0.0980884098570818], [1774396800000, 0.09813652406501748], [1774483200000, 0.09854549483247076], [1774569600000, 0.09816208473798332], [1774828800000, 0.1012538182739028], [1774915200000, 0.0988761217416077], [1775001600000, 0.09911653451086526], [1775088000000, 0.09784910498077014], [1775520000000, 0.09858181789405378], [1775606400000, 0.09968520013294714], [1775692800000, 0.10138739850909263], [1775779200000, 0.10044157447414652], [1776038400000, 0.10038412231138122], [1776124800000, 0.10077394235791272], [1776211200000, 0.10133896776031528]]}