{"margin_balance": [[1763337600000, 0.89352], [1763424000000, 0.18952600000000003], [1763510400000, 0.083664], [1763596800000, 0.07623], [1763683200000, 0.166896], [1763942400000, 0.201985], [1764028800000, 0.08976], [1764115200000, 0.060695], [1764201600000, 0.137], [1764288000000, 0.138305], [1764547200000, 0.03571200000000001], [1764633600000, 0.090545], [1764720000000, 0.270875], [1764806400000, 0.047775], [1764892800000, 0.031072], [1765152000000, 0.069083], [1765238400000, 0.24363899999999997], [1765324800000, 0.072457], [1765411200000, 0.08789], [1765497600000, 0.08303699999999999], [1765756800000, 0.0466], [1765843200000, 0.010043], [1765929600000, 0.08784], [1766016000000, 0.015385], [1766102400000, 0.014912], [1766361600000, 0.04545], [1766448000000, 0.01456], [1766534400000, 0.067379], [1766707200000, 0.02852], [1766966400000, 0.01656], [1767052800000, 0.070528], [1767139200000, 0.02883], [1767312000000, 0.028799], [1767571200000, 0.026796000000000004], [1767657600000, 0.02733], [1767744000000, 0.064255], [1767830400000, 0.02534], [1767916800000, 0.01844], [1768176000000, 0.03185], [1768262400000, 0.024435], [1768348800000, 0.038829], [1768435200000, 0.011856000000000002], [1768521600000, 0.02668], [1768780800000, 0.022875], [1768867200000, 0.017138], [1768953600000, 0.008199], [1769040000000, 0.012683999999999997], [1769126400000, 0.010871999999999998], [1769385600000, 0.04732], [1769472000000, 0.0182]], "closing_price": [[1763337600000, 102.0], [1763424000000, 98.2], [1763510400000, 99.6], [1763596800000, 99.0], [1763683200000, 97.6], [1763942400000, 101.5], [1764028800000, 102.0], [1764115200000, 99.5], [1764201600000, 100.0], [1764288000000, 99.5], [1764547200000, 99.2], [1764633600000, 99.5], [1764720000000, 98.5], [1764806400000, 97.5], [1764892800000, 97.1], [1765152000000, 97.3], [1765238400000, 96.3], [1765324800000, 94.1], [1765411200000, 93.5], [1765497600000, 93.3], [1765756800000, 93.2], [1765843200000, 91.3], [1765929600000, 91.5], [1766016000000, 90.5], [1766102400000, 93.2], [1766361600000, 90.9], [1766448000000, 91.0], [1766534400000, 92.3], [1766707200000, 92.0], [1766966400000, 92.0], [1767052800000, 92.8], [1767139200000, 93.0], [1767312000000, 92.9], [1767571200000, 92.4], [1767657600000, 91.1], [1767744000000, 90.5], [1767830400000, 90.5], [1767916800000, 92.2], [1768176000000, 91.0], [1768262400000, 90.5], [1768348800000, 90.3], [1768435200000, 91.2], [1768521600000, 92.0], [1768780800000, 91.5], [1768867200000, 90.2], [1768953600000, 91.1], [1769040000000, 90.6], [1769126400000, 90.6], [1769385600000, 91.0], [1769472000000, 91.0]], "margin_ratio": [[1763337600000, 3.253896576839038], [1763424000000, 0.6901893663510562], [1763510400000, 0.3046758922068463], [1763596800000, 0.2776037873270211], [1763683200000, 0.6077785870356882], [1763942400000, 0.7355608157319737], [1764028800000, 0.32687545520757466], [1764115200000, 0.22103058994901673], [1764201600000, 0.49890750182083027], [1764288000000, 0.5036598689002185], [1764547200000, 0.13005098324836126], [1764633600000, 0.329734158776402], [1764720000000, 0.9864348142753094], [1764806400000, 0.17398033503277494], [1764892800000, 0.1131536780772032], [1765152000000, 0.2515768390386016], [1765238400000, 0.8872505462490894], [1765324800000, 0.2638638018936635], [1765411200000, 0.32006554989075015], [1765497600000, 0.3023925710123816], [1765756800000, 0.16970138383102695], [1765843200000, 0.036573197378004366], [1765929600000, 0.31988346686088853], [1766016000000, 0.05602694828841952], [1766102400000, 0.054304442825928625], [1766361600000, 0.16551347414420975], [1766448000000, 0.05302257829570284], [1766534400000, 0.24537144938091768], [1766707200000, 0.10386016023306627], [1766966400000, 0.060305899490167514], [1767052800000, 0.2568390386016023], [1767139200000, 0.10498907501820831], [1767312000000, 0.1048761835396941], [1767571200000, 0.09758193736343775], [1767657600000, 0.09952658412235979], [1767744000000, 0.23399490167516387], [1767830400000, 0.09227967953386745], [1767916800000, 0.06715222141296431], [1768176000000, 0.11598689002184996], [1768262400000, 0.08898397669337217], [1768348800000, 0.14140203932993445], [1768435200000, 0.04317552804078661], [1768521600000, 0.09715950473415877], [1768780800000, 0.08330298616168973], [1768867200000, 0.06241077931536781], [1768953600000, 0.029857975236707936], [1769040000000, 0.04619082301529496], [1769126400000, 0.03959213401310997], [1769385600000, 0.17232337946103424], [1769472000000, 0.06627822286962855]]}