{"margin_balance": [[1764201600000, 285.1733], [1764288000000, 244.5521], [1764547200000, 231.66325], [1764633600000, 159.2679], [1764720000000, 236.7828], [1764806400000, 150.9826], [1764892800000, 137.4], [1765152000000, 134.6889], [1765238400000, 79.19515], [1765324800000, 195.041], [1765411200000, 184.5], [1765497600000, 102.6093], [1765756800000, 85.3254], [1765843200000, 156.5832], [1765929600000, 137.49645], [1766016000000, 110.8646], [1766102400000, 96.292], [1766361600000, 64.81265], [1766448000000, 85.008], [1766534400000, 70.7766], [1766707200000, 114.7223], [1766966400000, 106.488], [1767052800000, 107.8224], [1767139200000, 103.86675], [1767312000000, 147.03745], [1767571200000, 182.5032], [1767657600000, 362.181], [1767744000000, 139.682], [1767830400000, 391.8378], [1767916800000, 159.3072], [1768176000000, 211.52], [1768262400000, 162.0928], [1768348800000, 129.72], [1768435200000, 144.6626], [1768521600000, 104.90465], [1768780800000, 107.765], [1768867200000, 74.365], [1768953600000, 116.2437], [1769040000000, 150.048], [1769126400000, 100.1424], [1769385600000, 99.0688], [1769472000000, 116.23225], [1769558400000, 200.9394], [1769644800000, 119.95995], [1769731200000, 100.3749], [1769990400000, 148.3421], [1770076800000, 140.4366], [1770163200000, 184.49], [1770249600000, 208.7625], [1770336000000, 141.35905], [1770595200000, 131.5491], [1770681600000, 182.748], [1770768000000, 412.1097], [1771804800000, 264.2244], [1771891200000, 197.868], [1771977600000, 216.9005], [1772064000000, 389.3312], [1772409600000, 1065.5736], [1772496000000, 631.1408], [1772582400000, 449.9145], [1772668800000, 225.3438], [1772755200000, 179.8348], [1773014400000, 300.1188], [1773100800000, 210.0856], [1773187200000, 229.0968], [1773273600000, 211.13295], [1773360000000, 1104.345], [1773619200000, 279.2505], [1773705600000, 272.6196], [1773792000000, 289.12845], [1773878400000, 530.5245]], "closing_price": [[1764201600000, 2710.0], [1764288000000, 2990.0], [1764547200000, 2975.0], [1764633600000, 2890.0], [1764720000000, 2920.0], [1764806400000, 3070.0], [1764892800000, 3000.0], [1765152000000, 2955.0], [1765238400000, 2965.0], [1765324800000, 2980.0], [1765411200000, 3125.0], [1765497600000, 3165.0], [1765756800000, 3105.0], [1765843200000, 3180.0], [1765929600000, 3185.0], [1766016000000, 3220.0], [1766102400000, 3325.0], [1766361600000, 3295.0], [1766448000000, 3300.0], [1766534400000, 3295.0], [1766707200000, 3290.0], [1766966400000, 3400.0], [1767052800000, 3360.0], [1767139200000, 3445.0], [1767312000000, 3395.0], [1767571200000, 3410.0], [1767657600000, 3335.0], [1767744000000, 3310.0], [1767830400000, 3310.0], [1767916800000, 3120.0], [1768176000000, 3305.0], [1768262400000, 3440.0], [1768348800000, 3450.0], [1768435200000, 3460.0], [1768521600000, 3505.0], [1768780800000, 3500.0], [1768867200000, 3475.0], [1768953600000, 3495.0], [1769040000000, 3600.0], [1769126400000, 3720.0], [1769385600000, 3730.0], [1769472000000, 3775.0], [1769558400000, 3810.0], [1769644800000, 3795.0], [1769731200000, 3765.0], [1769990400000, 3730.0], [1770076800000, 3810.0], [1770163200000, 3800.0], [1770249600000, 3750.0], [1770336000000, 3665.0], [1770595200000, 3765.0], [1770681600000, 3880.0], [1770768000000, 4065.0], [1771804800000, 4440.0], [1771891200000, 4400.0], [1771977600000, 4610.0], [1772064000000, 4790.0], [1772409600000, 4760.0], [1772496000000, 4330.0], [1772582400000, 4050.0], [1772668800000, 4180.0], [1772755200000, 4190.0], [1773014400000, 3830.0], [1773100800000, 4195.0], [1773187200000, 4230.0], [1773273600000, 4315.0], [1773360000000, 4365.0], [1773619200000, 3995.0], [1773705600000, 4180.0], [1773792000000, 4355.0], [1773878400000, 4345.0]], "margin_ratio": [[1764201600000, 3.8098847174850263], [1764288000000, 3.267189840068723], [1764547200000, 3.094996185750605], [1764633600000, 2.127802070516186], [1764720000000, 3.1633928249359724], [1764806400000, 2.0171113506985217], [1764892800000, 1.8356492707502516], [1765152000000, 1.7994292653795745], [1765238400000, 1.0580387142973564], [1765324800000, 2.6057268516477423], [1765411200000, 2.4649002216406215], [1765497600000, 1.3708492483056316], [1765756800000, 1.1399381971359062], [1765843200000, 2.0919347663154353], [1765929600000, 1.836937832410833], [1766016000000, 1.481139171339289], [1766102400000, 1.2864507975188006], [1766361600000, 0.8658900560981899], [1766448000000, 1.1356977671611161], [1766534400000, 0.945567788764063], [1766707200000, 1.5326776297946985], [1766966400000, 1.4226682645098454], [1767052800000, 1.4404957054624594], [1767139200000, 1.3876486455072683], [1767312000000, 1.9644045696177332], [1767571200000, 2.4382231876971416], [1767657600000, 4.838699334276542], [1767744000000, 1.8661365461203536], [1767830400000, 5.234911003074112], [1767916800000, 2.1283271143032345], [1768176000000, 2.8258845251025706], [1768262400000, 2.1655424316875282], [1768348800000, 1.7330452940445606], [1768435200000, 1.9326768282011304], [1768521600000, 1.401514878244617], [1768780800000, 1.4397288476157268], [1768867200000, 0.993508428088373], [1768953600000, 1.5530033707009534], [1769040000000, 2.0046251948874363], [1769126400000, 1.3378917287567684], [1769385600000, 1.323548547846452], [1769472000000, 1.552850399928391], [1769558400000, 2.684528843340561], [1769644800000, 1.6026520723197717], [1769731200000, 1.3409979038328195], [1769990400000, 1.9818345537595403], [1770076800000, 1.8762179212274002], [1770163200000, 2.4647666227126197], [1770249600000, 2.789044620705963], [1770336000000, 1.888541754340963], [1770595200000, 1.7574818739654434], [1770681600000, 2.4414936894546355], [1770768000000, 5.505741413930894], [1771804800000, 3.5300096592024945], [1771891200000, 2.6434952685939646], [1771977600000, 2.8977674283141552], [1772064000000, 5.20142309578108], [1772409600000, 14.235949066744688], [1772496000000, 8.431973429845199], [1772582400000, 6.010809489264657], [1772668800000, 3.010569011194254], [1772755200000, 2.4025736497490344], [1773014400000, 4.009554995330718], [1773100800000, 2.8067210948699346], [1773187200000, 3.0607086888734805], [1773273600000, 2.820713578594245], [1773360000000, 14.753930814459146], [1773619200000, 3.730756744407883], [1773705600000, 3.6421686312389028], [1773792000000, 3.862725097493817], [1773878400000, 7.087750447890406]]}