{"margin_balance": [[1757289600000, 6.62067], [1757376000000, 4.24673], [1757462400000, 3.47842], [1757548800000, 2.92656], [1757635200000, 2.09328], [1757894400000, 2.63078], [1757980800000, 1.70451], [1758067200000, 3.44076], [1758153600000, 1.165425], [1758240000000, 1.10271], [1758499200000, 1.00647], [1758585600000, 0.73514], [1758672000000, 0.578765], [1758758400000, 0.5797], [1758844800000, 1.57335], [1759190400000, 0.708525], [1759276800000, 1.07565], [1759363200000, 1.076355], [1759449600000, 2.295], [1759795200000, 1.711], [1759881600000, 1.59685], [1759968000000, 1.27735], [1760313600000, 1.2367], [1760400000000, 0.6969], [1760486400000, 0.79328], [1760572800000, 0.48924], [1760659200000, 0.89397], [1760918400000, 0.62916], [1761004800000, 0.85848], [1761091200000, 1.47924], [1761177600000, 0.40158], [1761523200000, 3.554615], [1761609600000, 1.5435], [1761696000000, 0.442935], [1761782400000, 2.47104], [1761868800000, 1.5785], [1762128000000, 0.72165], [1762214400000, 0.52266], [1762300800000, 1.35036], [1762387200000, 3.952245], [1762473600000, 1.106], [1762732800000, 1.99215], [1762819200000, 1.266135], [1762905600000, 0.240555], [1762992000000, 0.39325], [1763078400000, 0.44986], [1763337600000, 0.77816], [1763424000000, 3.6575], [1763510400000, 0.38979], [1763596800000, 0.366525], [1763683200000, 0.5886], [1763942400000, 0.26112], [1764028800000, 0.2943], [1764115200000, 0.297995], [1764201600000, 0.911375], [1764288000000, 2.3994], [1764547200000, 0.37944], [1764633600000, 0.302475], [1764720000000, 0.531375], [1764806400000, 0.31065], [1764892800000, 0.198925], [1765152000000, 0.28392], [1765238400000, 0.273], [1765324800000, 0.336405], [1765411200000, 0.29532], [1765497600000, 4.274975], [1765756800000, 1.54726], [1765843200000, 1.06428], [1765929600000, 0.33768], [1766016000000, 0.2948], [1766102400000, 0.11653], [1766361600000, 0.10298], [1766448000000, 0.25474], [1766534400000, 0.436455], [1766707200000, 0.51512], [1766966400000, 0.35904], [1767052800000, 0.83545], [1767139200000, 2.04849], [1767312000000, 1.39876], [1767571200000, 4.485], [1767657600000, 3.81045], [1767744000000, 6.9264], [1767830400000, 0.6498], [1767916800000, 0.434775], [1768176000000, 0.8832], [1768262400000, 0.3672], [1768348800000, 0.5751], [1768435200000, 0.3672], [1768521600000, 0.621], [1768780800000, 0.73959]], "closing_price": [[1757289600000, 339.0], [1757376000000, 331.0], [1757462400000, 326.0], [1757548800000, 336.0], [1757635200000, 336.0], [1757894400000, 330.5], [1757980800000, 321.0], [1758067200000, 318.0], [1758153600000, 307.5], [1758240000000, 311.5], [1758499200000, 316.5], [1758585600000, 311.5], [1758672000000, 309.5], [1758758400000, 310.0], [1758844800000, 308.5], [1759190400000, 301.5], [1759276800000, 303.0], [1759363200000, 301.5], [1759449600000, 300.0], [1759795200000, 295.0], [1759881600000, 293.0], [1759968000000, 295.0], [1760313600000, 298.0], [1760400000000, 303.0], [1760486400000, 296.0], [1760572800000, 302.0], [1760659200000, 297.0], [1760918400000, 294.0], [1761004800000, 294.0], [1761091200000, 293.5], [1761177600000, 291.0], [1761523200000, 294.5], [1761609600000, 294.0], [1761696000000, 289.5], [1761782400000, 288.0], [1761868800000, 287.0], [1762128000000, 283.0], [1762214400000, 281.0], [1762300800000, 279.0], [1762387200000, 280.5], [1762473600000, 280.0], [1762732800000, 285.0], [1762819200000, 279.5], [1762905600000, 276.5], [1762992000000, 275.0], [1763078400000, 271.0], [1763337600000, 274.0], [1763424000000, 275.0], [1763510400000, 274.5], [1763596800000, 271.5], [1763683200000, 272.5], [1763942400000, 272.0], [1764028800000, 270.0], [1764115200000, 278.5], [1764201600000, 287.5], [1764288000000, 279.0], [1764547200000, 279.0], [1764633600000, 272.5], [1764720000000, 272.5], [1764806400000, 272.5], [1764892800000, 272.5], [1765152000000, 273.0], [1765238400000, 273.0], [1765324800000, 273.5], [1765411200000, 276.0], [1765497600000, 278.5], [1765756800000, 270.5], [1765843200000, 271.5], [1765929600000, 268.0], [1766016000000, 268.0], [1766102400000, 271.0], [1766361600000, 271.0], [1766448000000, 271.0], [1766534400000, 274.5], [1766707200000, 274.0], [1766966400000, 272.0], [1767052800000, 269.5], [1767139200000, 281.0], [1767312000000, 289.0], [1767571200000, 287.5], [1767657600000, 285.0], [1767744000000, 288.0], [1767830400000, 285.0], [1767916800000, 280.5], [1768176000000, 276.0], [1768262400000, 270.0], [1768348800000, 270.0], [1768435200000, 270.0], [1768521600000, 270.0], [1768780800000, 267.0]], "margin_ratio": [[1757289600000, 6.142193153353743], [1757376000000, 3.9398181649503665], [1757462400000, 3.2270340476853137], [1757548800000, 2.7150570553854716], [1757635200000, 1.9419983300862789], [1757894400000, 2.4406531218109286], [1757980800000, 1.5813247982187588], [1758067200000, 3.192095741720011], [1758153600000, 1.0811995546896742], [1758240000000, 1.0230169774561648], [1758499200000, 0.933732257166713], [1758585600000, 0.6820113183041098], [1758672000000, 0.5369375637814268], [1758758400000, 0.5378049911865664], [1758844800000, 1.4596437517394933], [1759190400000, 0.6573197884775952], [1759276800000, 0.9979126078485945], [1759363200000, 0.9985666573893681], [1759449600000, 2.129139994433621], [1759795200000, 1.5873457649132572], [1759881600000, 1.4814454030986177], [1759968000000, 1.1850357175990351], [1760313600000, 1.1473234993969754], [1760400000000, 0.6465349290286667], [1760486400000, 0.7359495314964282], [1760572800000, 0.4538825494016142], [1760659200000, 0.8293626495964376], [1760918400000, 0.5836905093236849], [1761004800000, 0.7964375173949345], [1761091200000, 1.3723350960200391], [1761177600000, 0.3725577511828555], [1761523200000, 3.297722423230355], [1761609600000, 1.4319510158641804], [1761696000000, 0.4109240189256888], [1761782400000, 2.292457556359588], [1761868800000, 1.4644215604415993], [1762128000000, 0.6694962426941274], [1762214400000, 0.4848872808238241], [1762300800000, 1.252769273587531], [1762387200000, 3.666615641525188], [1762473600000, 1.0260692086464422], [1762732800000, 1.848177010854439], [1762819200000, 1.174631227386585], [1762905600000, 0.22317005288060116], [1762992000000, 0.3648297615734298], [1763078400000, 0.4173485481027924], [1763337600000, 0.7219222562389832], [1763424000000, 3.3931719083402916], [1763510400000, 0.3616198163094907], [1763596800000, 0.34003618146395764], [1763683200000, 0.5460617868076816], [1763942400000, 0.24224881714444754], [1764028800000, 0.2730308934038408], [1764115200000, 0.27645885518137114], [1764201600000, 0.8455097875498654], [1764288000000, 2.2259949902588367], [1764547200000, 0.3520178124130253], [1764633600000, 0.28061508488728076], [1764720000000, 0.4929724464236015], [1764806400000, 0.2881992763707208], [1764892800000, 0.18454865943037385], [1765152000000, 0.26340105761202337], [1765238400000, 0.25327024770386863], [1765324800000, 0.3120929585304759], [1765411200000, 0.2739771778458113], [1765497600000, 3.966021894424344], [1765756800000, 1.4354392800816402], [1765843200000, 0.9873643195101586], [1765929600000, 0.31327581408293903], [1766016000000, 0.2734947583263753], [1766102400000, 0.10810835884590407], [1766361600000, 0.09553761944521755], [1766448000000, 0.23632990073290658], [1766534400000, 0.40491232952964096], [1766707200000, 0.477892197792003], [1766966400000, 0.3330921235736154], [1767052800000, 0.7750718990629928], [1767139200000, 1.9004453103256331], [1767312000000, 1.2976713980888765], [1767571200000, 4.160868355134985], [1767657600000, 3.535068188143612], [1767744000000, 6.425827998886724], [1767830400000, 0.6028388533259115], [1767916800000, 0.40335374338992486], [1768176000000, 0.8193709991650431], [1768262400000, 0.34066239910937934], [1768348800000, 0.5335374338992485], [1768435200000, 0.34066239910937934], [1768521600000, 0.5761202337879209], [1768780800000, 0.6861397161146673]]}