{"margin_balance": [[1753660800000, 1.11606], [1754265600000, 4.134], [1754870400000, 6.3273], [1755475200000, 9.20275], [1756080000000, 12.56508], [1756684800000, 20.08], [1757289600000, 25.44444], [1757894400000, 20.3373], [1758499200000, 19.39161], [1759104000000, 25.82426], [1759708800000, 22.91438], [1760313600000, 21.2819], [1760918400000, 22.2449], [1761523200000, 21.70044], [1762128000000, 24.13719], [1762732800000, 23.32128], [1763337600000, 20.646], [1763942400000, 19.31677], [1764547200000, 21.07986], [1765152000000, 20.58842], [1765756800000, 23.05485], [1766361600000, 21.25236], [1766966400000, 21.36564], [1767571200000, 27.8804], [1768176000000, 27.82732], [1768780800000, 27.5182], [1769385600000, 25.6386], [1769990400000, 26.36382], [1770595200000, 25.2843], [1771200000000, 26.1948], [1771804800000, 27.02484], [1771891200000, 28.39042], [1771977600000, 27.9956], [1772064000000, 28.14079], [1772409600000, 27.85248], [1772496000000, 32.78051], [1772582400000, 31.2924], [1772668800000, 37.7223], [1772755200000, 45.80695], [1773014400000, 40.8101], [1773100800000, 41.4368], [1773187200000, 45.71956], [1773273600000, 42.93744], [1773360000000, 36.519], [1773619200000, 33.94254], [1773705600000, 34.0746], [1773792000000, 33.46564], [1773878400000, 32.15452], [1773964800000, 31.8325], [1774224000000, 30.58899], [1774310400000, 30.22226], [1774396800000, 31.0912], [1774483200000, 30.97404], [1774569600000, 30.40475], [1774828800000, 28.8394], [1774915200000, 27.56292], [1775001600000, 28.46664], [1775088000000, 27.60246], [1775520000000, 28.08493], [1775606400000, 31.17856], [1775692800000, 32.19467], [1775779200000, 33.13923], [1776038400000, 33.36889], [1776124800000, 33.68135], [1776211200000, 33.35171]], "closing_price": [[1750636800000, 635.0], [1751241600000, 653.0], [1751846400000, 596.0], [1752451200000, 617.0], [1753056000000, 625.0], [1753660800000, 627.0], [1754265600000, 650.0], [1754870400000, 655.0], [1755475200000, 655.0], [1756080000000, 668.0], [1756684800000, 800.0], [1757289600000, 878.0], [1757894400000, 885.0], [1758499200000, 863.0], [1759104000000, 902.0], [1759708800000, 893.0], [1760313600000, 874.0], [1760918400000, 905.0], [1761523200000, 852.0], [1762128000000, 891.0], [1762732800000, 816.0], [1763337600000, 775.0], [1763942400000, 737.0], [1764547200000, 818.0], [1765152000000, 794.0], [1765756800000, 819.0], [1766361600000, 788.0], [1766966400000, 813.0], [1767571200000, 940.0], [1768176000000, 919.0], [1768780800000, 892.0], [1769385600000, 865.0], [1769990400000, 861.0], [1770595200000, 813.0], [1771200000000, 830.0], [1771804800000, 878.0], [1771891200000, 899.0], [1771977600000, 895.0], [1772064000000, 911.0], [1772409600000, 912.0], [1772496000000, 931.0], [1772582400000, 879.0], [1772668800000, 966.0], [1772755200000, 1015.0], [1773014400000, 914.0], [1773100800000, 920.0], [1773187200000, 974.0], [1773273600000, 983.0], [1773360000000, 925.0], [1773619200000, 933.0], [1773705600000, 915.0], [1773792000000, 926.0], [1773878400000, 914.0], [1773964800000, 875.0], [1774224000000, 859.0], [1774310400000, 863.0], [1774396800000, 896.0], [1774483200000, 887.0], [1774569600000, 865.0], [1774828800000, 820.0], [1774915200000, 798.0], [1775001600000, 828.0], [1775088000000, 801.0], [1775520000000, 811.0], [1775606400000, 868.0], [1775692800000, 877.0], [1775779200000, 893.0], [1776038400000, 919.0], [1776124800000, 919.0], [1776211200000, 911.0]], "margin_ratio": [[1753660800000, 0.13507534039334343], [1754265600000, 0.5003328290468987], [1754870400000, 0.76578517397882], [1755475200000, 1.1137972768532527], [1756080000000, 1.5207358547655068], [1756684800000, 2.430257186081694], [1757289600000, 3.0795086232980333], [1757894400000, 2.4613978819969744], [1758499200000, 2.3469422087745837], [1759104000000, 3.1254777609682294], [1759708800000, 2.7732986384266267], [1760313600000, 2.5757216338880484], [1760918400000, 2.692272314674735], [1761523200000, 2.626377004538578], [1762128000000, 2.9212937972768533], [1762732800000, 2.8225452344931923], [1763337600000, 2.4987594553706507], [1763942400000, 2.3378844175491684], [1764547200000, 2.551268986384266], [1765152000000, 2.491790620272315], [1765756800000, 2.7902995461422084], [1766361600000, 2.5721464447806355], [1766966400000, 2.5858565809379725], [1767571200000, 3.374329803328291], [1768176000000, 3.367905597579425], [1768780800000, 3.3304931921331318], [1769385600000, 3.1030075642965205], [1769990400000, 3.1907800302571863], [1770595200000, 3.0601270801815432], [1771200000000, 3.1703237518910745], [1771804800000, 3.270782450832073], [1771891200000, 3.436056883509833], [1771977600000, 3.3882723146747353], [1772064000000, 3.4058444780635395], [1772409600000, 3.370950680786687], [1772496000000, 3.967383963691377], [1772582400000, 3.7872798789712556], [1772668800000, 4.565482602118003], [1772755200000, 5.543957639939485], [1773014400000, 4.939195158850226], [1773100800000, 5.015043872919818], [1773187200000, 5.533380937972768], [1773273600000, 5.196664447806354], [1773360000000, 4.419848714069592], [1773619200000, 4.108022995461423], [1773705600000, 4.124006051437216], [1773792000000, 4.050304387291982], [1773878400000, 3.8916211800302567], [1773964800000, 3.852647503782148], [1774224000000, 3.702147049924357], [1774310400000, 3.6577621785173977], [1774396800000, 3.7629288956127085], [1774483200000, 3.7487491679273823], [1774569600000, 3.6798487140695917], [1774828800000, 3.4903963691376703], [1774915200000, 3.335905597579425], [1775001600000, 3.445281694402421], [1775088000000, 3.340691074130106], [1775520000000, 3.3990838124054465], [1775606400000, 3.7735019667170953], [1775692800000, 3.8964804841149774], [1775779200000, 4.010799394856278], [1776038400000, 4.038594856278366], [1776124800000, 4.076411497730711], [1776211200000, 4.036515582450831]]}