{"margin_balance": [[1762128000000, 0.00518], [1762732800000, 0.003855], [1763337600000, 0.039835], [1763942400000, 0.0775], [1764547200000, 0.12], [1765152000000, 0.19684], [1765756800000, 0.19908], [1766361600000, 0.2575], [1766966400000, 0.30008], [1767571200000, 0.33184], [1768176000000, 0.45194], [1768780800000, 0.65682], [1769385600000, 1.300825], [1769990400000, 1.47378], [1770595200000, 1.792], [1771200000000, 2.089575], [1771804800000, 2.49884], [1771891200000, 2.508], [1771977600000, 2.42478], [1772064000000, 2.48452], [1772409600000, 2.518655], [1772496000000, 2.4344], [1772582400000, 2.462835], [1772668800000, 2.54496], [1772755200000, 2.16017], [1773014400000, 2.0752], [1773100800000, 2.1417], [1773187200000, 2.12925], [1773273600000, 1.9886], [1773360000000, 1.90641], [1773619200000, 1.8836], [1773705600000, 1.81665], [1773792000000, 1.88743], [1773878400000, 1.83928], [1773964800000, 1.823175], [1774224000000, 1.81926], [1774310400000, 1.80554], [1774396800000, 1.8612], [1774483200000, 2.00896], [1774569600000, 2.02464], [1774828800000, 2.08449], [1774915200000, 1.98816], [1775001600000, 2.0907], [1775088000000, 2.0229], [1775520000000, 2.06687], [1775606400000, 2.03573], [1775692800000, 2.02188], [1775779200000, 2.01795], [1776038400000, 1.99225], [1776124800000, 2.03516], [1776211200000, 2.024065]], "closing_price": [[1750636800000, 159.5], [1751241600000, 153.5], [1751846400000, 149.5], [1752451200000, 137.5], [1753056000000, 138.5], [1753660800000, 136.0], [1754265600000, 135.5], [1754870400000, 132.5], [1755475200000, 126.0], [1756080000000, 130.0], [1756684800000, 133.0], [1757289600000, 123.0], [1757894400000, 137.0], [1758499200000, 133.0], [1759104000000, 133.5], [1759708800000, 134.0], [1760313600000, 131.5], [1760918400000, 127.0], [1761523200000, 126.5], [1762128000000, 129.5], [1762732800000, 128.5], [1763337600000, 128.5], [1763942400000, 125.0], [1764547200000, 125.0], [1765152000000, 129.5], [1765756800000, 126.0], [1766361600000, 125.0], [1766966400000, 124.0], [1767571200000, 122.0], [1768176000000, 118.0], [1768780800000, 123.0], [1769385600000, 152.5], [1769990400000, 159.5], [1770595200000, 160.0], [1771200000000, 166.5], [1771804800000, 179.0], [1771891200000, 176.0], [1771977600000, 171.0], [1772064000000, 173.5], [1772409600000, 176.5], [1772496000000, 170.0], [1772582400000, 169.5], [1772668800000, 176.0], [1772755200000, 168.5], [1773014400000, 160.0], [1773100800000, 165.0], [1773187200000, 167.0], [1773273600000, 163.0], [1773360000000, 163.5], [1773619200000, 170.0], [1773705600000, 165.0], [1773792000000, 173.0], [1773878400000, 166.0], [1773964800000, 166.5], [1774224000000, 162.0], [1774310400000, 159.5], [1774396800000, 165.0], [1774483200000, 172.0], [1774569600000, 171.0], [1774828800000, 171.0], [1774915200000, 163.5], [1775001600000, 172.5], [1775088000000, 165.0], [1775520000000, 169.0], [1775606400000, 167.0], [1775692800000, 166.0], [1775779200000, 165.0], [1776038400000, 162.5], [1776124800000, 166.0], [1776211200000, 165.5]], "margin_ratio": [[1762128000000, 0.010481586402266289], [1762732800000, 0.007800485633346822], [1763337600000, 0.0806050182112505], [1763942400000, 0.15681910157830836], [1764547200000, 0.24281667341157423], [1765152000000, 0.3983002832861189], [1765756800000, 0.4028328611898017], [1766361600000, 0.5210441116956698], [1766966400000, 0.60720356131121], [1767571200000, 0.67146904087414], [1768176000000, 0.9144880615135572], [1768780800000, 1.3290570619182516], [1769385600000, 2.6321833265884256], [1769990400000, 2.9821529745042494], [1770595200000, 3.6260623229461753], [1771200000000, 4.228197086199919], [1771804800000, 5.056333468231485], [1771891200000, 5.074868474301901], [1771977600000, 4.906475111290975], [1772064000000, 5.02735734520437], [1772409600000, 5.0964285714285715], [1772496000000, 4.92594091460947], [1772582400000, 4.983478348846621], [1772668800000, 5.149656009712667], [1772755200000, 4.37104411169567], [1773014400000, 4.1991096721974905], [1773100800000, 4.333670578713072], [1773187200000, 4.308478348846621], [1773273600000, 4.023876972885471], [1773360000000, 3.8575677863213276], [1773619200000, 3.8114123836503437], [1773705600000, 3.6759409146094697], [1773792000000, 3.81916228247673], [1773878400000, 3.7217320922703356], [1773964800000, 3.689144071226224], [1774224000000, 3.6812221772561715], [1774310400000, 3.6534601375961144], [1774396800000, 3.7660866046135166], [1774483200000, 4.065074868474302], [1774569600000, 4.096802913800081], [1774828800000, 4.217907729664104], [1774915200000, 4.022986645082962], [1775001600000, 4.230473492513152], [1775088000000, 4.093282072035613], [1775520000000, 4.182254148118171], [1775606400000, 4.119243221367867], [1775692800000, 4.091218130311614], [1775779200000, 4.0832658842573855], [1776038400000, 4.03126264670174], [1776124800000, 4.118089842169162], [1776211200000, 4.095639417239983]]}