{"margin_balance": [[1764288000000, 0.0033720000000000004], [1764547200000, 0.005004000000000001], [1764633600000, 0.00539], [1764720000000, 0.006635999999999999], [1764806400000, 0.00702], [1764892800000, 0.007321999999999999], [1765152000000, 0.008738], [1765238400000, 0.012627], [1765324800000, 0.012213], [1765411200000, 0.014067], [1765497600000, 0.011396], [1765756800000, 0.012925], [1765843200000, 0.01813], [1765929600000, 0.01841], [1766016000000, 0.01924], [1766102400000, 0.01484], [1766361600000, 0.015051], [1766448000000, 0.015166999999999998], [1766534400000, 0.014588], [1766707200000, 0.01456], [1766966400000, 0.015021999999999997], [1767052800000, 0.016058], [1767139200000, 0.022], [1767312000000, 0.026817999999999995], [1767571200000, 0.020268], [1767657600000, 0.019285], [1767744000000, 0.017696], [1767830400000, 0.018326], [1767916800000, 0.01744], [1768176000000, 0.015834], [1768262400000, 0.015689], [1768348800000, 0.016356], [1768435200000, 0.07854]], "closing_price": [[1606780800000, 78.0], [1609459200000, 74.0], [1612137600000, 78.7], [1614556800000, 77.7], [1617235200000, 75.2], [1619827200000, 63.8], [1622505600000, 63.0], [1625097600000, 64.3], [1627776000000, 59.0], [1630454400000, 56.8], [1633046400000, 57.7], [1635724800000, 50.2], [1638316800000, 49.7], [1640995200000, 49.1], [1642377600000, 48.95], [1642982400000, 49.4], [1643587200000, 49.1], [1644796800000, 48.15], [1645401600000, 48.0], [1646006400000, 47.3], [1646611200000, 46.5], [1647216000000, 45.25], [1647820800000, 44.25], [1648425600000, 45.0], [1649030400000, 44.2], [1649635200000, 43.45], [1650240000000, 44.0], [1650844800000, 41.75], [1651449600000, 42.0], [1652054400000, 40.85], [1652659200000, 40.2], [1653264000000, 40.2], [1653868800000, 40.7], [1654473600000, 41.5], [1655078400000, 41.85], [1655683200000, 41.0], [1656288000000, 41.1], [1656892800000, 39.0], [1657497600000, 38.45], [1658102400000, 38.2], [1658707200000, 38.5], [1659312000000, 39.1], [1659916800000, 40.0], [1660521600000, 43.65], [1661126400000, 49.5], [1661731200000, 47.2], [1662336000000, 45.9], [1662940800000, 45.4], [1663545600000, 45.9], [1664150400000, 41.75], [1664755200000, 38.95], [1665360000000, 40.15], [1665964800000, 39.25], [1666569600000, 38.8], [1667174400000, 38.5], [1667779200000, 40.75], [1668384000000, 42.95], [1668988800000, 43.4], [1669593600000, 43.6], [1670198400000, 44.85], [1670803200000, 44.25], [1671408000000, 43.5], [1672012800000, 43.7], [1672617600000, 43.9], [1672617600000, 42.9], [1673222400000, 46.2], [1673827200000, 46.0], [1675036800000, 47.5], [1675641600000, 46.55], [1676246400000, 48.25], [1676851200000, 60.6], [1677456000000, 73.6], [1678060800000, 69.5], [1678665600000, 74.0], [1679270400000, 93.4], [1679875200000, 95.0], [1680480000000, 93.1], [1681084800000, 105.0], [1681689600000, 121.0], [1682294400000, 139.0], [1682899200000, 123.5], [1683504000000, 121.5], [1684108800000, 118.0], [1684713600000, 114.0], [1685318400000, 116.0], [1685923200000, 108.0], [1686528000000, 98.1], [1687132800000, 101.5], [1687737600000, 102.0], [1688342400000, 97.2], [1688947200000, 91.5], [1689552000000, 99.0], [1690156800000, 105.5], [1690761600000, 95.0], [1691366400000, 92.4], [1691971200000, 89.0], [1692576000000, 84.9], [1693180800000, 85.0], [1693785600000, 91.7], [1694390400000, 89.0], [1694995200000, 84.5], [1695600000000, 87.5], [1696204800000, 91.3], [1696809600000, 86.0], [1697414400000, 83.3], [1698019200000, 83.2], [1698624000000, 81.7], [1699228800000, 77.9], [1699833600000, 80.3], [1700438400000, 84.5], [1701043200000, 82.8], [1701648000000, 87.0], [1702252800000, 82.8], [1702857600000, 82.0], [1703462400000, 82.8], [1704067200000, 81.2], [1704672000000, 81.2], [1705276800000, 80.1], [1705881600000, 79.5], [1706486400000, 80.1], [1707091200000, 79.0], [1707696000000, 81.0], [1708300800000, 80.9], [1708905600000, 80.4], [1709510400000, 77.7], [1710115200000, 74.9], [1710720000000, 74.2], [1711324800000, 71.2], [1711929600000, 71.5], [1712534400000, 70.9], [1713139200000, 65.8], [1713744000000, 64.4], [1714348800000, 67.3], [1714953600000, 63.8], [1715558400000, 64.5], [1716163200000, 63.2], [1716768000000, 63.8], [1717372800000, 70.1], [1717977600000, 73.6], [1718582400000, 72.0], [1719187200000, 70.0], [1719792000000, 71.3], [1720396800000, 73.5], [1721001600000, 69.9], [1721606400000, 67.0], [1722211200000, 66.5], [1722816000000, 56.4], [1723420800000, 55.6], [1724025600000, 55.8], [1724630400000, 53.5], [1725235200000, 52.7], [1725840000000, 53.4], [1726444800000, 52.9], [1727049600000, 53.5], [1727654400000, 53.5], [1728259200000, 52.8], [1728864000000, 52.9], [1729468800000, 64.6], [1730073600000, 58.2], [1730678400000, 68.5], [1731283200000, 57.3], [1731888000000, 58.7], [1732492800000, 55.6], [1733097600000, 64.2], [1733702400000, 56.0], [1734307200000, 54.5], [1734912000000, 56.1], [1736121600000, 56.2], [1736726400000, 54.7], [1737072000000, 53.6], [1737331200000, 53.5], [1737417600000, 53.0], [1737504000000, 53.8], [1738540800000, 54.0], [1738627200000, 54.5], [1738713600000, 55.6], [1738800000000, 55.8], [1738886400000, 59.3], [1739145600000, 58.9], [1739232000000, 57.5], [1739318400000, 57.1], [1739404800000, 57.9], [1739491200000, 57.7], [1739750400000, 57.8], [1739836800000, 58.7], [1739923200000, 58.3], [1740009600000, 58.3], [1740096000000, 58.5], [1740355200000, 56.6], [1740441600000, 56.1], [1740528000000, 56.5], [1740614400000, 56.2], [1740960000000, 54.8], [1741046400000, 55.2], [1741132800000, 55.2], [1741219200000, 56.3], [1741305600000, 57.3], [1741564800000, 56.7], [1741651200000, 55.6], [1741737600000, 55.4], [1741824000000, 56.2], [1741910400000, 55.7], [1742169600000, 55.5], [1742256000000, 55.7], [1742342400000, 55.1], [1742428800000, 55.3], [1742515200000, 56.4], [1742774400000, 59.5], [1742860800000, 57.5], [1742947200000, 56.7], [1743033600000, 56.7], [1743120000000, 53.9], [1743379200000, 52.2], [1743465600000, 52.1], [1743552000000, 52.6], [1743984000000, 47.35], [1744070400000, 42.8], [1744156800000, 39.4], [1744243200000, 43.3], [1744329600000, 43.3], [1744588800000, 47.6], [1744675200000, 48.5], [1744761600000, 47.7], [1744848000000, 46.25], [1744934400000, 46.8], [1745193600000, 46.0], [1745280000000, 45.5], [1745366400000, 46.8], [1745452800000, 47.9], [1745539200000, 49.5], [1745798400000, 51.0], [1745884800000, 50.6], [1745971200000, 49.1], [1746144000000, 49.15], [1746403200000, 47.0], [1746489600000, 47.85], [1746576000000, 47.0], [1746662400000, 48.15], [1746748800000, 46.75], [1747008000000, 48.4], [1747094400000, 48.4], [1747180800000, 49.45], [1747267200000, 49.5], [1747353600000, 48.7], [1747612800000, 48.0], [1747699200000, 48.0], [1747785600000, 48.9], [1747872000000, 48.9], [1747958400000, 47.9], [1748217600000, 47.9], [1748304000000, 48.7], [1748390400000, 47.35], [1748476800000, 47.4], [1748822400000, 45.9], [1748908800000, 46.15], [1748995200000, 46.6], [1749081600000, 46.0], [1749168000000, 46.05], [1749427200000, 46.7], [1749513600000, 45.5], [1749600000000, 44.8], [1749686400000, 44.8], [1749772800000, 44.8], [1750032000000, 45.0], [1750118400000, 44.5], [1750204800000, 44.45], [1750291200000, 43.3], [1750377600000, 43.3], [1750636800000, 41.7], [1750723200000, 42.3], [1750809600000, 43.0], [1750896000000, 43.75], [1750982400000, 44.0], [1751241600000, 44.0], [1751328000000, 43.1], [1751414400000, 43.45], [1751500800000, 43.2], [1751587200000, 42.35], [1751846400000, 44.5], [1751932800000, 43.8], [1752019200000, 43.9], [1752105600000, 42.9], [1752192000000, 43.0], [1752451200000, 42.8], [1752537600000, 44.25], [1752624000000, 43.5], [1752710400000, 44.4], [1752796800000, 44.5], [1753056000000, 43.4], [1753142400000, 43.2], [1753228800000, 43.1], [1753315200000, 43.2], [1753401600000, 43.2], [1753660800000, 43.2], [1753747200000, 43.85], [1753833600000, 44.5], [1753920000000, 44.0], [1754006400000, 43.65], [1754265600000, 44.25], [1754352000000, 45.1], [1754438400000, 45.1], [1754524800000, 45.5], 