{"margin_balance": [[1747612800000, 0.002133], [1748217600000, 0.0172875], [1748822400000, 0.017633], [1749427200000, 0.020064], [1750032000000, 0.006524], [1750636800000, 0.00435], [1751241600000, 0.004294000000000001], [1751846400000, 0.004788], [1752451200000, 0.004557], [1753056000000, 0.005195999999999999], [1753660800000, 0.007104], [1754265600000, 0.00669], [1754870400000, 0.007293000000000001], [1755475200000, 0.007378], [1756080000000, 0.007721999999999999], [1756684800000, 0.0176565], [1757289600000, 0.019975], [1757894400000, 0.013481999999999997], [1758499200000, 0.014673], [1759104000000, 0.0141375], [1759708800000, 0.01392], [1760313600000, 0.013824], [1760918400000, 0.013936000000000002], [1761523200000, 0.01917], [1762128000000, 0.023107999999999997], [1762732800000, 0.021721], [1763337600000, 0.02223], [1763942400000, 0.0208725], [1764547200000, 0.0209875], [1765152000000, 0.021533999999999994], [1765756800000, 0.021887999999999994], [1766361600000, 0.022261], [1766966400000, 0.0231075], [1767571200000, 0.024131], [1768176000000, 0.0159005], [1768780800000, 0.014328], [1769385600000, 0.015867], [1769472000000, 0.016489999999999998], [1769558400000, 0.015996000000000003], [1769644800000, 0.016411999999999996], [1769731200000, 0.016290000000000002], [1769990400000, 0.01704], [1770076800000, 0.017296999999999996], [1770163200000, 0.017296999999999996], [1770249600000, 0.017296999999999996], [1770336000000, 0.016767499999999998], [1770595200000, 0.018954], [1770681600000, 0.018846], [1770768000000, 0.017372], [1771804800000, 0.01795], [1771891200000, 0.0175725], [1771977600000, 0.017088000000000002], [1772064000000, 0.0172755], [1772409600000, 0.017732], [1772496000000, 0.017888], [1772582400000, 0.017808], [1772668800000, 0.0179225], [1772755200000, 0.018136499999999996], [1773014400000, 0.017316], [1773100800000, 0.01776], [1773187200000, 0.017764999999999996], [1773273600000, 0.0176035], [1773360000000, 0.018126000000000003], [1773619200000, 0.018126000000000003], [1773705600000, 0.016695], [1773792000000, 0.017066], [1773878400000, 0.0170665], [1773964800000, 0.0167475], [1774224000000, 0.0176], [1774310400000, 0.020064]], "closing_price": [[1719187200000, 43.0], [1719792000000, 41.95], [1720396800000, 41.2], [1721001600000, 43.5], [1721606400000, 41.7], [1722211200000, 40.25], [1722816000000, 39.9], [1723420800000, 39.6], [1724025600000, 39.35], [1724630400000, 41.5], [1725235200000, 38.8], [1725840000000, 38.0], [1726444800000, 37.3], [1727049600000, 37.5], [1727654400000, 38.0], [1728259200000, 36.9], [1728864000000, 37.6], [1729468800000, 37.15], [1730073600000, 37.8], [1730678400000, 35.5], [1731283200000, 32.0], [1731888000000, 30.8], [1732492800000, 31.75], [1733097600000, 34.0], [1733702400000, 34.05], [1734307200000, 34.2], [1734912000000, 35.35], [1736121600000, 35.3], [1736726400000, 34.4], [1737331200000, 32.25], [1737936000000, 32.4], [1739145600000, 34.85], [1739750400000, 34.75], [1740355200000, 34.85], [1740960000000, 34.2], [1741564800000, 33.1], [1742169600000, 31.65], [1742774400000, 30.5], [1743379200000, 30.85], [1743984000000, 29.95], [1744588800000, 22.5], [1745193600000, 21.9], [1745798400000, 21.05], [1746403200000, 22.0], [1747008000000, 21.75], [1747612800000, 23.7], [1748217600000, 23.05], [1748822400000, 22.9], [1749427200000, 22.8], [1750032000000, 23.3], [1750636800000, 21.75], [1751241600000, 22.6], [1751846400000, 22.8], [1752451200000, 21.7], [1753056000000, 21.65], [1753660800000, 22.2], [1754265600000, 22.3], [1754870400000, 22.1], [1755475200000, 21.7], [1756080000000, 21.45], [1756684800000, 22.35], [1757289600000, 23.5], [1757894400000, 21.4], [1758499200000, 21.9], [1759104000000, 21.75], [1759708800000, 21.75], [1760313600000, 21.6], [1760918400000, 20.8], [1761523200000, 21.3], [1762128000000, 21.2], [1762732800000, 20.3], [1763337600000, 19.0], [1763942400000, 17.25], [1764547200000, 18.25], [1765152000000, 19.4], [1765756800000, 19.2], [1766361600000, 19.7], [1766966400000, 19.75], [1767571200000, 20.45], [1768176000000, 20.65], [1768780800000, 19.9], [1769385600000, 19.35], [1769472000000, 19.4], [1769558400000, 18.6], [1769644800000, 18.65], [1769731200000, 18.1], [1769990400000, 17.75], [1770076800000, 17.65], [1770163200000, 17.65], [1770249600000, 17.65], [1770336000000, 17.65], [1770595200000, 17.55], [1770681600000, 17.45], [1770768000000, 17.2], [1771804800000, 17.95], [1771891200000, 17.75], [1771977600000, 17.8], [1772064000000, 17.45], [1772409600000, 17.05], [1772496000000, 17.2], [1772582400000, 16.8], [1772668800000, 16.75], [1772755200000, 16.95], [1773014400000, 15.6], [1773100800000, 16.0], [1773187200000, 16.15], [1773273600000, 16.15], [1773360000000, 15.9], [1773619200000, 15.9], [1773705600000, 15.75], [1773792000000, 16.1], [1773878400000, 15.95], [1773964800000, 15.95], [1774224000000, 16.0], [1774310400000, 17.6]], "margin_ratio": [[1747612800000, 0.02731113956466069], [1748217600000, 0.22135083226632524], [1748822400000, 0.22577464788732393], [1749427200000, 0.2569014084507042], [1750032000000, 0.08353393085787453], [1750636800000, 0.05569782330345711], [1751241600000, 0.0549807938540333], [1751846400000, 0.061306017925736235], [1752451200000, 0.058348271446863005], [1753056000000, 0.06653008962868118], [1753660800000, 0.09096030729833547], [1754265600000, 0.08565941101152369], [1754870400000, 0.09338028169014086], [1755475200000, 0.09446862996158771], [1756080000000, 0.0988732394366197], [1756684800000, 0.22607554417413572], [1757289600000, 0.2557618437900128], [1757894400000, 0.17262483994878358], [1758499200000, 0.18787451984635084], [1759104000000, 0.18101792573623562], [1759708800000, 0.17823303457106277], [1760313600000, 0.17700384122919335], [1760918400000, 0.178437900128041], [1761523200000, 0.24545454545454545], [1762128000000, 0.29587708066581303], [1762732800000, 0.2781177976952625], [1763337600000, 0.28463508322663256], [1763942400000, 0.26725352112676054], [1764547200000, 0.26872599231754163], [1765152000000, 0.2757234314980793], [1765756800000, 0.2802560819462227], [1766361600000, 0.2850320102432779], [1766966400000, 0.2958706786171575], [1767571200000, 0.30897567221510885], [1768176000000, 0.20359154929577467], [1768780800000, 0.1834571062740077], [1769385600000, 0.20316261203585148], [1769472000000, 0.21113956466069142], [1769558400000, 0.2048143405889885], [1769644800000, 0.21014084507042252], [1769731200000, 0.20857874519846353], [1769990400000, 0.2181818181818182], [1770076800000, 0.221472471190781], [1770163200000, 0.221472471190781], [1770249600000, 0.221472471190781], [1770336000000, 0.21469270166453264], [1770595200000, 0.24268886043533933], [1770681600000, 0.24130601792573628], [1770768000000, 0.2224327784891165], [1771804800000, 0.2298335467349552], [1771891200000, 0.22500000000000003], [1771977600000, 0.21879641485275295], [1772064000000, 0.22119718309859154], [1772409600000, 0.22704225352112678], [1772496000000, 0.22903969270166455], [1772582400000, 0.2280153649167734], [1772668800000, 0.2294814340588989], [1772755200000, 0.2322215108834827], [1773014400000, 0.22171574903969274], [1773100800000, 0.22740076824583869], [1773187200000, 0.22746478873239434], [1773273600000, 0.22539692701664538], [1773360000000, 0.23208706786171582], [1773619200000, 0.23208706786171582], [1773705600000, 0.21376440460947504], [1773792000000, 0.21851472471190783], [1773878400000, 0.21852112676056337], [1773964800000, 0.21443661971830985], [1774224000000, 0.22535211267605634], [1774310400000, 0.2569014084507042]]}