{"margin_balance": [[1763337600000, 0.89352], [1763424000000, 0.18952600000000003], [1763510400000, 0.083664], [1763596800000, 0.07623], [1763683200000, 0.166896], [1763942400000, 0.201985], [1764028800000, 0.08976], [1764115200000, 0.060695], [1764201600000, 0.137], [1764288000000, 0.138305], [1764547200000, 0.03571200000000001], [1764633600000, 0.090545], [1764720000000, 0.270875], [1764806400000, 0.047775], [1764892800000, 0.031072], [1765152000000, 0.069083], [1765238400000, 0.24363899999999997], [1765324800000, 0.072457], [1765411200000, 0.08789], [1765497600000, 0.08303699999999999], [1765756800000, 0.0466], [1765843200000, 0.010043], [1765929600000, 0.08784], [1766016000000, 0.015385], [1766102400000, 0.014912], [1766361600000, 0.04545], [1766448000000, 0.01456], [1766534400000, 0.067379], [1766707200000, 0.02852], [1766966400000, 0.01656], [1767052800000, 0.070528], [1767139200000, 0.02883], [1767312000000, 0.028799], [1767571200000, 0.026796000000000004], [1767657600000, 0.02733], [1767744000000, 0.064255], [1767830400000, 0.02534], [1767916800000, 0.01844], [1768176000000, 0.03185], [1768262400000, 0.024435], [1768348800000, 0.038829], [1768435200000, 0.011856000000000002], [1768521600000, 0.02668], [1768780800000, 0.022875], [1768867200000, 0.017138], [1768953600000, 0.008199], [1769040000000, 0.012683999999999997], [1769126400000, 0.010871999999999998], [1769385600000, 0.04732], [1769472000000, 0.0182], [1769558400000, 0.062376], [1769644800000, 0.0387], [1769731200000, 0.041877], [1769990400000, 0.01068], [1770076800000, 0.007128], [1770163200000, 0.007104], [1770249600000, 0.01232], [1770336000000, 0.01513]], "closing_price": [[1763337600000, 102.0], [1763424000000, 98.2], [1763510400000, 99.6], [1763596800000, 99.0], [1763683200000, 97.6], [1763942400000, 101.5], [1764028800000, 102.0], [1764115200000, 99.5], [1764201600000, 100.0], [1764288000000, 99.5], [1764547200000, 99.2], [1764633600000, 99.5], [1764720000000, 98.5], [1764806400000, 97.5], [1764892800000, 97.1], [1765152000000, 97.3], [1765238400000, 96.3], [1765324800000, 94.1], [1765411200000, 93.5], [1765497600000, 93.3], [1765756800000, 93.2], [1765843200000, 91.3], [1765929600000, 91.5], [1766016000000, 90.5], [1766102400000, 93.2], [1766361600000, 90.9], [1766448000000, 91.0], [1766534400000, 92.3], [1766707200000, 92.0], [1766966400000, 92.0], [1767052800000, 92.8], [1767139200000, 93.0], [1767312000000, 92.9], [1767571200000, 92.4], [1767657600000, 91.1], [1767744000000, 90.5], [1767830400000, 90.5], [1767916800000, 92.2], [1768176000000, 91.0], [1768262400000, 90.5], [1768348800000, 90.3], [1768435200000, 91.2], [1768521600000, 92.0], [1768780800000, 91.5], [1768867200000, 90.2], [1768953600000, 91.1], [1769040000000, 90.6], [1769126400000, 90.6], [1769385600000, 91.0], [1769472000000, 91.0], [1769558400000, 90.4], [1769644800000, 90.0], [1769731200000, 89.1], [1769990400000, 89.0], [1770076800000, 89.1], [1770163200000, 88.8], [1770249600000, 88.0], [1770336000000, 89.0]], "margin_ratio": [[1763337600000, 3.2946902654867256], [1763424000000, 0.6988421828908555], [1763510400000, 0.30849557522123894], [1763596800000, 0.2810840707964602], [1763683200000, 0.6153982300884956], [1763942400000, 0.7447824483775811], [1764028800000, 0.33097345132743367], [1764115200000, 0.22380162241887905], [1764201600000, 0.5051622418879056], [1764288000000, 0.5099741887905604], [1764547200000, 0.13168141592920357], [1764633600000, 0.333867994100295], [1764720000000, 0.9988016224188789], [1764806400000, 0.17616150442477876], [1764892800000, 0.11457227138643067], [1765152000000, 0.25473082595870206], [1765238400000, 0.8983738938053095], [1765324800000, 0.26717182890855457], [1765411200000, 0.3240781710914454], [1765497600000, 0.306183628318584], [1765756800000, 0.17182890855457225], [1765843200000, 0.03703171091445427], [1765929600000, 0.3238938053097345], [1766016000000, 0.05672935103244837], [1766102400000, 0.054985250737463125], [1766361600000, 0.16758849557522124], [1766448000000, 0.05368731563421829], [1766534400000, 0.24844764011799406], [1766707200000, 0.10516224188790561], [1766966400000, 0.06106194690265486], [1767052800000, 0.26005899705014746], [1767139200000, 0.10630530973451328], [1767312000000, 0.10619100294985251], [1767571200000, 0.09880530973451329], [1767657600000, 0.10077433628318583], [1767744000000, 0.23692846607669618], [1767830400000, 0.09343657817109145], [1767916800000, 0.06799410029498526], [1768176000000, 0.11744100294985252], [1768262400000, 0.09009955752212388], [1768348800000, 0.14317477876106194], [1768435200000, 0.043716814159292045], [1768521600000, 0.09837758112094394], [1768780800000, 0.08434734513274336], [1768867200000, 0.06319321533923304], [1768953600000, 0.030232300884955748], [1769040000000, 0.04676991150442477], [1769126400000, 0.04008849557522123], [1769385600000, 0.17448377581120944], [1769472000000, 0.06710914454277286], [1769558400000, 0.22999999999999998], [1769644800000, 0.1426991150442478], [1769731200000, 0.15441371681415927], [1769990400000, 0.03938053097345132], [1770076800000, 0.026283185840707962], [1770163200000, 0.026194690265486723], [1770249600000, 0.045427728613569314], [1770336000000, 0.05578908554572271]]}