{"margin_balance": [[1758499200000, 0.011592], [1759104000000, 0.013891], [1759708800000, 0.017649], [1760313600000, 0.021], [1760918400000, 0.0200285], [1761523200000, 0.0178895], [1762128000000, 0.0207], [1762732800000, 0.01806], [1763337600000, 0.017632], [1763942400000, 0.016419], [1764547200000, 0.022984], [1765152000000, 0.026442999999999994], [1765756800000, 0.03654], [1766361600000, 0.03036], [1766966400000, 0.03772], [1767571200000, 0.032696], [1768176000000, 0.025536], [1768780800000, 0.039779999999999996], [1769385600000, 0.0517], [1769990400000, 0.05966400000000001], [1770595200000, 0.04906], [1771200000000, 0.05208], [1771804800000, 0.05255400000000001], [1771891200000, 0.05261099999999999], [1771977600000, 0.051754], [1772064000000, 0.05312799999999999], [1772409600000, 0.0534905], [1772496000000, 0.053631], [1772582400000, 0.0529375], [1772668800000, 0.054243], [1772755200000, 0.06052], [1773014400000, 0.060771], [1773100800000, 0.063206], [1773187200000, 0.061824], [1773273600000, 0.06258], [1773360000000, 0.06435], [1773619200000, 0.06612], [1773705600000, 0.067473], [1773792000000, 0.06762], [1773878400000, 0.067118], [1773964800000, 0.0698275], [1774224000000, 0.06942], [1774310400000, 0.070044], [1774396800000, 0.07192], [1774483200000, 0.072], [1774569600000, 0.07217099999999999], [1774828800000, 0.06885], [1774915200000, 0.0672705], [1775001600000, 0.07458000000000001], [1775088000000, 0.08228], [1775520000000, 0.109996], [1775606400000, 0.15707], [1775692800000, 0.124705], [1775779200000, 0.192296], [1776038400000, 0.232092], [1776124800000, 0.24477], [1776211200000, 0.26649]], "closing_price": [[1750636800000, 56.2], [1751241600000, 60.0], [1751846400000, 59.8], [1752451200000, 57.8], [1753056000000, 55.7], [1753660800000, 51.0], [1754265600000, 50.1], [1754870400000, 49.95], [1755475200000, 45.9], [1756080000000, 41.1], [1756684800000, 44.1], [1757289600000, 44.1], [1757894400000, 43.9], [1758499200000, 50.4], [1759104000000, 47.9], [1759708800000, 47.7], [1760313600000, 50.0], [1760918400000, 48.85], [1761523200000, 48.35], [1762128000000, 45.0], [1762732800000, 45.15], [1763337600000, 46.4], [1763942400000, 42.1], [1764547200000, 44.2], [1765152000000, 42.65], [1765756800000, 43.5], [1766361600000, 44.0], [1766966400000, 47.15], [1767571200000, 48.8], [1768176000000, 44.8], [1768780800000, 46.8], [1769385600000, 47.0], [1769990400000, 45.2], [1770595200000, 44.6], [1771200000000, 46.5], [1771804800000, 46.1], [1771891200000, 46.15], [1771977600000, 45.8], [1772064000000, 45.8], [1772409600000, 44.95], [1772496000000, 45.45], [1772582400000, 43.75], [1772668800000, 44.1], [1772755200000, 44.5], [1773014400000, 43.1], [1773100800000, 44.2], [1773187200000, 44.8], [1773273600000, 44.7], [1773360000000, 45.0], [1773619200000, 45.6], [1773705600000, 45.9], [1773792000000, 46.0], [1773878400000, 45.35], [1773964800000, 45.05], [1774224000000, 44.5], [1774310400000, 44.9], [1774396800000, 44.95], [1774483200000, 45.0], [1774569600000, 44.55], [1774828800000, 45.0], [1774915200000, 44.55], [1775001600000, 45.2], [1775088000000, 46.75], [1775520000000, 51.4], [1775606400000, 56.5], [1775692800000, 50.9], [1775779200000, 55.9], [1776038400000, 61.4], [1776124800000, 59.7], [1776211200000, 63.0]], "margin_ratio": [[1758499200000, 0.056271844660194165], [1759104000000, 0.06743203883495145], [1759708800000, 0.0856747572815534], [1760313600000, 0.10194174757281553], [1760918400000, 0.09722572815533981], [1761523200000, 0.08684223300970872], [1762128000000, 0.10048543689320387], [1762732800000, 0.08766990291262135], [1763337600000, 0.08559223300970872], [1763942400000, 0.07970388349514562], [1764547200000, 0.11157281553398057], [1765152000000, 0.12836407766990288], [1765756800000, 0.17737864077669904], [1766361600000, 0.14737864077669902], [1766966400000, 0.18310679611650482], [1767571200000, 0.15871844660194173], [1768176000000, 0.12396116504854368], [1768780800000, 0.19310679611650483], [1769385600000, 0.25097087378640776], [1769990400000, 0.2896310679611651], [1770595200000, 0.23815533980582523], [1771200000000, 0.25281553398058254], [1771804800000, 0.255116504854369], [1771891200000, 0.25539320388349507], [1771977600000, 0.25123300970873785], [1772064000000, 0.2579029126213591], [1772409600000, 0.2596626213592233], [1772496000000, 0.26034466019417474], [1772582400000, 0.2569781553398058], [1772668800000, 0.2633155339805825], [1772755200000, 0.2937864077669903], [1773014400000, 0.295004854368932], [1773100800000, 0.3068252427184466], [1773187200000, 0.3001165048543689], [1773273600000, 0.30378640776699023], [1773360000000, 0.312378640776699], [1773619200000, 0.32097087378640776], [1773705600000, 0.3275388349514563], [1773792000000, 0.328252427184466], [1773878400000, 0.3258155339805825], [1773964800000, 0.3389684466019417], [1774224000000, 0.33699029126213587], [1774310400000, 0.3400194174757281], [1774396800000, 0.34912621359223295], [1774483200000, 0.3495145631067961], [1774569600000, 0.35034466019417465], [1774828800000, 0.3342233009708737], [1774915200000, 0.3265558252427184], [1775001600000, 0.36203883495145633], [1775088000000, 0.39941747572815534], [1775520000000, 0.5339611650485436], [1775606400000, 0.7624757281553397], [1775692800000, 0.6053640776699029], [1775779200000, 0.9334757281553397], [1776038400000, 1.1266601941747572], [1776124800000, 1.1882038834951454], [1776211200000, 1.2936407766990292]]}