{"margin_balance": [[1764288000000, 0.0033720000000000004], [1764547200000, 0.005004000000000001], [1764633600000, 0.00539], [1764720000000, 0.006635999999999999], [1764806400000, 0.00702], [1764892800000, 0.007321999999999999], [1765152000000, 0.008738], [1765238400000, 0.012627], [1765324800000, 0.012213], [1765411200000, 0.014067], [1765497600000, 0.011396], [1765756800000, 0.012925], [1765843200000, 0.01813], [1765929600000, 0.01841], [1766016000000, 0.01924], [1766102400000, 0.01484], [1766361600000, 0.015051], [1766448000000, 0.015166999999999998], [1766534400000, 0.014588], [1766707200000, 0.01456], [1766966400000, 0.015021999999999997], [1767052800000, 0.016058], [1767139200000, 0.022], [1767312000000, 0.026817999999999995], [1767571200000, 0.020268], [1767657600000, 0.019285], [1767744000000, 0.017696], [1767830400000, 0.018326], [1767916800000, 0.01744], [1768176000000, 0.015834], [1768262400000, 0.015689], [1768348800000, 0.016356], [1768435200000, 0.07854], [1768521600000, 0.100724], [1768780800000, 0.10098], [1768867200000, 0.193288], [1768953600000, 0.193065], [1769040000000, 0.33199199999999995], [1769126400000, 0.296367], [1769385600000, 0.31579199999999996], [1769472000000, 0.29105100000000006], [1769558400000, 0.324084], [1769644800000, 0.312273], [1769731200000, 0.2976], [1769990400000, 0.282593], [1770076800000, 0.156975], [1770163200000, 0.13282], [1770249600000, 0.09193199999999999], [1770336000000, 0.087606], [1770595200000, 0.09056], [1770681600000, 0.083956], [1770768000000, 0.084107], [1771804800000, 0.087216], [1771891200000, 0.085576], [1771977600000, 0.0828], [1772064000000, 0.086944], [1772409600000, 0.087626], [1772496000000, 0.087606], [1772582400000, 0.082926], [1772668800000, 0.088705], [1772755200000, 0.085715], [1773014400000, 0.079101], [1773100800000, 0.08058], [1773187200000, 0.08221200000000001], [1773273600000, 0.081375], [1773360000000, 0.0798], [1773619200000, 0.084214], [1773705600000, 0.0872], [1773792000000, 0.08586], [1773878400000, 0.08033200000000001], [1773964800000, 0.08208], [1774224000000, 0.079952], [1774310400000, 0.08023400000000001], [1774396800000, 0.07998], [1774483200000, 0.0819], [1774569600000, 0.07956], [1774828800000, 0.07746299999999999], [1774915200000, 0.074148], [1775001600000, 0.0756], [1775088000000, 0.07575], [1775520000000, 0.076104], [1775606400000, 0.076406], [1775692800000, 0.080445], [1775779200000, 0.078848], [1776038400000, 0.07998], [1776124800000, 0.0832]], "closing_price": [[1606780800000, 78.0], [1609459200000, 74.0], [1612137600000, 78.7], [1614556800000, 77.7], [1617235200000, 75.2], [1619827200000, 63.8], [1622505600000, 63.0], [1625097600000, 64.3], [1627776000000, 59.0], [1630454400000, 56.8], [1633046400000, 57.7], [1635724800000, 50.2], [1638316800000, 49.7], [1640995200000, 49.1], [1643673600000, 47.3], [1646092800000, 44.45], [1648771200000, 42.0], [1744761600000, 47.7], [1744848000000, 46.25], [1744934400000, 46.8], [1745193600000, 46.0], [1745280000000, 45.5], [1745366400000, 46.8], [1745452800000, 47.9], [1745539200000, 49.5], [1745798400000, 51.0], [1745884800000, 50.6], [1745971200000, 49.1], [1746144000000, 49.15], [1746403200000, 47.0], [1746489600000, 47.85], [1746576000000, 47.0], [1746662400000, 48.15], [1746748800000, 46.75], [1747008000000, 48.4], [1747094400000, 48.4], [1747180800000, 49.45], [1747267200000, 49.5], [1747353600000, 48.7], [1747612800000, 48.0], [1747699200000, 48.0], [1747785600000, 48.9], [1747872000000, 48.9], [1747958400000, 47.9], [1748217600000, 47.9], [1748304000000, 48.7], [1748390400000, 47.35], [1748476800000, 47.4], [1748822400000, 45.9], [1748908800000, 46.15], [1748995200000, 46.6], [1749081600000, 46.0], [1749168000000, 46.05], [1749427200000, 46.7], [1749513600000, 45.5], [1749600000000, 44.8], [1749686400000, 44.8], [1749772800000, 44.8], [1750032000000, 45.0], [1750118400000, 44.5], [1750204800000, 44.45], [1750291200000, 43.3], [1750377600000, 43.3], [1750636800000, 41.7], [1750723200000, 42.3], [1750809600000, 43.0], [1750896000000, 43.75], [1750982400000, 44.0], [1751241600000, 44.0], [1751328000000, 43.1], [1751414400000, 43.45], [1751500800000, 43.2], [1751587200000, 42.35], [1751846400000, 44.5], [1751932800000, 43.8], [1752019200000, 43.9], [1752105600000, 42.9], [1752192000000, 43.0], [1752451200000, 42.8], [1752537600000, 44.25], [1752624000000, 43.5], [1752710400000, 44.4], [1752796800000, 44.5], [1753056000000, 43.4], [1753142400000, 43.2], [1753228800000, 43.1], [1753315200000, 43.2], [1753401600000, 43.2], [1753660800000, 43.2], [1753747200000, 43.85], [1753833600000, 44.5], [1753920000000, 44.0], [1754006400000, 43.65], [1754265600000, 44.25], [1754352000000, 45.1], [1754438400000, 45.1], [1754524800000, 45.5], [1754611200000, 45.05], [1754870400000, 45.1], [1754956800000, 45.2], [1755043200000, 46.9], [1755129600000, 47.6], [1755216000000, 46.7], [1755475200000, 47.25], [1755561600000, 47.0], [1755648000000, 46.9], [1755734400000, 46.9], [1755820800000, 47.8], [1756080000000, 46.9], [1756166400000, 47.1], [1756252800000, 48.0], [1756339200000, 47.9], [1756425600000, 47.5], [1756684800000, 46.5], [1756771200000, 46.65], [1756857600000, 46.2], [1756944000000, 46.3], [1757030400000, 46.1], [1757289600000, 45.85], [1757376000000, 46.1], [1757462400000, 46.0], [1757548800000, 45.7], [1757635200000, 45.85], [1757894400000, 45.0], [1757980800000, 45.0], [1758067200000, 45.8], [1758153600000, 44.8], [1758240000000, 44.9], [1758499200000, 45.1], [1758585600000, 45.0], [1758672000000, 44.55], [1758758400000, 44.3], [1758844800000, 43.8], [1759190400000, 44.8], [1759276800000, 44.9], [1759363200000, 44.6], [1759449600000, 44.05], [1759795200000, 44.05], [1759881600000, 44.0], [1759968000000, 43.7], [1760313600000, 43.3], [1760400000000, 43.05], [1760486400000, 43.1], [1760572800000, 43.1], [1760659200000, 43.55], [1760918400000, 43.45], [1761004800000, 43.9], [1761091200000, 43.55], [1761177600000, 43.25], [1761523200000, 43.3], [1761609600000, 43.5], [1761696000000, 43.2], [1761782400000, 43.2], [1761868800000, 43.8], [1762128000000, 44.1], [1762214400000, 42.65], [1762300800000, 46.9], [1762387200000, 51.5], [1762473600000, 56.6], [1762732800000, 52.6], [1762819200000, 57.6], [1762905600000, 56.0], [1762992000000, 56.3], [1763078400000, 61.9], [1763337600000, 62.9], [1763424000000, 63.0], [1763510400000, 65.0], [1763596800000, 62.6], [1763683200000, 56.9], [1763942400000, 55.6], [1764028800000, 56.5], [1764115200000, 55.5], [1764201600000, 56.5], [1764288000000, 56.2], [1764547200000, 55.6], [1764633600000, 53.9], [1764720000000, 55.3], [1764806400000, 54.0], [1764892800000, 52.3], [1765152000000, 51.4], [1765238400000, 54.9], [1765324800000, 53.1], [1765411200000, 52.1], [1765497600000, 51.8], [1765756800000, 51.7], [1765843200000, 51.8], [1765929600000, 52.6], [1766016000000, 52.0], [1766102400000, 53.0], [1766361600000, 51.9], [1766448000000, 52.3], [1766534400000, 52.1], [1766707200000, 52.0], [1766966400000, 51.8], [1767052800000, 51.8], [1767139200000, 55.0], [1767312000000, 58.3], [1767571200000, 56.3], [1767657600000, 55.1], [1767744000000, 55.3], [1767830400000, 53.9], [1767916800000, 54.5], [1768176000000, 54.6], [1768262400000, 54.1], [1768348800000, 56.4], [1768435200000, 59.5], [1768521600000, 59.6], [1768780800000, 59.4], [1768867200000, 65.3], [1768953600000, 63.3], [1769040000000, 69.6], [1769126400000, 66.9], [1769385600000, 68.8], [1769472000000, 65.7], [1769558400000, 67.8], [1769644800000, 66.3], [1769731200000, 64.0], [1769990400000, 61.3], [1770076800000, 57.5], [1770163200000, 58.0], [1770249600000, 56.4], [1770336000000, 55.8], [1770595200000, 56.6], [1770681600000, 55.6], [1770768000000, 55.7], [1771804800000, 55.2], [1771891200000, 56.3], [1771977600000, 55.2], [1772064000000, 57.2], [1772409600000, 56.9], [1772496000000, 55.8], [1772582400000, 54.2], [1772668800000, 56.5], [1772755200000, 55.3], [1773014400000, 51.7], [1773100800000, 51.0], [1773187200000, 52.7], [1773273600000, 