{"margin_balance": [[1751241600000, 0.004671], [1751846400000, 0.0037240000000000007], [1752451200000, 0.0076019999999999985], [1753056000000, 0.0105], [1753660800000, 0.014235], [1754265600000, 0.01786], [1754870400000, 0.013456], [1755475200000, 0.023161000000000005], [1756080000000, 0.025433], [1756684800000, 0.02436], [1757289600000, 0.02332], [1757894400000, 0.02275], [1758499200000, 0.02616], [1759104000000, 0.026102000000000004], [1759708800000, 0.03291600000000001], [1760313600000, 0.028118], [1760918400000, 0.0324295], [1761523200000, 0.031236], [1762128000000, 0.05331700000000001], [1762732800000, 0.059345], [1763337600000, 0.038493], [1763942400000, 0.04274650000000001], [1764547200000, 0.0422625], [1765152000000, 0.04035], [1765756800000, 0.04623], [1766361600000, 0.04674150000000001], [1766966400000, 0.0472], [1767571200000, 0.04674150000000001], [1768176000000, 0.03925], [1768780800000, 0.032595], [1769385600000, 0.036642], [1769990400000, 0.0388], [1770595200000, 0.038758999999999995], [1771200000000, 0.038906], [1771804800000, 0.0386545], [1771891200000, 0.038709], [1771977600000, 0.03474], [1772064000000, 0.034143999999999994], [1772409600000, 0.03388], [1772496000000, 0.034155000000000005], [1772582400000, 0.033615], [1772668800000, 0.033705000000000006], [1772755200000, 0.03427], [1773014400000, 0.0333405], [1773100800000, 0.033417], [1773187200000, 0.044709500000000006], [1773273600000, 0.036764], [1773360000000, 0.0359], [1773619200000, 0.034937], [1773705600000, 0.0354915], [1773792000000, 0.034726], [1773878400000, 0.032968500000000005], [1773964800000, 0.032922], [1774224000000, 0.031924], [1774310400000, 0.031832000000000006], [1774396800000, 0.03325], [1774483200000, 0.0333925], [1774569600000, 0.033155], [1774828800000, 0.032965], [1774915200000, 0.033216], [1775001600000, 0.033562], [1775088000000, 0.033610499999999995], [1775520000000, 0.033610499999999995], [1775606400000, 0.033610499999999995], [1775692800000, 0.033756], [1775779200000, 0.0337075], [1776038400000, 0.0343], [1776124800000, 0.034251000000000004], [1776211200000, 0.0343]], "closing_price": [[1732492800000, 71.9], [1733097600000, 71.2], [1733702400000, 70.0], [1734307200000, 71.4], [1734912000000, 70.3], [1736121600000, 70.6], [1736726400000, 69.5], [1737331200000, 68.8], [1737936000000, 69.3], [1739145600000, 68.8], [1739750400000, 71.0], [1740355200000, 71.4], [1740960000000, 69.8], [1741564800000, 69.9], [1742169600000, 69.5], [1742774400000, 68.3], [1743379200000, 66.6], [1743984000000, 63.7], [1744588800000, 58.8], [1745193600000, 59.5], [1745798400000, 60.3], [1746403200000, 61.4], [1747008000000, 55.9], [1747612800000, 55.7], [1748217600000, 54.5], [1748822400000, 54.1], [1749427200000, 53.2], [1750032000000, 52.0], [1750636800000, 51.5], [1751241600000, 51.9], [1751846400000, 53.2], [1752451200000, 54.3], [1753056000000, 50.0], [1753660800000, 47.45], [1754265600000, 47.0], [1754870400000, 46.4], [1755475200000, 43.7], [1756080000000, 43.85], [1756684800000, 43.5], [1757289600000, 44.0], [1757894400000, 43.75], [1758499200000, 43.6], [1759104000000, 42.1], [1759708800000, 42.2], [1760313600000, 41.35], [1760918400000, 41.05], [1761523200000, 41.1], [1762128000000, 40.7], [1762732800000, 41.5], [1763337600000, 40.95], [1763942400000, 39.95], [1764547200000, 40.25], [1765152000000, 40.35], [1765756800000, 40.2], [1766361600000, 39.95], [1766966400000, 40.0], [1767571200000, 39.95], [1768176000000, 39.25], [1768780800000, 39.75], [1769385600000, 39.4], [1769990400000, 40.0], [1770595200000, 39.55], [1771200000000, 39.7], [1771804800000, 39.85], [1771891200000, 39.1], [1771977600000, 38.6], [1772064000000, 38.8], [1772409600000, 38.5], [1772496000000, 37.95], [1772582400000, 37.35], [1772668800000, 37.45], [1772755200000, 37.25], [1773014400000, 35.85], [1773100800000, 35.55], [1773187200000, 36.95], [1773273600000, 36.4], [1773360000000, 35.9], [1773619200000, 35.65], [1773705600000, 35.85], [1773792000000, 35.8], [1773878400000, 35.45], [1773964800000, 35.4], [1774224000000, 34.7], [1774310400000, 34.6], [1774396800000, 35.0], [1774483200000, 35.15], [1774569600000, 34.9], [1774828800000, 34.7], [1774915200000, 34.6], [1775001600000, 34.6], [1775088000000, 34.65], [1775520000000, 34.65], [1775606400000, 34.65], [1775692800000, 34.8], [1775779200000, 34.75], [1776038400000, 35.0], [1776124800000, 34.95], [1776211200000, 35.0]], "margin_ratio": [[1751241600000, 0.020203287197231832], [1751846400000, 0.016107266435986162], [1752451200000, 0.032880622837370234], [1753056000000, 0.04541522491349481], [1753660800000, 0.06157006920415224], [1754265600000, 0.07724913494809689], [1754870400000, 0.058200692041522485], [1755475200000, 0.10017733564013842], [1756080000000, 0.11000432525951558], [1756684800000, 0.10536332179930795], [1757289600000, 0.10086505190311419], [1757894400000, 0.09839965397923875], [1758499200000, 0.11314878892733564], [1759104000000, 0.11289792387543253], [1759708800000, 0.1423702422145329], [1760313600000, 0.12161764705882352], [1760918400000, 0.1402660034602076], [1761523200000, 0.1351038062283737], [1762128000000, 0.23060986159169553], [1762732800000, 0.2566825259515571], [1763337600000, 0.16649221453287197], [1763942400000, 0.18488970588235296], [1764547200000, 0.1827962802768166], [1765152000000, 0.1745242214532872], [1765756800000, 0.19995674740484426], [1766361600000, 0.20216911764705886], [1766966400000, 0.20415224913494806], [1767571200000, 0.20216911764705886], [1768176000000, 0.16976643598615918], [1768780800000, 0.14098183391003458], [1769385600000, 0.15848615916955017], [1769990400000, 0.16782006920415227], [1770595200000, 0.16764273356401382], [1771200000000, 0.16827854671280276], [1771804800000, 0.16719074394463668], [1771891200000, 0.1674264705882353], [1771977600000, 0.15025951557093425], [1772064000000, 0.14768166089965395], [1772409600000, 0.14653979238754325], [1772496000000, 0.14772923875432528], [1772582400000, 0.14539359861591694], [1772668800000, 0.14578287197231837], [1772755200000, 0.14822664359861593], [1773014400000, 0.14420631487889274], [1773100800000, 0.14453719723183392], [1773187200000, 0.1933801903114187], [1773273600000, 0.1590138408304498], [1773360000000, 0.15527681660899653], [1773619200000, 0.15111159169550173], [1773705600000, 0.1535099480968858], [1773792000000, 0.15019896193771626], [1773878400000, 0.14259731833910036], [1773964800000, 0.1423961937716263], [1774224000000, 0.1380795847750865], [1774310400000, 0.137681660899654], [1774396800000, 0.14381487889273356], [1774483200000, 0.1444312283737024], [1774569600000, 0.1434039792387543], [1774828800000, 0.14258217993079583], [1774915200000, 0.14366782006920417], [1775001600000, 0.14516435986159168], [1775088000000, 0.14537413494809687], [1775520000000, 0.14537413494809687], [1775606400000, 0.14537413494809687], [1775692800000, 0.14600346020761246], [1775779200000, 0.14579368512110727], [1776038400000, 0.14835640138408304], [1776124800000, 0.14814446366782008], [1776211200000, 0.14835640138408304]]}