{"margin_balance": [[1750032000000, 0.03336], [1750636800000, 1.59216], [1751241600000, 2.667], [1751846400000, 3.93537], [1752451200000, 3.41439], [1753056000000, 4.94892], [1753660800000, 3.48004], [1754265600000, 3.67233], [1754870400000, 3.85924], [1755475200000, 4.0602], [1756080000000, 4.11466], [1756684800000, 4.21131], [1757289600000, 4.13218], [1757894400000, 4.28032], [1758499200000, 3.69026], [1759104000000, 3.49842], [1759708800000, 3.43296], [1760313600000, 3.3915], [1760918400000, 3.1293], [1761523200000, 3.24198], [1762128000000, 3.23757], [1762732800000, 3.33888], [1763337600000, 3.23778], [1763942400000, 3.08047], [1764547200000, 3.23752], [1765152000000, 3.33504], [1765756800000, 3.42216], [1766361600000, 3.34572], [1766966400000, 3.28073], [1767571200000, 3.28662], [1768176000000, 3.42722], [1768780800000, 3.3264], [1769385600000, 4.0872], [1769990400000, 2.69808], [1770595200000, 2.28375], [1771200000000, 2.03775], [1771804800000, 2.03202], [1771891200000, 1.95953], [1771977600000, 1.9113], [1772064000000, 1.93239], [1772409600000, 1.96504], [1772496000000, 1.98534], [1772582400000, 1.76402], [1772668800000, 1.817725], [1772755200000, 1.78296], [1773014400000, 1.40262], [1773100800000, 1.43416], [1773187200000, 1.38215], [1773273600000, 1.299905], [1773360000000, 1.32778], [1773619200000, 1.3899], [1773705600000, 1.3735], [1773792000000, 1.55354], [1773878400000, 1.6104], [1773964800000, 1.594855], [1774224000000, 1.76963], [1774310400000, 1.78856], [1774396800000, 1.85614], [1774483200000, 1.872], [1774569600000, 1.904815], [1774828800000, 1.84492], [1774915200000, 1.649745], [1775001600000, 1.658165], [1775088000000, 1.65], [1775520000000, 1.6555], [1775606400000, 1.736725], [1775692800000, 1.73148], [1775779200000, 1.73762], [1776038400000, 1.715175], [1776124800000, 1.71129], [1776211200000, 1.71105]], "closing_price": [[1733097600000, 499.0], [1733702400000, 476.0], [1734307200000, 439.0], [1734912000000, 477.0], [1736121600000, 487.0], [1736726400000, 585.0], [1737331200000, 651.0], [1737936000000, 743.0], [1739145600000, 840.0], [1739750400000, 825.0], [1740355200000, 806.0], [1740960000000, 769.0], [1741564800000, 776.0], [1742169600000, 730.0], [1742774400000, 677.0], [1743379200000, 685.0], [1743984000000, 627.0], [1744588800000, 583.0], [1745193600000, 610.0], [1745798400000, 621.0], [1746403200000, 607.0], [1747008000000, 620.0], [1747612800000, 628.0], [1748217600000, 619.0], [1748822400000, 599.0], [1749427200000, 556.0], [1750032000000, 556.0], [1750636800000, 642.0], [1751241600000, 762.0], [1751846400000, 699.0], [1752451200000, 687.0], [1753056000000, 708.0], [1753660800000, 722.0], [1754265600000, 733.0], [1754870400000, 716.0], [1755475200000, 670.0], [1756080000000, 649.0], [1756684800000, 613.0], [1757289600000, 598.0], [1757894400000, 608.0], [1758499200000, 613.0], [1759104000000, 597.0], [1759708800000, 596.0], [1760313600000, 595.0], [1760918400000, 570.0], [1761523200000, 581.0], [1762128000000, 571.0], [1762732800000, 564.0], [1763337600000, 546.0], [1763942400000, 523.0], [1764547200000, 566.0], [1765152000000, 576.0], [1765756800000, 582.0], [1766361600000, 569.0], [1766966400000, 557.0], [1767571200000, 558.0], [1768176000000, 551.0], [1768780800000, 504.0], [1769385600000, 520.0], [1769990400000, 462.0], [1770595200000, 435.0], [1771200000000, 429.0], [1771804800000, 426.0], [1771891200000, 420.5], [1771977600000, 415.5], [1772064000000, 421.0], [1772409600000, 406.0], [1772496000000, 406.0], [1772582400000, 386.0], [1772668800000, 399.5], [1772755200000, 391.0], [1773014400000, 361.5], [1773100800000, 364.0], [1773187200000, 359.0], [1773273600000, 348.5], [1773360000000, 337.0], [1773619200000, 339.0], [1773705600000, 335.0], [1773792000000, 346.0], [1773878400000, 330.0], [1773964800000, 323.5], [1774224000000, 326.5], [1774310400000, 316.0], [1774396800000, 324.5], [1774483200000, 320.0], [1774569600000, 324.5], [1774828800000, 308.0], [1774915200000, 300.5], [1775001600000, 306.5], [1775088000000, 300.0], [1775520000000, 301.0], [1775606400000, 317.5], [1775692800000, 307.0], [1775779200000, 307.0], [1776038400000, 302.5], [1776124800000, 304.5], [1776211200000, 305.0]], "margin_ratio": [[1750032000000, 0.016084860173577627], [1750636800000, 0.7676759884281581], [1751241600000, 1.285920925747348], [1751846400000, 1.897478302796528], [1752451200000, 1.6462825458052073], [1753056000000, 2.386171648987464], [1753660800000, 1.6779363548698165], [1754265600000, 1.7706509161041466], [1754870400000, 1.8607714561234328], [1755475200000, 1.9576663452266152], [1756080000000, 1.9839247830279652], [1756684800000, 2.0305255544840883], [1757289600000, 1.9923722275795566], [1757894400000, 2.063799421407907], [1758499200000, 1.7792960462873673], [1759104000000, 1.6867984570877532], [1759708800000, 1.6552362584378013], [1760313600000, 1.6352459016393441], [1760918400000, 1.5088235294117647], [1761523200000, 1.5631533269045321], [1762128000000, 1.5610270009643201], [1762732800000, 1.609874638379942], [1763337600000, 1.5611282545805205], [1763942400000, 1.4852796528447443], [1764547200000, 1.5610028929604627], [1765152000000, 1.608023143683703], [1765756800000, 1.6500289296046287], [1766361600000, 1.613172613307618], [1766966400000, 1.5818370298939246], [1767571200000, 1.5846769527483122], [1768176000000, 1.6524686595949856], [1768780800000, 1.6038572806171647], [1769385600000, 1.9706846673095468], [1769990400000, 1.3009064609450338], [1770595200000, 1.101133076181292], [1771200000000, 0.9825216972034714], [1771804800000, 0.9797589199614272], [1771891200000, 0.9448071359691418], [1771977600000, 0.921552555448409], [1772064000000, 0.9317213114754098], [1772409600000, 0.9474638379942141], [1772496000000, 0.9572516875602701], [1772582400000, 0.850540019286403], [1772668800000, 0.8764344262295082], [1772755200000, 0.8596721311475409], [1773014400000, 0.6762873674059787], [1773100800000, 0.6914946962391515], [1773187200000, 0.6664175506268081], [1773273600000, 0.6267622950819672], [1773360000000, 0.6402025072324011], [1773619200000, 0.6701542912246865], [1773705600000, 0.6622468659594984], [1773792000000, 0.7490549662487945], [1773878400000, 0.7764705882352941], [1773964800000, 0.7689754098360655], [1774224000000, 0.85324493731919], [1774310400000, 0.8623722275795563], [1774396800000, 0.8949566055930568], [1774483200000, 0.9026036644165865], [1774569600000, 0.9184257473481194], [1774828800000, 0.889546769527483], [1774915200000, 0.7954411764705882], [1775001600000, 0.7995009643201542], [1775088000000, 0.7955641272902603], [1775520000000, 0.7982160077145611], [1775606400000, 0.8373794599807136], [1775692800000, 0.8348505303760847], [1775779200000, 0.8378109932497589], [1776038400000, 0.8269889103182255], [1776124800000, 0.8251157184185148], [1776211200000, 0.8250000000000001]]}