{"margin_balance": [[1751241600000, 0.004671], [1751846400000, 0.0037240000000000007], [1752451200000, 0.0076019999999999985], [1753056000000, 0.0105], [1753660800000, 0.014235], [1754265600000, 0.01786], [1754870400000, 0.013456], [1755475200000, 0.023161000000000005], [1756080000000, 0.025433], [1756684800000, 0.02436], [1757289600000, 0.02332], [1757894400000, 0.02275], [1758499200000, 0.02616], [1759104000000, 0.026102000000000004], [1759708800000, 0.03291600000000001], [1760313600000, 0.028118], [1760918400000, 0.0324295], [1761523200000, 0.031236], [1762128000000, 0.05331700000000001], [1762732800000, 0.059345], [1763337600000, 0.038493], [1763424000000, 0.0404], [1763510400000, 0.0408], [1763596800000, 0.043308], [1763683200000, 0.04274650000000001], [1763942400000, 0.041251499999999997], [1764028800000, 0.041303], [1764115200000, 0.0414575], [1764201600000, 0.042068], [1764288000000, 0.0422625], [1764547200000, 0.04045000000000001], [1764633600000, 0.039739], [1764720000000, 0.041612], [1764806400000, 0.04080399999999999], [1764892800000, 0.04035], [1765152000000, 0.040952999999999996], [1765238400000, 0.043254], [1765324800000, 0.043945], [1765411200000, 0.0448], [1765497600000, 0.04623], [1765756800000, 0.047259], [1765843200000, 0.0484], [1765929600000, 0.04794], [1766016000000, 0.04794], [1766102400000, 0.04674150000000001], [1766361600000, 0.0468], [1766448000000, 0.047034000000000006], [1766534400000, 0.04685849999999999], [1766707200000, 0.0472], [1766966400000, 0.04645799999999999], [1767052800000, 0.0464], [1767139200000, 0.0464], [1767312000000, 0.04674150000000001], [1767571200000, 0.0441225], [1767657600000, 0.04137], [1767744000000, 0.0413175], [1767830400000, 0.039450000000000006], [1767916800000, 0.03925], [1768176000000, 0.03515600000000001], [1768262400000, 0.035112], [1768348800000, 0.032841], [1768435200000, 0.0328], [1768521600000, 0.032595]], "closing_price": [[1732492800000, 71.9], [1733097600000, 71.2], [1733702400000, 70.0], [1734307200000, 71.4], [1734912000000, 70.3], [1736121600000, 70.6], [1736726400000, 69.5], [1737331200000, 68.8], [1737936000000, 69.3], [1739145600000, 68.8], [1739750400000, 71.0], [1740355200000, 71.4], [1740960000000, 69.8], [1741564800000, 69.9], [1742169600000, 69.5], [1742774400000, 68.3], [1743379200000, 66.6], [1743984000000, 63.7], [1744588800000, 58.8], [1745193600000, 59.5], [1745798400000, 60.3], [1746403200000, 61.4], [1747008000000, 55.9], [1747612800000, 55.7], [1748217600000, 54.5], [1748822400000, 54.1], [1749427200000, 53.2], [1750032000000, 52.0], [1750636800000, 51.5], [1751241600000, 51.9], [1751846400000, 53.2], [1752451200000, 54.3], [1753056000000, 50.0], [1753660800000, 47.45], [1754265600000, 47.0], [1754870400000, 46.4], [1755475200000, 43.7], [1756080000000, 43.85], [1756684800000, 43.5], [1757289600000, 44.0], [1757894400000, 43.75], [1758499200000, 43.6], [1759104000000, 42.1], [1759708800000, 42.2], [1760313600000, 41.35], [1760918400000, 41.05], [1761523200000, 41.1], [1762128000000, 40.7], [1762732800000, 41.5], [1763337600000, 40.95], [1763424000000, 40.4], [1763510400000, 40.0], [1763596800000, 40.1], [1763683200000, 39.95], [1763942400000, 40.05], [1764028800000, 40.1], [1764115200000, 40.25], [1764201600000, 40.45], [1764288000000, 40.25], [1764547200000, 40.45], [1764633600000, 40.55], [1764720000000, 40.4], [1764806400000, 40.4], [1764892800000, 40.35], [1765152000000, 40.15], [1765238400000, 40.05], [1765324800000, 39.95], [1765411200000, 40.0], [1765497600000, 40.2], [1765756800000, 40.05], [1765843200000, 40.0], [1765929600000, 39.95], [1766016000000, 39.95], [1766102400000, 39.95], [1766361600000, 40.0], [1766448000000, 40.2], [1766534400000, 40.05], [1766707200000, 40.0], [1766966400000, 40.05], [1767052800000, 40.0], [1767139200000, 40.0], [1767312000000, 39.95], [1767571200000, 39.75], [1767657600000, 39.4], [1767744000000, 39.35], [1767830400000, 39.45], [1767916800000, 39.25], [1768176000000, 39.95], [1768262400000, 39.9], [1768348800000, 40.05], [1768435200000, 40.0], [1768521600000, 39.75]], "margin_ratio": [[1751241600000, 0.017787509520182786], [1751846400000, 0.014181264280274183], [1752451200000, 0.02894897182025894], [1753056000000, 0.03998476770753999], [1753660800000, 0.0542079207920792], [1754265600000, 0.06801218583396801], [1754870400000, 0.05124143183549123], [1755475200000, 0.08819878141660321], [1756080000000, 0.09685072353389185], [1756684800000, 0.09276466108149276], [1757289600000, 0.0888042650418888], [1757894400000, 0.08663366336633663], [1758499200000, 0.0996191926884996], [1759104000000, 0.09939832444782941], [1759708800000, 0.12534653465346537], [1760313600000, 0.10707539984767707], [1760918400000, 0.12349390708301598], [1761523200000, 0.11894897182025893], [1762128000000, 0.2030350342726581], [1762732800000, 0.22599009900990097], [1763337600000, 0.14658415841584158], [1763424000000, 0.15384615384615383], [1763510400000, 0.15536938309215537], [1763596800000, 0.16492003046458492], [1763683200000, 0.1627817974105103], [1763942400000, 0.15708872810357957], [1764028800000, 0.15728484386900227], [1764115200000, 0.15787319116527038], [1764201600000, 0.1601980198019802], [1764288000000, 0.16093869002284844], [1764547200000, 0.15403655750190406], [1764633600000, 0.15132901751713632], [1764720000000, 0.15846153846153846], [1764806400000, 0.15538461538461534], [1764892800000, 0.15365575019040364], [1765152000000, 0.15595201827875094], [1765238400000, 0.1647143945163747], [1765324800000, 0.16734577303884232], [1765411200000, 0.1706016755521706], [1765497600000, 0.17604722010662605], [1765756800000, 0.17996572734196498], [1765843200000, 0.1843107387661843], [1765929600000, 0.18255902513328257], [1766016000000, 0.18255902513328257], [1766102400000, 0.17799504950495051], [1766361600000, 0.1782178217821782], [1766448000000, 0.17910891089108913], [1766534400000, 0.1784405940594059], [1766707200000, 0.17974105102817972], [1766966400000, 0.1769154607768469], [1767052800000, 0.17669459253617667], [1767139200000, 0.17669459253617667], [1767312000000, 0.17799504950495051], [1767571200000, 0.1680217060167555], [1767657600000, 0.1575399847677075], [1767744000000, 0.15734006092916983], [1767830400000, 0.15022848438690026], [1767916800000, 0.14946686976389945], [1768176000000, 0.1338766184310739], [1768262400000, 0.13370906321401368], [1768348800000, 0.12506092916984007], [1768435200000, 0.12490479817212491], [1768521600000, 0.12412414318354911]]}