{"margin_balance": [[1763337600000, 0.89352], [1763424000000, 0.18952600000000003], [1763510400000, 0.083664], [1763596800000, 0.07623], [1763683200000, 0.166896], [1763942400000, 0.201985], [1764028800000, 0.08976], [1764115200000, 0.060695], [1764201600000, 0.137], [1764288000000, 0.138305], [1764547200000, 0.03571200000000001], [1764633600000, 0.090545], [1764720000000, 0.270875], [1764806400000, 0.047775], [1764892800000, 0.031072], [1765152000000, 0.069083], [1765238400000, 0.24363899999999997], [1765324800000, 0.072457], [1765411200000, 0.08789], [1765497600000, 0.08303699999999999], [1765756800000, 0.0466], [1765843200000, 0.010043], [1765929600000, 0.08784], [1766016000000, 0.015385], [1766102400000, 0.014912], [1766361600000, 0.04545], [1766448000000, 0.01456], [1766534400000, 0.067379], [1766707200000, 0.02852], [1766966400000, 0.01656], [1767052800000, 0.070528], [1767139200000, 0.02883], [1767312000000, 0.028799], [1767571200000, 0.026796000000000004], [1767657600000, 0.02733], [1767744000000, 0.064255], [1767830400000, 0.02534], [1767916800000, 0.01844], [1768176000000, 0.03185], [1768262400000, 0.024435], [1768348800000, 0.038829], [1768435200000, 0.011856000000000002], [1768521600000, 0.02668], [1768780800000, 0.022875], [1768867200000, 0.017138], [1768953600000, 0.008199], [1769040000000, 0.012683999999999997], [1769126400000, 0.010871999999999998], [1769385600000, 0.04732], [1769472000000, 0.0182], [1769558400000, 0.062376], [1769644800000, 0.0387], [1769731200000, 0.041877], [1769990400000, 0.01068], [1770076800000, 0.007128], [1770163200000, 0.007104], [1770249600000, 0.01232], [1770336000000, 0.01513], [1770595200000, 0.01068], [1770681600000, 0.028384], [1770768000000, 0.032708], [1771804800000, 0.018921], [1771891200000, 0.0099], [1771977600000, 0.03588], [1772064000000, 0.019756], [1772409600000, 0.018963], [1772496000000, 0.0445], [1772582400000, 0.01232], [1772668800000, 0.015504], [1772755200000, 0.01513], [1773014400000, 0.023922], [1773100800000, 0.00908], [1773187200000, 0.024165], [1773273600000, 0.003568], [1773360000000, 0.16213199999999997]], "closing_price": [[1763337600000, 102.0], [1763424000000, 98.2], [1763510400000, 99.6], [1763596800000, 99.0], [1763683200000, 97.6], [1763942400000, 101.5], [1764028800000, 102.0], [1764115200000, 99.5], [1764201600000, 100.0], [1764288000000, 99.5], [1764547200000, 99.2], [1764633600000, 99.5], [1764720000000, 98.5], [1764806400000, 97.5], [1764892800000, 97.1], [1765152000000, 97.3], [1765238400000, 96.3], [1765324800000, 94.1], [1765411200000, 93.5], [1765497600000, 93.3], [1765756800000, 93.2], [1765843200000, 91.3], [1765929600000, 91.5], [1766016000000, 90.5], [1766102400000, 93.2], [1766361600000, 90.9], [1766448000000, 91.0], [1766534400000, 92.3], [1766707200000, 92.0], [1766966400000, 92.0], [1767052800000, 92.8], [1767139200000, 93.0], [1767312000000, 92.9], [1767571200000, 92.4], [1767657600000, 91.1], [1767744000000, 90.5], [1767830400000, 90.5], [1767916800000, 92.2], [1768176000000, 91.0], [1768262400000, 90.5], [1768348800000, 90.3], [1768435200000, 91.2], [1768521600000, 92.0], [1768780800000, 91.5], [1768867200000, 90.2], [1768953600000, 91.1], [1769040000000, 90.6], [1769126400000, 90.6], [1769385600000, 91.0], [1769472000000, 91.0], [1769558400000, 90.4], [1769644800000, 90.0], [1769731200000, 89.1], [1769990400000, 89.0], [1770076800000, 89.1], [1770163200000, 88.8], [1770249600000, 88.0], [1770336000000, 89.0], [1770595200000, 89.0], [1770681600000, 88.7], [1770768000000, 88.4], [1771804800000, 90.1], [1771891200000, 90.0], [1771977600000, 89.7], [1772064000000, 89.8], [1772409600000, 90.3], [1772496000000, 89.0], [1772582400000, 88.0], [1772668800000, 91.2], [1772755200000, 89.0], [1773014400000, 88.6], [1773100800000, 90.8], [1773187200000, 89.5], [1773273600000, 89.2], [1773360000000, 91.6]], "margin_ratio": [[1763337600000, 3.219891891891892], [1763424000000, 0.6829765765765766], [1763510400000, 0.3014918918918919], [1763596800000, 0.27470270270270275], [1763683200000, 0.601427027027027], [1763942400000, 0.7278738738738738], [1764028800000, 0.3234594594594595], [1764115200000, 0.2187207207207207], [1764201600000, 0.4936936936936937], [1764288000000, 0.49839639639639643], [1764547200000, 0.12869189189189192], [1764633600000, 0.3262882882882883], [1764720000000, 0.9761261261261261], [1764806400000, 0.17216216216216215], [1764892800000, 0.11197117117117117], [1765152000000, 0.24894774774774775], [1765238400000, 0.8779783783783782], [1765324800000, 0.26110630630630627], [1765411200000, 0.3167207207207207], [1765497600000, 0.29923243243243236], [1765756800000, 0.16792792792792793], [1765843200000, 0.03619099099099099], [1765929600000, 0.31654054054054054], [1766016000000, 0.05544144144144144], [1766102400000, 0.05373693693693694], [1766361600000, 0.16378378378378378], [1766448000000, 0.05246846846846847], [1766534400000, 0.24280720720720717], [1766707200000, 0.10277477477477477], [1766966400000, 0.05967567567567567], [1767052800000, 0.25415495495495494], [1767139200000, 0.10389189189189191], [1767312000000, 0.10378018018018019], [1767571200000, 0.09656216216216218], [1767657600000, 0.09848648648648649], [1767744000000, 0.23154954954954957], [1767830400000, 0.09131531531531532], [1767916800000, 0.06645045045045046], [1768176000000, 0.11477477477477478], [1768262400000, 0.08805405405405405], [1768348800000, 0.13992432432432433], [1768435200000, 0.04272432432432433], [1768521600000, 0.09614414414414414], [1768780800000, 0.08243243243243244], [1768867200000, 0.06175855855855856], [1768953600000, 0.029545945945945944], [1769040000000, 0.0457081081081081], [1769126400000, 0.03917837837837838], [1769385600000, 0.17052252252252253], [1769472000000, 0.0655855855855856], [1769558400000, 0.22477837837837836], [1769644800000, 0.13945945945945945], [1769731200000, 0.15090810810810812], [1769990400000, 0.03848648648648649], [1770076800000, 0.025686486486486488], [1770163200000, 0.025599999999999998], [1770249600000, 0.04439639639639639], [1770336000000, 0.054522522522522515], [1770595200000, 0.03848648648648649], [1770681600000, 0.10228468468468467], [1770768000000, 0.11786666666666666], [1771804800000, 0.06818378378378379], [1771891200000, 0.03567567567567568], [1771977600000, 0.1292972972972973], [1772064000000, 0.07119279279279278], [1772409600000, 0.06833513513513513], [1772496000000, 0.16036036036036036], [1772582400000, 0.04439639639639639], [1772668800000, 0.055870270270270264], [1772755200000, 0.054522522522522515], [1773014400000, 0.0862054054054054], [1773100800000, 0.03272072072072072], [1773187200000, 0.08708108108108108], [1773273600000, 0.012857657657657659], [1773360000000, 0.5842594594594593]]}