{"margin_balance": [[1763337600000, 0.89352], [1763424000000, 0.18952600000000003], [1763510400000, 0.083664], [1763596800000, 0.07623], [1763683200000, 0.166896], [1763942400000, 0.201985], [1764028800000, 0.08976], [1764115200000, 0.060695], [1764201600000, 0.137], [1764288000000, 0.138305], [1764547200000, 0.03571200000000001], [1764633600000, 0.090545], [1764720000000, 0.270875], [1764806400000, 0.047775], [1764892800000, 0.031072], [1765152000000, 0.069083], [1765238400000, 0.24363899999999997], [1765324800000, 0.072457], [1765411200000, 0.08789], [1765497600000, 0.08303699999999999], [1765756800000, 0.0466], [1765843200000, 0.010043], [1765929600000, 0.08784], [1766016000000, 0.015385], [1766102400000, 0.014912], [1766361600000, 0.04545], [1766448000000, 0.01456], [1766534400000, 0.067379], [1766707200000, 0.02852], [1766966400000, 0.01656], [1767052800000, 0.070528], [1767139200000, 0.02883], [1767312000000, 0.028799], [1767571200000, 0.026796000000000004], [1767657600000, 0.02733], [1767744000000, 0.064255], [1767830400000, 0.02534], [1767916800000, 0.01844], [1768176000000, 0.03185], [1768262400000, 0.024435], [1768348800000, 0.038829], [1768435200000, 0.011856000000000002], [1768521600000, 0.02668], [1768780800000, 0.022875], [1768867200000, 0.017138], [1768953600000, 0.008199], [1769040000000, 0.012683999999999997], [1769126400000, 0.010871999999999998], [1769385600000, 0.04732], [1769472000000, 0.0182], [1769558400000, 0.062376], [1769644800000, 0.0387], [1769731200000, 0.041877], [1769990400000, 0.01068], [1770076800000, 0.007128]], "closing_price": [[1763337600000, 102.0], [1763424000000, 98.2], [1763510400000, 99.6], [1763596800000, 99.0], [1763683200000, 97.6], [1763942400000, 101.5], [1764028800000, 102.0], [1764115200000, 99.5], [1764201600000, 100.0], [1764288000000, 99.5], [1764547200000, 99.2], [1764633600000, 99.5], [1764720000000, 98.5], [1764806400000, 97.5], [1764892800000, 97.1], [1765152000000, 97.3], [1765238400000, 96.3], [1765324800000, 94.1], [1765411200000, 93.5], [1765497600000, 93.3], [1765756800000, 93.2], [1765843200000, 91.3], [1765929600000, 91.5], [1766016000000, 90.5], [1766102400000, 93.2], [1766361600000, 90.9], [1766448000000, 91.0], [1766534400000, 92.3], [1766707200000, 92.0], [1766966400000, 92.0], [1767052800000, 92.8], [1767139200000, 93.0], [1767312000000, 92.9], [1767571200000, 92.4], [1767657600000, 91.1], [1767744000000, 90.5], [1767830400000, 90.5], [1767916800000, 92.2], [1768176000000, 91.0], [1768262400000, 90.5], [1768348800000, 90.3], [1768435200000, 91.2], [1768521600000, 92.0], [1768780800000, 91.5], [1768867200000, 90.2], [1768953600000, 91.1], [1769040000000, 90.6], [1769126400000, 90.6], [1769385600000, 91.0], [1769472000000, 91.0], [1769558400000, 90.4], [1769644800000, 90.0], [1769731200000, 89.1], [1769990400000, 89.0], [1770076800000, 89.1]], "margin_ratio": [[1763337600000, 3.3081081081081076], [1763424000000, 0.701688263606072], [1763510400000, 0.30975194372454645], [1763596800000, 0.28222880414661233], [1763683200000, 0.617904479822288], [1763942400000, 0.747815623843021], [1764028800000, 0.33232136245834876], [1764115200000, 0.22471306923361714], [1764201600000, 0.5072195483154387], [1764288000000, 0.5120510921880785], [1764547200000, 0.13221769714920403], [1764633600000, 0.3352276934468715], [1764720000000, 1.002869307663828], [1764806400000, 0.17687893372824878], [1764892800000, 0.11503887449092927], [1765152000000, 0.2557682339874121], [1765238400000, 0.902032580525731], [1765324800000, 0.2682599037393557], [1765411200000, 0.3253980007404665], [1765497600000, 0.3074305812661976], [1765756800000, 0.17252869307663826], [1765843200000, 0.03718252499074416], [1765929600000, 0.32521288411699373], [1766016000000, 0.05696038504257681], [1766102400000, 0.05520918178452425], [1766361600000, 0.16827101073676415], [1766448000000, 0.053905960755275824], [1766534400000, 0.2494594594594594], [1766707200000, 0.10559052202887818], [1766966400000, 0.061310625694187326], [1767052800000, 0.2611181044057756], [1767139200000, 0.10673824509440948], [1767312000000, 0.10662347278785635], [1767571200000, 0.09920770085153646], [1767657600000, 0.10118474639022584], [1767744000000, 0.23789337282487968], [1767830400000, 0.09381710477600888], [1767916800000, 0.06827101073676416], [1768176000000, 0.11791928915216587], [1768262400000, 0.09046649389115143], [1768348800000, 0.1437578674564976], [1768435200000, 0.04389485375786746], [1768521600000, 0.09877823028507958], [1768780800000, 0.08469085523880045], [1768867200000, 0.06345057386153276], [1768953600000, 0.03035542391706775], [1769040000000, 0.04696038504257681], [1769126400000, 0.04025175860792298], [1769385600000, 0.17519437245464642], [1769472000000, 0.06738245094409478], [1769558400000, 0.2309366901147723], [1769644800000, 0.1432802665679378], [1769731200000, 0.15504257682339873], [1769990400000, 0.039540910773787484], [1770076800000, 0.026390225842280637]]}