{"margin_balance": [[1731283200000, 1.13e-05], [1731888000000, 4.75e-05], [1732492800000, 1.6e-05], [1733097600000, 1.4000000000000001e-05], [1733702400000, 8e-06], [1734307200000, 6.5e-06], [1734912000000, 8.500000000000002e-06], [1736121600000, 3.6e-06], [1736726400000, 5.5e-06], [1737331200000, 4e-06], [1737936000000, 1.5000000000000002e-06], [1739145600000, 8.500000000000002e-06], [1739750400000, 1.25e-05], [1740355200000, 5e-06], [1740960000000, 2e-06], [1741564800000, 4e-06], [1742169600000, 6.5e-06], [1742774400000, 5e-06], [1743379200000, 3.5000000000000004e-06], [1743984000000, 2.1000000000000002e-06], [1744588800000, 1.9e-05], [1745193600000, 1.5e-06], [1745798400000, 1e-06], [1746403200000, 8e-07], [1747008000000, 4e-06], [1747612800000, 6e-06], [1748217600000, 4.499999999999999e-06], [1748822400000, 2.4e-06], [1749427200000, 1.5e-06], [1750032000000, 4.499999999999999e-06], [1750636800000, 3.5000000000000004e-06], [1751241600000, 5e-06], [1751846400000, 3.5000000000000004e-06], [1752451200000, 3e-06], [1753056000000, 2e-06], [1753660800000, 2e-06], [1754265600000, 4.499999999999999e-06], [1754870400000, 3.5000000000000004e-06], [1755475200000, 3.5000000000000004e-06], [1756080000000, 3.5000000000000004e-06], [1756684800000, 2e-06], [1757289600000, 2.5e-06], [1757894400000, 1.1e-05], [1758499200000, 5e-06], [1759104000000, 2e-06], [1759708800000, 1.2e-06], [1760313600000, 1.2e-06], [1760918400000, 7.000000000000001e-06], [1761523200000, 2e-06], [1762128000000, 1.5e-06], [1762732800000, 8e-06], [1763337600000, 7.000000000000001e-06], [1763942400000, 4e-06], [1764547200000, 2e-06], [1765152000000, 5e-07], [1765756800000, 3e-06], [1766361600000, 2e-06], [1766966400000, 3.6e-06], [1767571200000, 1.6e-06], [1768176000000, 4e-06], [1768780800000, 5.5e-06], [1769385600000, 4e-06], [1769990400000, 4e-06], [1770595200000, 3e-06], [1771200000000, 3.0000000000000005e-06]], "closing_price": [[1731283200000, 1.0], [1731888000000, 5.0], [1732492800000, 5.0], [1733097600000, 5.0], [1733702400000, 5.0], [1734307200000, 5.0], [1734912000000, 5.0], [1736121600000, 4.0], [1736726400000, 5.0], [1737331200000, 5.0], [1737936000000, 3.0], [1739145600000, 5.0], [1739750400000, 5.0], [1740355200000, 5.0], [1740960000000, 4.0], [1741564800000, 5.0], [1742169600000, 5.0], [1742774400000, 5.0], [1743379200000, 5.0], [1743984000000, 3.0], [1744588800000, 5.0], [1745193600000, 5.0], [1745798400000, 5.0], [1746403200000, 4.0], [1747008000000, 5.0], [1747612800000, 5.0], [1748217600000, 5.0], [1748822400000, 4.0], [1749427200000, 5.0], [1750032000000, 5.0], [1750636800000, 5.0], [1751241600000, 5.0], [1751846400000, 5.0], [1752451200000, 5.0], [1753056000000, 5.0], [1753660800000, 5.0], [1754265600000, 5.0], [1754870400000, 5.0], [1755475200000, 5.0], [1756080000000, 5.0], [1756684800000, 5.0], [1757289600000, 5.0], [1757894400000, 5.0], [1758499200000, 5.0], [1759104000000, 5.0], [1759708800000, 4.0], [1760313600000, 3.0], [1760918400000, 5.0], [1761523200000, 4.0], [1762128000000, 5.0], [1762732800000, 5.0], [1763337600000, 5.0], [1763942400000, 5.0], [1764547200000, 5.0], [1765152000000, 5.0], [1765756800000, 5.0], [1766361600000, 5.0], [1766966400000, 4.0], [1767571200000, 4.0], [1768176000000, 5.0], [1768780800000, 5.0], [1769385600000, 5.0], [1769990400000, 5.0], [1770595200000, 5.0], [1771200000000, 3.0], [1771804800000, 92.2], [1771891200000, 92.1], [1771977600000, 91.5], [1772064000000, 91.6], [1772409600000, 91.8], [1772496000000, 91.6], [1772582400000, 93.9], [1772668800000, 92.8], [1772755200000, 92.8], [1773014400000, 91.7], [1773100800000, 91.8], [1773187200000, 91.6], [1773273600000, 92.2], [1773360000000, 92.2], [1773619200000, 93.0], [1773705600000, 93.6], [1773792000000, 92.8], [1773878400000, 93.2], [1773964800000, 92.8], [1774224000000, 92.6], [1774310400000, 92.3], [1774396800000, 92.9], [1774483200000, 92.2], [1774569600000, 92.5], [1774828800000, 92.1], [1774915200000, 92.1], [1775001600000, 92.2], [1775088000000, 92.2], [1775520000000, 92.5], [1775606400000, 92.4], [1775692800000, 92.1], [1775779200000, 92.1], [1776038400000, 92.2], [1776124800000, 92.4], [1776211200000, 92.1]], "margin_ratio": [[1731283200000, 4.810557684120903e-05], [1731888000000, 0.0002022137079608344], [1732492800000, 6.811409110259685e-05], [1733097600000, 5.959982971477225e-05], [1733702400000, 3.4057045551298427e-05], [1734307200000, 2.767134951042997e-05], [1734912000000, 3.618561089825458e-05], [1736121600000, 1.5325670498084293e-05], [1736726400000, 2.341421881651767e-05], [1737331200000, 1.7028522775649213e-05], [1737936000000, 6.385696040868456e-06], [1739145600000, 3.618561089825458e-05], [1739750400000, 5.321413367390379e-05], [1740355200000, 2.1285653469561517e-05], [1740960000000, 8.514261387824607e-06], [1741564800000, 1.7028522775649213e-05], [1742169600000, 2.767134951042997e-05], [1742774400000, 2.1285653469561517e-05], [1743379200000, 1.4899957428693063e-05], [1743984000000, 8.939974457215838e-06], [1744588800000, 8.088548318433377e-05], [1745193600000, 6.385696040868456e-06], [1745798400000, 4.257130693912303e-06], [1746403200000, 3.4057045551298425e-06], [1747008000000, 1.7028522775649213e-05], [1747612800000, 2.5542784163473823e-05], [1748217600000, 1.9157088122605363e-05], [1748822400000, 1.0217113665389527e-05], [1749427200000, 6.385696040868456e-06], [1750032000000, 1.9157088122605363e-05], [1750636800000, 1.4899957428693063e-05], [1751241600000, 2.1285653469561517e-05], [1751846400000, 1.4899957428693063e-05], [1752451200000, 1.2771392081736912e-05], [1753056000000, 8.514261387824607e-06], [1753660800000, 8.514261387824607e-06], [1754265600000, 1.9157088122605363e-05], [1754870400000, 1.4899957428693063e-05], [1755475200000, 1.4899957428693063e-05], [1756080000000, 1.4899957428693063e-05], [1756684800000, 8.514261387824607e-06], [1757289600000, 1.0642826734780758e-05], [1757894400000, 4.682843763303534e-05], [1758499200000, 2.1285653469561517e-05], [1759104000000, 8.514261387824607e-06], [1759708800000, 5.108556832694763e-06], [1760313600000, 5.108556832694763e-06], [1760918400000, 2.9799914857386127e-05], [1761523200000, 8.514261387824607e-06], [1762128000000, 6.385696040868456e-06], [1762732800000, 3.4057045551298427e-05], [1763337600000, 2.9799914857386127e-05], [1763942400000, 1.7028522775649213e-05], [1764547200000, 8.514261387824607e-06], [1765152000000, 2.1285653469561517e-06], [1765756800000, 1.2771392081736912e-05], [1766361600000, 8.514261387824607e-06], [1766966400000, 1.5325670498084293e-05], [1767571200000, 6.811409110259685e-06], [1768176000000, 1.7028522775649213e-05], [1768780800000, 2.341421881651767e-05], [1769385600000, 1.7028522775649213e-05], [1769990400000, 1.7028522775649213e-05], [1770595200000, 1.2771392081736912e-05], [1771200000000, 1.2771392081736912e-05]]}