{"margin_balance": [[1766361600000, 14.4613], [1766448000000, 11.865], [1766534400000, 4.7428], [1766707200000, 7.50891], [1766966400000, 11.9972], [1767052800000, 5.43165], [1767139200000, 7.38514], [1767312000000, 30.06021], [1767571200000, 9.32756], [1767657600000, 6.10344], [1767744000000, 3.0191], [1767830400000, 4.5152], [1767916800000, 2.52882], [1768176000000, 4.8764], [1768262400000, 8.15262], [1768348800000, 4.43486], [1768435200000, 2.85498], [1768521600000, 2.7192], [1768780800000, 5.06499], [1768867200000, 9.52956], [1768953600000, 6.1124], [1769040000000, 5.44236], [1769126400000, 3.77784], [1769385600000, 2.85428], [1769472000000, 8.22081], [1769558400000, 1.08672], [1769644800000, 4.6656], [1769731200000, 3.2091], [1769990400000, 2.33987], [1770076800000, 7.06176], [1770163200000, 4.624], [1770249600000, 1.83141], [1770336000000, 2.53266], [1770595200000, 1.1058], [1770681600000, 4.63166], [1770768000000, 13.8417], [1771804800000, 19.96576], [1771891200000, 7.29015], [1771977600000, 7.7814], [1772064000000, 5.70657], [1772409600000, 3.47011], [1772496000000, 3.1248], [1772582400000, 3.07296], [1772668800000, 2.01335], [1772755200000, 1.16725], [1773014400000, 2.1888], [1773100800000, 1.18125], [1773187200000, 10.35118], [1773273600000, 4.67116], [1773360000000, 4.91579], [1773619200000, 3.80256], [1773705600000, 4.51554], [1773792000000, 4.13055], [1773878400000, 4.26682], [1773964800000, 3.36449], [1774224000000, 2.62908], [1774310400000, 2.27106], [1774396800000, 1.89864], [1774483200000, 6.20576], [1774569600000, 4.4933], [1774828800000, 3.90216], [1774915200000, 3.4237]], "closing_price": [[1766361600000, 730.0], [1766448000000, 678.0], [1766534400000, 668.0], [1766707200000, 687.0], [1766966400000, 712.0], [1767052800000, 739.0], [1767139200000, 749.0], [1767312000000, 769.0], [1767571200000, 731.0], [1767657600000, 692.0], [1767744000000, 665.0], [1767830400000, 680.0], [1767916800000, 669.0], [1768176000000, 668.0], [1768262400000, 658.0], [1768348800000, 622.0], [1768435200000, 622.0], [1768521600000, 618.0], [1768780800000, 623.0], [1768867200000, 618.0], [1768953600000, 590.0], [1769040000000, 589.0], [1769126400000, 583.0], [1769385600000, 572.0], [1769472000000, 591.0], [1769558400000, 566.0], [1769644800000, 576.0], [1769731200000, 563.0], [1769990400000, 533.0], [1770076800000, 576.0], [1770163200000, 578.0], [1770249600000, 567.0], [1770336000000, 573.0], [1770595200000, 570.0], [1770681600000, 569.0], [1770768000000, 645.0], [1771804800000, 688.0], [1771891200000, 655.0], [1771977600000, 660.0], [1772064000000, 669.0], [1772409600000, 623.0], [1772496000000, 630.0], [1772582400000, 582.0], [1772668800000, 601.0], [1772755200000, 575.0], [1773014400000, 576.0], [1773100800000, 625.0], [1773187200000, 691.0], [1773273600000, 676.0], [1773360000000, 667.0], [1773619200000, 699.0], [1773705600000, 699.0], [1773792000000, 685.0], [1773878400000, 673.0], [1773964800000, 661.0], [1774224000000, 654.0], [1774310400000, 666.0], [1774396800000, 648.0], [1774483200000, 656.0], [1774569600000, 686.0], [1774828800000, 687.0], [1774915200000, 670.0]], "margin_ratio": [[1766361600000, 6.634841255276197], [1766448000000, 5.4436593870434935], [1766534400000, 2.1759955955221137], [1766707200000, 3.445086254358598], [1766966400000, 5.504312717929895], [1767052800000, 2.4920398238208845], [1767139200000, 3.3883006056157092], [1767312000000, 13.791617728023493], [1767571200000, 4.279482473848413], [1767657600000, 2.8002569278766742], [1767744000000, 1.3851624151220405], [1767830400000, 2.0715727656450724], [1767916800000, 1.1602220590934116], [1768176000000, 2.237291246100202], [1768262400000, 3.740420260598275], [1768348800000, 2.03471279133786], [1768435200000, 1.3098641952651862], [1768521600000, 1.2475683611671866], [1768780800000, 2.3238162965681775], [1768867200000, 4.372160029363186], [1768953600000, 2.8043677739034685], [1769040000000, 2.496953569462286], [1769126400000, 1.733272160029363], [1769385600000, 1.309543035419343], [1769472000000, 3.771705817581208], [1769558400000, 0.49858689667828954], [1769644800000, 2.140576252523399], [1769731200000, 1.4723343732795007], [1769990400000, 1.0735318407047163], [1770076800000, 3.239933932831712], [1770163200000, 2.1214901816847127], [1770249600000, 0.8402505046797577], [1770336000000, 1.1619838502477517], [1770595200000, 0.5073407964764176], [1770681600000, 2.1250045879977977], [1770768000000, 6.3505689117269215], [1771804800000, 9.16028629106258], [1771891200000, 3.344719214534777], [1771977600000, 3.5701046063497888], [1772064000000, 2.6181730592769314], [1772409600000, 1.5920857037988623], [1772496000000, 1.433657551844375], [1772582400000, 1.4098733712607818], [1772668800000, 0.9237245366122224], [1772755200000, 0.5355340429436594], [1773014400000, 1.0042209579739403], [1773100800000, 0.5419572398605248], [1773187200000, 4.74911910442283], [1773273600000, 2.143127179298954], [1773360000000, 2.2553633694255826], [1773619200000, 1.7446136905854286], [1773705600000, 2.071728757570196], [1773792000000, 1.8950954303541934], [1773878400000, 1.9576160763442831], [1773964800000, 1.5436272710589098], [1774224000000, 1.2062213250137641], [1774310400000, 1.0419618278583225], [1774396800000, 0.8710956138741054], [1774483200000, 2.8472013213433653], [1774569600000, 2.0615250504679756], [1774828800000, 1.7903101486511284], [1774915200000, 1.5707928060194534]]}