{"margin_balance": [[1763337600000, 0.89352], [1763424000000, 0.18952600000000003], [1763510400000, 0.083664], [1763596800000, 0.07623], [1763683200000, 0.166896], [1763942400000, 0.201985], [1764028800000, 0.08976], [1764115200000, 0.060695], [1764201600000, 0.137], [1764288000000, 0.138305], [1764547200000, 0.03571200000000001], [1764633600000, 0.090545], [1764720000000, 0.270875], [1764806400000, 0.047775], [1764892800000, 0.031072], [1765152000000, 0.069083], [1765238400000, 0.24363899999999997], [1765324800000, 0.072457], [1765411200000, 0.08789], [1765497600000, 0.08303699999999999], [1765756800000, 0.0466], [1765843200000, 0.010043], [1765929600000, 0.08784], [1766016000000, 0.015385], [1766102400000, 0.014912], [1766361600000, 0.04545], [1766448000000, 0.01456], [1766534400000, 0.067379], [1766707200000, 0.02852], [1766966400000, 0.01656], [1767052800000, 0.070528], [1767139200000, 0.02883], [1767312000000, 0.028799], [1767571200000, 0.026796000000000004], [1767657600000, 0.02733], [1767744000000, 0.064255], [1767830400000, 0.02534], [1767916800000, 0.01844], [1768176000000, 0.03185], [1768262400000, 0.024435], [1768348800000, 0.038829], [1768435200000, 0.011856000000000002], [1768521600000, 0.02668], [1768780800000, 0.022875], [1768867200000, 0.017138], [1768953600000, 0.008199], [1769040000000, 0.012683999999999997]], "closing_price": [[1763337600000, 102.0], [1763424000000, 98.2], [1763510400000, 99.6], [1763596800000, 99.0], [1763683200000, 97.6], [1763942400000, 101.5], [1764028800000, 102.0], [1764115200000, 99.5], [1764201600000, 100.0], [1764288000000, 99.5], [1764547200000, 99.2], [1764633600000, 99.5], [1764720000000, 98.5], [1764806400000, 97.5], [1764892800000, 97.1], [1765152000000, 97.3], [1765238400000, 96.3], [1765324800000, 94.1], [1765411200000, 93.5], [1765497600000, 93.3], [1765756800000, 93.2], [1765843200000, 91.3], [1765929600000, 91.5], [1766016000000, 90.5], [1766102400000, 93.2], [1766361600000, 90.9], [1766448000000, 91.0], [1766534400000, 92.3], [1766707200000, 92.0], [1766966400000, 92.0], [1767052800000, 92.8], [1767139200000, 93.0], [1767312000000, 92.9], [1767571200000, 92.4], [1767657600000, 91.1], [1767744000000, 90.5], [1767830400000, 90.5], [1767916800000, 92.2], [1768176000000, 91.0], [1768262400000, 90.5], [1768348800000, 90.3], [1768435200000, 91.2], [1768521600000, 92.0], [1768780800000, 91.5], [1768867200000, 90.2], [1768953600000, 91.1], [1769040000000, 90.6]], "margin_ratio": [[1763337600000, 3.2468023255813954], [1763424000000, 0.6886845930232559], [1763510400000, 0.3040116279069768], [1763596800000, 0.2769985465116279], [1763683200000, 0.606453488372093], [1763942400000, 0.7339571220930233], [1764028800000, 0.32616279069767445], [1764115200000, 0.2205486918604651], [1764201600000, 0.4978197674418605], [1764288000000, 0.502561773255814], [1764547200000, 0.12976744186046515], [1764633600000, 0.32901526162790695], [1764720000000, 0.9842841569767441], [1764806400000, 0.17360101744186046], [1764892800000, 0.11290697674418604], [1765152000000, 0.25102834302325583], [1765238400000, 0.8853161337209301], [1765324800000, 0.26328851744186044], [1765411200000, 0.31936773255813955], [1765497600000, 0.3017332848837209], [1765756800000, 0.1693313953488372], [1765843200000, 0.03649345930232558], [1765929600000, 0.3191860465116279], [1766016000000, 0.0559047965116279], [1766102400000, 0.05418604651162791], [1766361600000, 0.16515261627906974], [1766448000000, 0.05290697674418605], [1766534400000, 0.2448364825581395], [1766707200000, 0.10363372093023257], [1766966400000, 0.06017441860465116], [1767052800000, 0.25627906976744186], [1767139200000, 0.10476017441860466], [1767312000000, 0.10464752906976746], [1767571200000, 0.09736918604651164], [1767657600000, 0.09930959302325582], [1767744000000, 0.23348473837209305], [1767830400000, 0.09207848837209304], [1767916800000, 0.06700581395348838], [1768176000000, 0.11573401162790699], [1768262400000, 0.08878997093023255], [1768348800000, 0.14109375000000002], [1768435200000, 0.04308139534883722], [1768521600000, 0.09694767441860465], [1768780800000, 0.08312136627906977], [1768867200000, 0.062274709302325586], [1768953600000, 0.029792877906976746], [1769040000000, 0.04609011627906976]]}