{"margin_balance": [[1755475200000, 0.000371], [1756080000000, 0.0003665], [1756684800000, 0.000365], [1757289600000, 0.0018425], [1757894400000, 0.00558], [1758499200000, 0.005888], [1759104000000, 0.024956000000000006], [1759708800000, 0.027664], [1760313600000, 0.0312765], [1760918400000, 0.032451], [1761523200000, 0.029736], [1762128000000, 0.0275275], [1762732800000, 0.027566], [1763337600000, 0.02442], [1763942400000, 0.01862], [1764547200000, 0.0114115], [1765152000000, 0.0092], [1765756800000, 0.0024779999999999997], [1766361600000, 0.002085], [1766966400000, 0.002045], [1767571200000, 0.001612], [1768176000000, 0.0016], [1768780800000, 0.001544], [1769385600000, 0.0019475], [1769990400000, 0.00183], [1770595200000, 0.0022289999999999996], [1771200000000, 0.00304], [1771804800000, 0.0027265000000000006], [1771891200000, 0.0027265000000000006], [1771977600000, 0.0019975], [1772064000000, 0.0019925], [1772409600000, 0.001915], [1772496000000, 0.001915], [1772582400000, 0.002695], [1772668800000, 0.002667], [1772755200000, 0.002625], [1773014400000, 0.004392000000000001], [1773100800000, 0.004758], [1773187200000, 0.005299], [1773273600000, 0.005872], [1773360000000, 0.006534], [1773619200000, 0.006516], [1773705600000, 0.006], [1773792000000, 0.00828], [1773878400000, 0.0090375], [1773964800000, 0.008372], [1774224000000, 0.008735999999999999], [1774310400000, 0.008688000000000001], [1774396800000, 0.01468], [1774483200000, 0.013661000000000003], [1774569600000, 0.014679], [1774828800000, 0.015048000000000002], [1774915200000, 0.0149625], [1775001600000, 0.015727500000000002], [1775088000000, 0.01564], [1775520000000, 0.015686000000000002], [1775606400000, 0.0156375], [1775692800000, 0.015502500000000002], [1775779200000, 0.0154], [1776038400000, 0.015421999999999998], [1776124800000, 0.016238], [1776211200000, 0.016238]], "closing_price": [[1750636800000, 40.0], [1751241600000, 40.85], [1751846400000, 40.9], [1752451200000, 39.75], [1753056000000, 39.5], [1753660800000, 38.5], [1754265600000, 37.85], [1754870400000, 37.5], [1755475200000, 37.1], [1756080000000, 36.65], [1756684800000, 36.5], [1757289600000, 36.85], [1757894400000, 37.2], [1758499200000, 36.8], [1759104000000, 36.7], [1759708800000, 36.4], [1760313600000, 35.95], [1760918400000, 37.3], [1761523200000, 35.4], [1762128000000, 35.75], [1762732800000, 35.8], [1763337600000, 37.0], [1763942400000, 38.0], [1764547200000, 39.35], [1765152000000, 40.0], [1765756800000, 41.3], [1766361600000, 41.7], [1766966400000, 40.9], [1767571200000, 40.3], [1768176000000, 40.0], [1768780800000, 38.6], [1769385600000, 38.95], [1769990400000, 36.6], [1770595200000, 37.15], [1771200000000, 38.0], [1771804800000, 38.95], [1771891200000, 38.95], [1771977600000, 39.95], [1772064000000, 39.85], [1772409600000, 38.3], [1772496000000, 38.3], [1772582400000, 38.5], [1772668800000, 38.1], [1772755200000, 37.5], [1773014400000, 36.6], [1773100800000, 36.6], [1773187200000, 37.85], [1773273600000, 36.7], [1773360000000, 36.3], [1773619200000, 36.2], [1773705600000, 37.5], [1773792000000, 36.0], [1773878400000, 36.15], [1773964800000, 36.4], [1774224000000, 36.4], [1774310400000, 36.2], [1774396800000, 36.7], [1774483200000, 35.95], [1774569600000, 34.95], [1774828800000, 34.2], [1774915200000, 33.25], [1775001600000, 34.95], [1775088000000, 34.0], [1775520000000, 34.1], [1775606400000, 34.75], [1775692800000, 34.45], [1775779200000, 35.0], [1776038400000, 35.05], [1776124800000, 35.3], [1776211200000, 35.3]], "margin_ratio": [[1755475200000, 0.0016386925795053005], [1756080000000, 0.0016188162544169614], [1756684800000, 0.001612190812720848], [1757289600000, 0.008138250883392227], [1757894400000, 0.024646643109540636], [1758499200000, 0.026007067137809182], [1759104000000, 0.11022968197879862], [1759708800000, 0.12219081272084806], [1760313600000, 0.13814708480565369], [1760918400000, 0.14333480565371026], [1761523200000, 0.13134275618374558], [1762128000000, 0.12158789752650177], [1762732800000, 0.12175795053003532], [1763337600000, 0.10786219081272085], [1763942400000, 0.08224381625441696], [1764547200000, 0.0504041519434629], [1765152000000, 0.04063604240282685], [1765756800000, 0.010945229681978797], [1766361600000, 0.009209363957597173], [1766966400000, 0.00903268551236749], [1767571200000, 0.007120141342756184], [1768176000000, 0.007067137809187279], [1768780800000, 0.006819787985865724], [1769385600000, 0.00860203180212014], [1769990400000, 0.008083038869257951], [1770595200000, 0.009845406360424027], [1771200000000, 0.013427561837455831], [1771804800000, 0.0120428445229682], [1771891200000, 0.0120428445229682], [1771977600000, 0.008822879858657243], [1772064000000, 0.008800795053003532], [1772409600000, 0.008458480565371025], [1772496000000, 0.008458480565371025], [1772582400000, 0.011903710247349823], [1772668800000, 0.011780035335689047], [1772755200000, 0.01159452296819788], [1773014400000, 0.019399293286219085], [1773100800000, 0.02101590106007067], [1773187200000, 0.023405477031802117], [1773273600000, 0.025936395759717314], [1773360000000, 0.02886042402826855], [1773619200000, 0.028780918727915196], [1773705600000, 0.026501766784452294], [1773792000000, 0.036572438162544164], [1773878400000, 0.03991828621908127], [1773964800000, 0.03697879858657244], [1774224000000, 0.038586572438162534], [1774310400000, 0.03837455830388693], [1774396800000, 0.06484098939929328], [1774483200000, 0.06034010600706714], [1774569600000, 0.06483657243816253], [1774828800000, 0.06646643109540637], [1774915200000, 0.06608878091872791], [1775001600000, 0.0694677561837456], [1775088000000, 0.06908127208480566], [1775520000000, 0.06928445229681979], [1775606400000, 0.06907022968197879], [1775692800000, 0.06847393992932864], [1775779200000, 0.06802120141342756], [1776038400000, 0.06811837455830388], [1776124800000, 0.0717226148409894], [1776211200000, 0.0717226148409894]]}