{"margin_balance": [[1764201600000, 285.1733], [1764288000000, 244.5521], [1764547200000, 231.66325], [1764633600000, 159.2679], [1764720000000, 236.7828], [1764806400000, 150.9826], [1764892800000, 137.4], [1765152000000, 134.6889], [1765238400000, 79.19515], [1765324800000, 195.041], [1765411200000, 184.5], [1765497600000, 102.6093], [1765756800000, 85.3254], [1765843200000, 156.5832], [1765929600000, 137.49645], [1766016000000, 110.8646], [1766102400000, 96.292], [1766361600000, 64.81265], [1766448000000, 85.008], [1766534400000, 70.7766], [1766707200000, 114.7223], [1766966400000, 106.488], [1767052800000, 107.8224], [1767139200000, 103.86675], [1767312000000, 147.03745], [1767571200000, 182.5032], [1767657600000, 362.181], [1767744000000, 139.682], [1767830400000, 391.8378], [1767916800000, 159.3072], [1768176000000, 211.52], [1768262400000, 162.0928], [1768348800000, 129.72], [1768435200000, 144.6626], [1768521600000, 104.90465], [1768780800000, 107.765], [1768867200000, 74.365], [1768953600000, 116.2437], [1769040000000, 150.048], [1769126400000, 100.1424], [1769385600000, 99.0688], [1769472000000, 116.23225], [1769558400000, 200.9394], [1769644800000, 119.95995], [1769731200000, 100.3749], [1769990400000, 148.3421], [1770076800000, 140.4366], [1770163200000, 184.49], [1770249600000, 208.7625], [1770336000000, 141.35905], [1770595200000, 131.5491], [1770681600000, 182.748], [1770768000000, 412.1097], [1771804800000, 264.2244], [1771891200000, 197.868], [1771977600000, 216.9005], [1772064000000, 389.3312], [1772409600000, 1065.5736], [1772496000000, 631.1408], [1772582400000, 449.9145], [1772668800000, 225.3438], [1772755200000, 179.8348], [1773014400000, 300.1188], [1773100800000, 210.0856], [1773187200000, 229.0968], [1773273600000, 211.13295], [1773360000000, 1104.345], [1773619200000, 279.2505], [1773705600000, 272.6196], [1773792000000, 289.12845], [1773878400000, 530.5245], [1773964800000, 279.136], [1774224000000, 286.26], [1774310400000, 612.56475], [1774396800000, 179.5255], [1774483200000, 168.45735], [1774569600000, 224.0043], [1774828800000, 246.23735], [1774915200000, 360.70125], [1775001600000, 278.5178]], "closing_price": [[1764201600000, 2710.0], [1764288000000, 2990.0], [1764547200000, 2975.0], [1764633600000, 2890.0], [1764720000000, 2920.0], [1764806400000, 3070.0], [1764892800000, 3000.0], [1765152000000, 2955.0], [1765238400000, 2965.0], [1765324800000, 2980.0], [1765411200000, 3125.0], [1765497600000, 3165.0], [1765756800000, 3105.0], [1765843200000, 3180.0], [1765929600000, 3185.0], [1766016000000, 3220.0], [1766102400000, 3325.0], [1766361600000, 3295.0], [1766448000000, 3300.0], [1766534400000, 3295.0], [1766707200000, 3290.0], [1766966400000, 3400.0], [1767052800000, 3360.0], [1767139200000, 3445.0], [1767312000000, 3395.0], [1767571200000, 3410.0], [1767657600000, 3335.0], [1767744000000, 3310.0], [1767830400000, 3310.0], [1767916800000, 3120.0], [1768176000000, 3305.0], [1768262400000, 3440.0], [1768348800000, 3450.0], [1768435200000, 3460.0], [1768521600000, 3505.0], [1768780800000, 3500.0], [1768867200000, 3475.0], [1768953600000, 3495.0], [1769040000000, 3600.0], [1769126400000, 3720.0], [1769385600000, 3730.0], [1769472000000, 3775.0], [1769558400000, 3810.0], [1769644800000, 3795.0], [1769731200000, 3765.0], [1769990400000, 3730.0], [1770076800000, 3810.0], [1770163200000, 3800.0], [1770249600000, 3750.0], [1770336000000, 3665.0], [1770595200000, 3765.0], [1770681600000, 3880.0], [1770768000000, 4065.0], [1771804800000, 4440.0], [1771891200000, 4400.0], [1771977600000, 4610.0], [1772064000000, 4790.0], [1772409600000, 4760.0], [1772496000000, 4330.0], [1772582400000, 4050.0], [1772668800000, 4180.0], [1772755200000, 4190.0], [1773014400000, 3830.0], [1773100800000, 4195.0], [1773187200000, 4230.0], [1773273600000, 4315.0], [1773360000000, 4365.0], [1773619200000, 3995.0], [1773705600000, 4180.0], [1773792000000, 4355.0], [1773878400000, 4345.0], [1773964800000, 4160.0], [1774224000000, 3900.0], [1774310400000, 4005.0], [1774396800000, 3850.0], [1774483200000, 3935.0], [1774569600000, 3705.0], [1774828800000, 3655.0], [1774915200000, 3675.0], [1775001600000, 3740.0]], "margin_ratio": [[1764201600000, 4.111317272897654], [1764288000000, 3.5256851635598228], [1764547200000, 3.339867796952266], [1764633600000, 2.2961506855239824], [1764720000000, 3.4136758790709743], [1764806400000, 2.1767022764297965], [1764892800000, 1.9808831797932616], [1765152000000, 1.9417975001081267], [1765238400000, 1.1417492034658245], [1765324800000, 2.811888182460389], [1765411200000, 2.6599195536525237], [1765497600000, 1.479308853423295], [1765756800000, 1.2301284546516154], [1765843200000, 2.2574456122140045], [1765929600000, 1.9822736905843175], [1766016000000, 1.598324755272984], [1766102400000, 1.3882329195680694], [1766361600000, 0.9343980220002018], [1766448000000, 1.2255525280048438], [1766534400000, 1.0203797413606677], [1766707200000, 1.6539408618427693], [1766966400000, 1.5352277150642273], [1767052800000, 1.5544656372994248], [1767139200000, 1.497437394576359], [1767312000000, 2.119825411242305], [1767571200000, 2.6311318714588467], [1767657600000, 5.221530210631028], [1767744000000, 2.0137825641912834], [1767830400000, 5.649089572250335], [1767916800000, 2.2967172700142724], [1768176000000, 3.0494644118622323], [1768262400000, 2.3368770093565736], [1768348800000, 1.8701613252021971], [1768435200000, 2.085587416922567], [1768521600000, 1.5124007035451177], [1768780800000, 1.5536381067716216], [1768867200000, 1.0721133745656906], [1768953600000, 1.6758747459019938], [1769040000000, 2.1632282340729208], [1769126400000, 1.4437437827083601], [1769385600000, 1.428265790118651], [1769472000000, 1.6757096723036775], [1769558400000, 2.8969248734916313], [1769644800000, 1.7294515808139788], [1769731200000, 1.447095713853207], [1769990400000, 2.1386344304600433], [1770076800000, 2.0246615630811817], [1770163200000, 2.659775384571025], [1770249600000, 3.0097097876389425], [1770336000000, 2.0379604400040368], [1770595200000, 1.8965312918991395], [1770681600000, 2.634661130573937], [1770768000000, 5.94134769257385], [1771804800000, 3.8092989057566715], [1771891200000, 2.852644781800095], [1771977600000, 3.127034586162651], [1772064000000, 5.612952150281851], [1772409600000, 15.362276718135027], [1772496000000, 9.099098943240632], [1772582400000, 6.486376021798365], [1772668800000, 3.248760866744518], [1772755200000, 2.592661793751712], [1773014400000, 4.3267851736516585], [1773100800000, 3.0287847988120467], [1773187200000, 3.3028675230310105], [1773273600000, 3.0438843475628214], [1773360000000, 15.921240430777214], [1773619200000, 4.025928809307556], [1773705600000, 3.9303317330565286], [1773792000000, 4.168338307166644], [1773878400000, 7.648522987760045], [1773964800000, 4.024278073324395], [1774224000000, 4.1269841269841265], [1774310400000, 8.831289736603088], [1774396800000, 2.5882026440609542], [1774483200000, 2.4286341421218802], [1774569600000, 3.2294494182777562], [1774828800000, 3.5499812580194052], [1774915200000, 5.200196790796245], [1775001600000, 4.01536554070614]]}