{"margin_balance": [[1766361600000, 14.4613], [1766448000000, 11.865], [1766534400000, 4.7428], [1766707200000, 7.50891], [1766966400000, 11.9972], [1767052800000, 5.43165], [1767139200000, 7.38514], [1767312000000, 30.06021], [1767571200000, 9.32756], [1767657600000, 6.10344], [1767744000000, 3.0191], [1767830400000, 4.5152], [1767916800000, 2.52882], [1768176000000, 4.8764], [1768262400000, 8.15262], [1768348800000, 4.43486], [1768435200000, 2.85498], [1768521600000, 2.7192], [1768780800000, 5.06499], [1768867200000, 9.52956], [1768953600000, 6.1124], [1769040000000, 5.44236], [1769126400000, 3.77784], [1769385600000, 2.85428], [1769472000000, 8.22081], [1769558400000, 1.08672], [1769644800000, 4.6656], [1769731200000, 3.2091], [1769990400000, 2.33987], [1770076800000, 7.06176], [1770163200000, 4.624], [1770249600000, 1.83141], [1770336000000, 2.53266], [1770595200000, 1.1058], [1770681600000, 4.63166], [1770768000000, 13.8417], [1771804800000, 19.96576], [1771891200000, 7.29015], [1771977600000, 7.7814], [1772064000000, 5.70657], [1772409600000, 3.47011]], "closing_price": [[1766361600000, 730.0], [1766448000000, 678.0], [1766534400000, 668.0], [1766707200000, 687.0], [1766966400000, 712.0], [1767052800000, 739.0], [1767139200000, 749.0], [1767312000000, 769.0], [1767571200000, 731.0], [1767657600000, 692.0], [1767744000000, 665.0], [1767830400000, 680.0], [1767916800000, 669.0], [1768176000000, 668.0], [1768262400000, 658.0], [1768348800000, 622.0], [1768435200000, 622.0], [1768521600000, 618.0], [1768780800000, 623.0], [1768867200000, 618.0], [1768953600000, 590.0], [1769040000000, 589.0], [1769126400000, 583.0], [1769385600000, 572.0], [1769472000000, 591.0], [1769558400000, 566.0], [1769644800000, 576.0], [1769731200000, 563.0], [1769990400000, 533.0], [1770076800000, 576.0], [1770163200000, 578.0], [1770249600000, 567.0], [1770336000000, 573.0], [1770595200000, 570.0], [1770681600000, 569.0], [1770768000000, 645.0], [1771804800000, 688.0], [1771891200000, 655.0], [1771977600000, 660.0], [1772064000000, 669.0], [1772409600000, 623.0]], "margin_ratio": [[1766361600000, 7.02652932316214], [1766448000000, 5.765025994849618], [1766534400000, 2.3044555658131287], [1766707200000, 3.6484670327000632], [1766966400000, 5.82925999708469], [1767052800000, 2.6391574753413343], [1767139200000, 3.5883290413488167], [1767312000000, 14.605806326223217], [1767571200000, 4.532121859967932], [1767657600000, 2.96557018609397], [1767744000000, 1.466935523055245], [1767830400000, 2.1938681308002526], [1767916800000, 1.2287158058403382], [1768176000000, 2.3693698071036393], [1768262400000, 3.9612360915407416], [1768348800000, 2.154832126718818], [1768435200000, 1.3871920703561536], [1768521600000, 1.3212185996793158], [1768780800000, 2.4610028667217336], [1768867200000, 4.630270637967057], [1768953600000, 2.9699237160487826], [1769040000000, 2.644361304115446], [1769126400000, 1.8355959380010687], [1769385600000, 1.386851950828434], [1769472000000, 3.994368592391041], [1769558400000, 0.5280209902337106], [1769644800000, 2.2669452407560375], [1769731200000, 1.5592536805791748], [1769990400000, 1.1369078276079878], [1770076800000, 3.4312035372430882], [1770163200000, 2.2467324231086923], [1770249600000, 0.8898547203731597], [1770336000000, 1.2305816043924007], [1770595200000, 0.5372916767892716], [1770681600000, 2.250454302512026], [1770768000000, 6.725474952626207], [1771804800000, 9.701064088236723], [1771891200000, 3.542174821437248], [1771977600000, 3.7808658471405665], [1772064000000, 2.772736990428065], [1772409600000, 1.6860745347650745]]}