{"margin_balance": [[1764288000000, 0.0033720000000000004], [1764547200000, 0.005004000000000001], [1764633600000, 0.00539], [1764720000000, 0.006635999999999999], [1764806400000, 0.00702], [1764892800000, 0.007321999999999999], [1765152000000, 0.008738], [1765238400000, 0.012627], [1765324800000, 0.012213], [1765411200000, 0.014067], [1765497600000, 0.011396], [1765756800000, 0.012925], [1765843200000, 0.01813], [1765929600000, 0.01841], [1766016000000, 0.01924], [1766102400000, 0.01484], [1766361600000, 0.015051], [1766448000000, 0.015166999999999998], [1766534400000, 0.014588], [1766707200000, 0.01456], [1766966400000, 0.015021999999999997], [1767052800000, 0.016058], [1767139200000, 0.022], [1767312000000, 0.026817999999999995], [1767571200000, 0.020268], [1767657600000, 0.019285], [1767744000000, 0.017696], [1767830400000, 0.018326], [1767916800000, 0.01744], [1768176000000, 0.015834], [1768262400000, 0.015689], [1768348800000, 0.016356], [1768435200000, 0.07854]], "closing_price": [[1737072000000, 53.6], [1737331200000, 53.5], [1737417600000, 53.0], [1737504000000, 53.8], [1738540800000, 54.0], [1738627200000, 54.5], [1738713600000, 55.6], [1738800000000, 55.8], [1738886400000, 59.3], [1739145600000, 58.9], [1739232000000, 57.5], [1739318400000, 57.1], [1739404800000, 57.9], [1739491200000, 57.7], [1739750400000, 57.8], [1739836800000, 58.7], [1739923200000, 58.3], [1740009600000, 58.3], [1740096000000, 58.5], [1740355200000, 56.6], [1740441600000, 56.1], [1740528000000, 56.5], [1740614400000, 56.2], [1740960000000, 54.8], [1741046400000, 55.2], [1741132800000, 55.2], [1741219200000, 56.3], [1741305600000, 57.3], [1741564800000, 56.7], [1741651200000, 55.6], [1741737600000, 55.4], [1741824000000, 56.2], [1741910400000, 55.7], [1742169600000, 55.5], [1742256000000, 55.7], [1742342400000, 55.1], [1742428800000, 55.3], [1742515200000, 56.4], [1742774400000, 59.5], [1742860800000, 57.5], [1742947200000, 56.7], [1743033600000, 56.7], [1743120000000, 53.9], [1743379200000, 52.2], [1743465600000, 52.1], [1743552000000, 52.6], [1743984000000, 47.35], [1744070400000, 42.8], [1744156800000, 39.4], [1744243200000, 43.3], [1744329600000, 43.3], [1744588800000, 47.6], [1744675200000, 48.5], [1744761600000, 47.7], [1744848000000, 46.25], [1744934400000, 46.8], [1745193600000, 46.0], [1745280000000, 45.5], [1745366400000, 46.8], [1745452800000, 47.9], [1745539200000, 49.5], [1745798400000, 51.0], [1745884800000, 50.6], [1745971200000, 49.1], [1746144000000, 49.15], [1746403200000, 47.0], [1746489600000, 47.85], [1746576000000, 47.0], [1746662400000, 48.15], [1746748800000, 46.75], [1747008000000, 48.4], [1747094400000, 48.4], [1747180800000, 49.45], [1747267200000, 49.5], [1747353600000, 48.7], [1747612800000, 48.0], [1747699200000, 48.0], [1747785600000, 48.9], [1747872000000, 48.9], [1747958400000, 47.9], [1748217600000, 47.9], [1748304000000, 48.7], [1748390400000, 47.35], [1748476800000, 47.4], [1748822400000, 45.9], [1748908800000, 46.15], [1748995200000, 46.6], [1749081600000, 46.0], [1749168000000, 46.05], [1749427200000, 46.7], [1749513600000, 45.5], [1749600000000, 44.8], [1749686400000, 44.8], [1749772800000, 44.8], [1750032000000, 45.0], [1750118400000, 44.5], [1750204800000, 44.45], [1750291200000, 43.3], [1750377600000, 43.3], [1750636800000, 41.7], [1750723200000, 42.3], [1750809600000, 43.0], [1750896000000, 43.75], [1750982400000, 44.0], [1751241600000, 44.0], [1751328000000, 43.1], [1751414400000, 43.45], [1751500800000, 43.2], [1751587200000, 42.35], [1751846400000, 44.5], [1751932800000, 43.8], [1752019200000, 43.9], [1752105600000, 42.9], [1752192000000, 43.0], [1752451200000, 42.8], [1752537600000, 44.25], [1752624000000, 43.5], [1752710400000, 44.4], [1752796800000, 44.5], [1753056000000, 43.4], [1753142400000, 43.2], [1753228800000, 43.1], [1753315200000, 43.2], [1753401600000, 43.2], [1753660800000, 43.2], [1753747200000, 43.85], [1753833600000, 44.5], [1753920000000, 44.0], [1754006400000, 43.65], [1754265600000, 44.25], [1754352000000, 45.1], [1754438400000, 45.1], [1754524800000, 45.5], [1754611200000, 45.05], [1754870400000, 45.1], [1754956800000, 45.2], [1755043200000, 46.9], [1755129600000, 47.6], [1755216000000, 46.7], [1755475200000, 47.25], [1755561600000, 47.0], [1755648000000, 46.9], [1755734400000, 46.9], [1755820800000, 47.8], [1756080000000, 46.9], [1756166400000, 47.1], [1756252800000, 48.0], [1756339200000, 47.9], [1756425600000, 47.5], [1756684800000, 46.5], [1756771200000, 46.65], [1756857600000, 46.2], [1756944000000, 46.3], [1757030400000, 46.1], [1757289600000, 45.85], [1757376000000, 46.1], [1757462400000, 46.0], [1757548800000, 45.7], [1757635200000, 45.85], [1757894400000, 45.0], [1757980800000, 45.0], [1758067200000, 45.8], [1758153600000, 44.8], [1758240000000, 44.9], [1758499200000, 45.1], [1758585600000, 45.0], [1758672000000, 44.55], [1758758400000, 44.3], [1758844800000, 43.8], [1759190400000, 44.8], [1759276800000, 44.9], [1759363200000, 44.6], [1759449600000, 44.05], [1759795200000, 44.05], [1759881600000, 44.0], [1759968000000, 43.7], [1760313600000, 43.3], [1760400000000, 43.05], [1760486400000, 43.1], [1760572800000, 43.1], [1760659200000, 43.55], [1760918400000, 43.45], [1761004800000, 43.9], [1761091200000, 43.55], [1761177600000, 43.25], [1761523200000, 43.3], [1761609600000, 43.5], [1761696000000, 43.2], [1761782400000, 43.2], [1761868800000, 43.8], [1762128000000, 44.1], [1762214400000, 42.65], [1762300800000, 46.9], [1762387200000, 51.5], [1762473600000, 56.6], [1762732800000, 52.6], [1762819200000, 57.6], [1762905600000, 56.0], [1762992000000, 56.3], [1763078400000, 61.9], [1763337600000, 62.9], [1763424000000, 63.0], [1763510400000, 65.0], [1763596800000, 62.6], [1763683200000, 56.9], [1763942400000, 55.6], [1764028800000, 56.5], [1764115200000, 55.5], [1764201600000, 56.5], [1764288000000, 56.2], [1764547200000, 55.6], [1764633600000, 53.9], [1764720000000, 55.3], [1764806400000, 54.0], [1764892800000, 52.3], [1765152000000, 51.4], [1765238400000, 54.9], [1765324800000, 53.1], [1765411200000, 52.1], [1765497600000, 51.8], [1765756800000, 51.7], [1765843200000, 51.8], [1765929600000, 52.6], [1766016000000, 52.0], [1766102400000, 53.0], [1766361600000, 51.9], [1766448000000, 52.3], [1766534400000, 52.1], [1766707200000, 52.0], [1766966400000, 51.8], [1767052800000, 51.8], [1767139200000, 55.0], [1767312000000, 58.3], [1767571200000, 56.3], [1767657600000, 55.1], [1767744000000, 55.3], [1767830400000, 53.9], [1767916800000, 54.5], [1768176000000, 54.6], [1768262400000, 54.1], [1768348800000, 56.4], [1768435200000, 59.5]], "margin_ratio": [[1764288000000, 0.025526116578349734], [1764547200000, 0.037880393641180926], [1764633600000, 0.04080242240726722], [1764720000000, 0.0502346707040121], [1764806400000, 0.05314155942467827], [1764892800000, 0.055427706283118834], [1765152000000, 0.0661468584405753], [1765238400000, 0.09558667676003027], [1765324800000, 0.09245268735806207], [1765411200000, 0.10648750946252838], [1765497600000, 0.0862679788039364], [1765756800000, 0.09784254352763058], [1765843200000, 0.1372445117335352], [1765929600000, 0.13936411809235424], [1766016000000, 0.1456472369417108], [1766102400000, 0.11233913701741106], [1766361600000, 0.11393641180923542], [1766448000000, 0.1148145344436033], [1766534400000, 0.11043149129447388], [1766707200000, 0.11021953065859197], [1766966400000, 0.1137168811506434], [1767052800000, 0.12155942467827402], [1767139200000, 0.16654049962149883], [1767312000000, 0.20301286903860707], [1767571200000, 0.15342922028766084], [1767657600000, 0.14598788796366388], [1767744000000, 0.13395912187736564], [1767830400000, 0.13872823618470853], [1767916800000, 0.13202119606358817], [1768176000000, 0.11986373959121878], [1768262400000, 0.1187660862982589], [1768348800000, 0.12381529144587433], [1768435200000, 0.5945495836487509]]}