{"margin_balance": [[1757289600000, 6.62067], [1757376000000, 4.24673], [1757462400000, 3.47842], [1757548800000, 2.92656], [1757635200000, 2.09328], [1757894400000, 2.63078], [1757980800000, 1.70451], [1758067200000, 3.44076], [1758153600000, 1.165425], [1758240000000, 1.10271], [1758499200000, 1.00647], [1758585600000, 0.73514], [1758672000000, 0.578765], [1758758400000, 0.5797], [1758844800000, 1.57335], [1759190400000, 0.708525], [1759276800000, 1.07565], [1759363200000, 1.076355], [1759449600000, 2.295], [1759795200000, 1.711], [1759881600000, 1.59685], [1759968000000, 1.27735], [1760313600000, 1.2367], [1760400000000, 0.6969], [1760486400000, 0.79328], [1760572800000, 0.48924], [1760659200000, 0.89397], [1760918400000, 0.62916], [1761004800000, 0.85848], [1761091200000, 1.47924], [1761177600000, 0.40158], [1761523200000, 3.554615], [1761609600000, 1.5435], [1761696000000, 0.442935], [1761782400000, 2.47104], [1761868800000, 1.5785], [1762128000000, 0.72165], [1762214400000, 0.52266], [1762300800000, 1.35036], [1762387200000, 3.952245], [1762473600000, 1.106], [1762732800000, 1.99215], [1762819200000, 1.266135], [1762905600000, 0.240555], [1762992000000, 0.39325], [1763078400000, 0.44986], [1763337600000, 0.77816], [1763424000000, 3.6575], [1763510400000, 0.38979], [1763596800000, 0.366525], [1763683200000, 0.5886], [1763942400000, 0.26112], [1764028800000, 0.2943], [1764115200000, 0.297995], [1764201600000, 0.911375], [1764288000000, 2.3994], [1764547200000, 0.37944], [1764633600000, 0.302475], [1764720000000, 0.531375], [1764806400000, 0.31065], [1764892800000, 0.198925], [1765152000000, 0.28392], [1765238400000, 0.273], [1765324800000, 0.336405], [1765411200000, 0.29532], [1765497600000, 4.274975], [1765756800000, 1.54726], [1765843200000, 1.06428], [1765929600000, 0.33768], [1766016000000, 0.2948], [1766102400000, 0.11653], [1766361600000, 0.10298], [1766448000000, 0.25474], [1766534400000, 0.436455], [1766707200000, 0.51512], [1766966400000, 0.35904], [1767052800000, 0.83545], [1767139200000, 2.04849], [1767312000000, 1.39876], [1767571200000, 4.485], [1767657600000, 3.81045], [1767744000000, 6.9264], [1767830400000, 0.6498], [1767916800000, 0.434775], [1768176000000, 0.8832], [1768262400000, 0.3672], [1768348800000, 0.5751], [1768435200000, 0.3672], [1768521600000, 0.621], [1768780800000, 0.73959], [1768867200000, 0.668915]], "closing_price": [[1757289600000, 339.0], [1757376000000, 331.0], [1757462400000, 326.0], [1757548800000, 336.0], [1757635200000, 336.0], [1757894400000, 330.5], [1757980800000, 321.0], [1758067200000, 318.0], [1758153600000, 307.5], [1758240000000, 311.5], [1758499200000, 316.5], [1758585600000, 311.5], [1758672000000, 309.5], [1758758400000, 310.0], [1758844800000, 308.5], [1759190400000, 301.5], [1759276800000, 303.0], [1759363200000, 301.5], [1759449600000, 300.0], [1759795200000, 295.0], [1759881600000, 293.0], [1759968000000, 295.0], [1760313600000, 298.0], [1760400000000, 303.0], [1760486400000, 296.0], [1760572800000, 302.0], [1760659200000, 297.0], [1760918400000, 294.0], [1761004800000, 294.0], [1761091200000, 293.5], [1761177600000, 291.0], [1761523200000, 294.5], [1761609600000, 294.0], [1761696000000, 289.5], [1761782400000, 288.0], [1761868800000, 287.0], [1762128000000, 283.0], [1762214400000, 281.0], [1762300800000, 279.0], [1762387200000, 280.5], [1762473600000, 280.0], [1762732800000, 285.0], [1762819200000, 279.5], [1762905600000, 276.5], [1762992000000, 275.0], [1763078400000, 271.0], [1763337600000, 274.0], [1763424000000, 275.0], [1763510400000, 274.5], [1763596800000, 271.5], [1763683200000, 272.5], [1763942400000, 272.0], [1764028800000, 270.0], [1764115200000, 278.5], [1764201600000, 287.5], [1764288000000, 279.0], [1764547200000, 279.0], [1764633600000, 272.5], [1764720000000, 272.5], [1764806400000, 272.5], [1764892800000, 272.5], [1765152000000, 273.0], [1765238400000, 273.0], [1765324800000, 273.5], [1765411200000, 276.0], [1765497600000, 278.5], [1765756800000, 270.5], [1765843200000, 271.5], [1765929600000, 268.0], [1766016000000, 268.0], [1766102400000, 271.0], [1766361600000, 271.0], [1766448000000, 271.0], [1766534400000, 274.5], [1766707200000, 274.0], [1766966400000, 272.0], [1767052800000, 269.5], [1767139200000, 281.0], [1767312000000, 289.0], [1767571200000, 287.5], [1767657600000, 285.0], [1767744000000, 288.0], [1767830400000, 285.0], [1767916800000, 280.5], [1768176000000, 276.0], [1768262400000, 270.0], [1768348800000, 270.0], [1768435200000, 270.0], [1768521600000, 270.0], [1768780800000, 267.0], [1768867200000, 266.5]], "margin_ratio": [[1757289600000, 6.284451827242525], [1757376000000, 4.031067869008069], [1757462400000, 3.301775035595634], [1757548800000, 2.777940199335548], [1757635200000, 1.9869767441860464], [1757894400000, 2.4971808258187], [1757980800000, 1.617949691504509], [1758067200000, 3.2660275272899857], [1758153600000, 1.1062411010915996], [1758240000000, 1.0467109634551497], [1758499200000, 0.9553583293782629], [1758585600000, 0.6978073089700997], [1758672000000, 0.5493735168485999], [1758758400000, 0.5502610346464167], [1758844800000, 1.493450403417181], [1759190400000, 0.6725439012814428], [1759276800000, 1.0210251542477458], [1759363200000, 1.0216943521594686], [1759449600000, 2.178452776459421], [1759795200000, 1.6241101091599435], [1759881600000, 1.5157570004746086], [1759968000000, 1.212482202183199], [1760313600000, 1.1738965353583293], [1760400000000, 0.6615092548647366], [1760486400000, 0.7529947793070717], [1760572800000, 0.46439487422876125], [1760659200000, 0.8485714285714288], [1760918400000, 0.5972093023255816], [1761004800000, 0.8148837209302326], [1761091200000, 1.404119601328904], [1761177600000, 0.38118652112007595], [1761523200000, 3.3741006169909826], [1761609600000, 1.4651162790697676], [1761696000000, 0.4204413858566683], [1761782400000, 2.3455529188419555], [1761868800000, 1.4983388704318938], [1762128000000, 0.6850023730422402], [1762214400000, 0.49611770289511153], [1762300800000, 1.2817845277645943], [1762387200000, 3.7515377313716187], [1762473600000, 1.0498338870431894], [1762732800000, 1.8909824394874228], [1762819200000, 1.2018367346938776], [1762905600000, 0.2283388704318937], [1762992000000, 0.3732795443758899], [1763078400000, 0.4270147128618889], [1763337600000, 0.7386426198386331], [1763424000000, 3.471760797342193], [1763510400000, 0.36999525391551974], [1763596800000, 0.3479117228286664], [1763683200000, 0.5587090650213574], [1763942400000, 0.24785951589938304], [1764028800000, 0.2793545325106787], [1764115200000, 0.2828618889416232], [1764201600000, 0.8650925486473661], [1764288000000, 2.277551020408163], [1764547200000, 0.3601708590412909], [1764633600000, 0.28711438063597533], [1764720000000, 0.504390128144281], [1764806400000, 0.29487422876127195], [1764892800000, 0.18882297104888468], [1765152000000, 0.26950166112956814], [1765238400000, 0.25913621262458475], [1765324800000, 0.31932130991931656], [1765411200000, 0.28032273374466066], [1765497600000, 4.057878500237305], [1765756800000, 1.468685334598956], [1765843200000, 1.0102325581395348], [1765929600000, 0.320531561461794], [1766016000000, 0.2798291409587091], [1766102400000, 0.11061224489795918], [1766361600000, 0.09775035595633602], [1766448000000, 0.24180351210251547], [1766534400000, 0.4142904603701946], [1766707200000, 0.4889606074988135], [1766966400000, 0.3408068343616517], [1767052800000, 0.7930232558139535], [1767139200000, 1.944461319411486], [1767312000000, 1.3277266255339346], [1767571200000, 4.257237778832463], [1767657600000, 3.6169435215946844], [1767744000000, 6.574655908875178], [1767830400000, 0.6168011390602753], [1767916800000, 0.4126957759848126], [1768176000000, 0.8383483626008542], [1768262400000, 0.3485524442335074], [1768348800000, 0.5458946369245372], [1768435200000, 0.3485524442335074], [1768521600000, 0.5894636924537257], [1768780800000, 0.70203132415757], [1768867200000, 0.6349454200284765]]}