{"margin_balance": [[1770595200000, 0.01114], [1771200000000, 0.026085], [1771804800000, 0.027642000000000003], [1771891200000, 0.029268], [1771977600000, 0.028027999999999994], [1772064000000, 0.029573999999999996], [1772409600000, 0.036168], [1772496000000, 0.036992], [1772582400000, 0.037875], [1772668800000, 0.038625], [1772755200000, 0.04004], [1773014400000, 0.041583], [1773100800000, 0.041998], [1773187200000, 0.04316], [1773273600000, 0.04976400000000001], [1773360000000, 0.106301], [1773619200000, 0.082194], [1773705600000, 0.0726], [1773792000000, 0.10773], [1773878400000, 0.171171], [1773964800000, 0.120891], [1774224000000, 0.120727], [1774310400000, 0.22346800000000003], [1774396800000, 0.24263399999999996], [1774483200000, 0.358995], [1774569600000, 0.308414], [1774828800000, 0.34445], [1774915200000, 0.33696], [1775001600000, 0.362511], [1775088000000, 0.31111600000000006], [1775520000000, 0.29143], [1775606400000, 0.274228], [1775692800000, 0.2499], [1775779200000, 0.194655], [1776038400000, 0.196], [1776124800000, 0.201433], [1776211200000, 0.20204800000000003]], "closing_price": [[1754265600000, 109.5], [1754870400000, 144.0], [1755475200000, 125.5], [1756080000000, 123.0], [1756684800000, 112.5], [1757289600000, 99.0], [1757894400000, 100.0], [1758499200000, 97.2], [1759104000000, 89.8], [1759708800000, 85.8], [1760313600000, 87.7], [1760918400000, 78.9], [1761523200000, 80.4], [1762128000000, 75.4], [1762732800000, 71.6], [1763337600000, 74.8], [1763942400000, 66.8], [1764547200000, 71.1], [1765152000000, 70.0], [1765756800000, 61.5], [1766361600000, 60.4], [1766966400000, 61.3], [1767571200000, 57.3], [1768176000000, 57.0], [1768780800000, 58.4], [1769385600000, 58.9], [1769990400000, 55.3], [1770595200000, 55.7], [1771200000000, 55.5], [1771804800000, 54.2], [1771891200000, 54.2], [1771977600000, 53.9], [1772064000000, 55.8], [1772409600000, 54.8], [1772496000000, 54.4], [1772582400000, 50.5], [1772668800000, 51.5], [1772755200000, 52.0], [1773014400000, 50.1], [1773100800000, 50.6], [1773187200000, 52.0], [1773273600000, 57.2], [1773360000000, 62.9], [1773619200000, 61.8], [1773705600000, 60.0], [1773792000000, 63.0], [1773878400000, 69.3], [1773964800000, 68.3], [1774224000000, 66.7], [1774310400000, 69.4], [1774396800000, 76.3], [1774483200000, 78.9], [1774569600000, 79.9], [1774828800000, 83.0], [1774915200000, 83.2], [1775001600000, 85.7], [1775088000000, 77.2], [1775520000000, 75.5], [1775606400000, 76.6], [1775692800000, 70.0], [1775779200000, 68.3], [1776038400000, 70.0], [1776124800000, 69.7], [1776211200000, 70.4]], "margin_ratio": [[1770595200000, 0.04676742233417297], [1771200000000, 0.1095088161209068], [1771804800000, 0.11604534005037785], [1771891200000, 0.12287153652392946], [1771977600000, 0.11766582703610409], [1772064000000, 0.12415617128463474], [1772409600000, 0.15183879093198993], [1772496000000, 0.15529806884970612], [1772582400000, 0.15900503778337532], [1772668800000, 0.1621536523929471], [1772755200000, 0.16809403862300587], [1773014400000, 0.17457178841309823], [1773100800000, 0.17631402183039463], [1773187200000, 0.1811922753988245], [1773273600000, 0.20891687657430733], [1773360000000, 0.44626784214945425], [1773619200000, 0.34506297229219146], [1773705600000, 0.3047858942065491], [1773792000000, 0.45226700251889174], [1773878400000, 0.7186020151133501], [1773964800000, 0.5075188916876574], [1774224000000, 0.5068303946263645], [1774310400000, 0.9381528127623847], [1774396800000, 1.018614609571788], [1774483200000, 1.5071158690176323], [1774569600000, 1.294769101595298], [1774828800000, 1.446053736356003], [1774915200000, 1.414609571788413], [1775001600000, 1.521876574307305], [1775088000000, 1.3061125104953824], [1775520000000, 1.223467674223342], [1775606400000, 1.1512510495382033], [1775692800000, 1.0491183879093198], [1775779200000, 0.8171914357682618], [1776038400000, 0.8228379513014275], [1776124800000, 0.8456465155331654], [1776211200000, 0.8482283795130144]]}