{"margin_balance": [[1764201600000, 285.1733], [1764288000000, 244.5521], [1764547200000, 231.66325], [1764633600000, 159.2679], [1764720000000, 236.7828], [1764806400000, 150.9826], [1764892800000, 137.4], [1765152000000, 134.6889], [1765238400000, 79.19515], [1765324800000, 195.041], [1765411200000, 184.5], [1765497600000, 102.6093], [1765756800000, 85.3254], [1765843200000, 156.5832], [1765929600000, 137.49645], [1766016000000, 110.8646], [1766102400000, 96.292], [1766361600000, 64.81265], [1766448000000, 85.008], [1766534400000, 70.7766], [1766707200000, 114.7223], [1766966400000, 106.488], [1767052800000, 107.8224], [1767139200000, 103.86675], [1767312000000, 147.03745], [1767571200000, 182.5032], [1767657600000, 362.181], [1767744000000, 139.682], [1767830400000, 391.8378], [1767916800000, 159.3072], [1768176000000, 211.52], [1768262400000, 162.0928], [1768348800000, 129.72], [1768435200000, 144.6626], [1768521600000, 104.90465], [1768780800000, 107.765], [1768867200000, 74.365], [1768953600000, 116.2437], [1769040000000, 150.048], [1769126400000, 100.1424]], "closing_price": [[1764201600000, 2710.0], [1764288000000, 2990.0], [1764547200000, 2975.0], [1764633600000, 2890.0], [1764720000000, 2920.0], [1764806400000, 3070.0], [1764892800000, 3000.0], [1765152000000, 2955.0], [1765238400000, 2965.0], [1765324800000, 2980.0], [1765411200000, 3125.0], [1765497600000, 3165.0], [1765756800000, 3105.0], [1765843200000, 3180.0], [1765929600000, 3185.0], [1766016000000, 3220.0], [1766102400000, 3325.0], [1766361600000, 3295.0], [1766448000000, 3300.0], [1766534400000, 3295.0], [1766707200000, 3290.0], [1766966400000, 3400.0], [1767052800000, 3360.0], [1767139200000, 3445.0], [1767312000000, 3395.0], [1767571200000, 3410.0], [1767657600000, 3335.0], [1767744000000, 3310.0], [1767830400000, 3310.0], [1767916800000, 3120.0], [1768176000000, 3305.0], [1768262400000, 3440.0], [1768348800000, 3450.0], [1768435200000, 3460.0], [1768521600000, 3505.0], [1768780800000, 3500.0], [1768867200000, 3475.0], [1768953600000, 3495.0], [1769040000000, 3600.0], [1769126400000, 3720.0]], "margin_ratio": [[1764201600000, 4.24909444988296], [1764288000000, 3.6438368206884113], [1764547200000, 3.451792400680038], [1764633600000, 2.373098568254862], [1764720000000, 3.528073916133618], [1764806400000, 2.2496472414805275], [1764892800000, 2.047265916598499], [1765152000000, 2.006870409855484], [1765238400000, 1.1800111452322097], [1765324800000, 2.9061192986847733], [1765411200000, 2.7490579447774603], [1765497600000, 1.5288829884718367], [1765756800000, 1.271352134207668], [1765843200000, 2.3330964226486612], [1765929600000, 2.0487030257517445], [1766016000000, 1.6518873139543373], [1766102400000, 1.4347549464417952], [1766361600000, 0.9657112759055875], [1766448000000, 1.266622860540067], [1766534400000, 1.0545743877199805], [1766707200000, 1.709367210071237], [1766966400000, 1.5866757854930198], [1767052800000, 1.6065584029537845], [1767139200000, 1.5476190476190474], [1767312000000, 2.190864336597933], [1767571200000, 2.7193055387930065], [1767657600000, 5.3965124959211135], [1767744000000, 2.0812678148639847], [1767830400000, 5.8384000929762685], [1767916800000, 2.373684139947164], [1768176000000, 3.151657108289043], [1768262400000, 2.4151896998982325], [1768348800000, 1.932833585889063], [1768435200000, 2.1554789693342213], [1768521600000, 1.5630838023121887], [1768780800000, 1.6057031404820759], [1768867200000, 1.1080417022405193], [1768953600000, 1.7320361355844318], [1769040000000, 2.235721661235601], [1769126400000, 1.4921260722443486]]}