{"margin_balance": [[1763337600000, 0.89352], [1763424000000, 0.18952600000000003], [1763510400000, 0.083664], [1763596800000, 0.07623], [1763683200000, 0.166896], [1763942400000, 0.201985], [1764028800000, 0.08976], [1764115200000, 0.060695], [1764201600000, 0.137], [1764288000000, 0.138305], [1764547200000, 0.03571200000000001], [1764633600000, 0.090545], [1764720000000, 0.270875], [1764806400000, 0.047775], [1764892800000, 0.031072], [1765152000000, 0.069083], [1765238400000, 0.24363899999999997], [1765324800000, 0.072457], [1765411200000, 0.08789], [1765497600000, 0.08303699999999999], [1765756800000, 0.0466], [1765843200000, 0.010043], [1765929600000, 0.08784], [1766016000000, 0.015385], [1766102400000, 0.014912], [1766361600000, 0.04545], [1766448000000, 0.01456], [1766534400000, 0.067379], [1766707200000, 0.02852], [1766966400000, 0.01656], [1767052800000, 0.070528], [1767139200000, 0.02883], [1767312000000, 0.028799], [1767571200000, 0.026796000000000004], [1767657600000, 0.02733], [1767744000000, 0.064255], [1767830400000, 0.02534], [1767916800000, 0.01844], [1768176000000, 0.03185], [1768262400000, 0.024435], [1768348800000, 0.038829], [1768435200000, 0.011856000000000002], [1768521600000, 0.02668], [1768780800000, 0.022875], [1768867200000, 0.017138], [1768953600000, 0.008199], [1769040000000, 0.012683999999999997], [1769126400000, 0.010871999999999998], [1769385600000, 0.04732], [1769472000000, 0.0182], [1769558400000, 0.062376], [1769644800000, 0.0387], [1769731200000, 0.041877], [1769990400000, 0.01068], [1770076800000, 0.007128], [1770163200000, 0.007104], [1770249600000, 0.01232], [1770336000000, 0.01513], [1770595200000, 0.01068], [1770681600000, 0.028384], [1770768000000, 0.032708], [1771804800000, 0.018921], [1771891200000, 0.0099]], "closing_price": [[1763337600000, 102.0], [1763424000000, 98.2], [1763510400000, 99.6], [1763596800000, 99.0], [1763683200000, 97.6], [1763942400000, 101.5], [1764028800000, 102.0], [1764115200000, 99.5], [1764201600000, 100.0], [1764288000000, 99.5], [1764547200000, 99.2], [1764633600000, 99.5], [1764720000000, 98.5], [1764806400000, 97.5], [1764892800000, 97.1], [1765152000000, 97.3], [1765238400000, 96.3], [1765324800000, 94.1], [1765411200000, 93.5], [1765497600000, 93.3], [1765756800000, 93.2], [1765843200000, 91.3], [1765929600000, 91.5], [1766016000000, 90.5], [1766102400000, 93.2], [1766361600000, 90.9], [1766448000000, 91.0], [1766534400000, 92.3], [1766707200000, 92.0], [1766966400000, 92.0], [1767052800000, 92.8], [1767139200000, 93.0], [1767312000000, 92.9], [1767571200000, 92.4], [1767657600000, 91.1], [1767744000000, 90.5], [1767830400000, 90.5], [1767916800000, 92.2], [1768176000000, 91.0], [1768262400000, 90.5], [1768348800000, 90.3], [1768435200000, 91.2], [1768521600000, 92.0], [1768780800000, 91.5], [1768867200000, 90.2], [1768953600000, 91.1], [1769040000000, 90.6], [1769126400000, 90.6], [1769385600000, 91.0], [1769472000000, 91.0], [1769558400000, 90.4], [1769644800000, 90.0], [1769731200000, 89.1], [1769990400000, 89.0], [1770076800000, 89.1], [1770163200000, 88.8], [1770249600000, 88.0], [1770336000000, 89.0], [1770595200000, 89.0], [1770681600000, 88.7], [1770768000000, 88.4], [1771804800000, 90.1], [1771891200000, 90.0]], "margin_ratio": [[1763337600000, 3.2729670329670326], [1763424000000, 0.6942344322344324], [1763510400000, 0.3064615384615385], [1763596800000, 0.2792307692307692], [1763683200000, 0.6113406593406593], [1763942400000, 0.7398717948717949], [1764028800000, 0.3287912087912088], [1764115200000, 0.22232600732600732], [1764201600000, 0.5018315018315018], [1764288000000, 0.5066117216117216], [1764547200000, 0.13081318681318685], [1764633600000, 0.33166666666666667], [1764720000000, 0.9922161172161171], [1764806400000, 0.175], [1764892800000, 0.11381684981684982], [1765152000000, 0.2530512820512821], [1765238400000, 0.8924505494505494], [1765324800000, 0.2654102564102564], [1765411200000, 0.32194139194139193], [1765497600000, 0.3041648351648351], [1765756800000, 0.1706959706959707], [1765843200000, 0.03678754578754578], [1765929600000, 0.32175824175824175], [1766016000000, 0.05635531135531135], [1766102400000, 0.054622710622710624], [1766361600000, 0.16648351648351647], [1766448000000, 0.05333333333333334], [1766534400000, 0.2468095238095238], [1766707200000, 0.10446886446886447], [1766966400000, 0.06065934065934065], [1767052800000, 0.2583443223443223], [1767139200000, 0.1056043956043956], [1767312000000, 0.10549084249084249], [1767571200000, 0.09815384615384616], [1767657600000, 0.1001098901098901], [1767744000000, 0.23536630036630038], [1767830400000, 0.09282051282051282], [1767916800000, 0.06754578754578755], [1768176000000, 0.11666666666666668], [1768262400000, 0.0895054945054945], [1768348800000, 0.14223076923076924], [1768435200000, 0.043428571428571434], [1768521600000, 0.09772893772893772], [1768780800000, 0.08379120879120878], [1768867200000, 0.06277655677655677], [1768953600000, 0.03003296703296703], [1769040000000, 0.04646153846153845], [1769126400000, 0.039824175824175814], [1769385600000, 0.17333333333333334], [1769472000000, 0.06666666666666667], [1769558400000, 0.22848351648351647], [1769644800000, 0.14175824175824175], [1769731200000, 0.15339560439560437], [1769990400000, 0.03912087912087912], [1770076800000, 0.026109890109890108], [1770163200000, 0.026021978021978025], [1770249600000, 0.045128205128205125], [1770336000000, 0.05542124542124542], [1770595200000, 0.03912087912087912], [1770681600000, 0.10397069597069596], [1770768000000, 0.11980952380952381], [1771804800000, 0.0693076923076923], [1771891200000, 0.03626373626373627]]}