{"margin_balance": [[1764201600000, 285.1733], [1764288000000, 244.5521], [1764547200000, 231.66325], [1764633600000, 159.2679], [1764720000000, 236.7828], [1764806400000, 150.9826], [1764892800000, 137.4], [1765152000000, 134.6889], [1765238400000, 79.19515], [1765324800000, 195.041], [1765411200000, 184.5], [1765497600000, 102.6093], [1765756800000, 85.3254], [1765843200000, 156.5832], [1765929600000, 137.49645], [1766016000000, 110.8646], [1766102400000, 96.292], [1766361600000, 64.81265], [1766448000000, 85.008], [1766534400000, 70.7766], [1766707200000, 114.7223], [1766966400000, 106.488], [1767052800000, 107.8224], [1767139200000, 103.86675], [1767312000000, 147.03745], [1767571200000, 182.5032], [1767657600000, 362.181], [1767744000000, 139.682], [1767830400000, 391.8378], [1767916800000, 159.3072], [1768176000000, 211.52], [1768262400000, 162.0928], [1768348800000, 129.72], [1768435200000, 144.6626], [1768521600000, 104.90465], [1768780800000, 107.765], [1768867200000, 74.365], [1768953600000, 116.2437], [1769040000000, 150.048], [1769126400000, 100.1424], [1769385600000, 99.0688], [1769472000000, 116.23225], [1769558400000, 200.9394], [1769644800000, 119.95995], [1769731200000, 100.3749], [1769990400000, 148.3421], [1770076800000, 140.4366], [1770163200000, 184.49], [1770249600000, 208.7625], [1770336000000, 141.35905], [1770595200000, 131.5491], [1770681600000, 182.748], [1770768000000, 412.1097], [1771804800000, 264.2244], [1771891200000, 197.868], [1771977600000, 216.9005]], "closing_price": [[1764201600000, 2710.0], [1764288000000, 2990.0], [1764547200000, 2975.0], [1764633600000, 2890.0], [1764720000000, 2920.0], [1764806400000, 3070.0], [1764892800000, 3000.0], [1765152000000, 2955.0], [1765238400000, 2965.0], [1765324800000, 2980.0], [1765411200000, 3125.0], [1765497600000, 3165.0], [1765756800000, 3105.0], [1765843200000, 3180.0], [1765929600000, 3185.0], [1766016000000, 3220.0], [1766102400000, 3325.0], [1766361600000, 3295.0], [1766448000000, 3300.0], [1766534400000, 3295.0], [1766707200000, 3290.0], [1766966400000, 3400.0], [1767052800000, 3360.0], [1767139200000, 3445.0], [1767312000000, 3395.0], [1767571200000, 3410.0], [1767657600000, 3335.0], [1767744000000, 3310.0], [1767830400000, 3310.0], [1767916800000, 3120.0], [1768176000000, 3305.0], [1768262400000, 3440.0], [1768348800000, 3450.0], [1768435200000, 3460.0], [1768521600000, 3505.0], [1768780800000, 3500.0], [1768867200000, 3475.0], [1768953600000, 3495.0], [1769040000000, 3600.0], [1769126400000, 3720.0], [1769385600000, 3730.0], [1769472000000, 3775.0], [1769558400000, 3810.0], [1769644800000, 3795.0], [1769731200000, 3765.0], [1769990400000, 3730.0], [1770076800000, 3810.0], [1770163200000, 3800.0], [1770249600000, 3750.0], [1770336000000, 3665.0], [1770595200000, 3765.0], [1770681600000, 3880.0], [1770768000000, 4065.0], [1771804800000, 4440.0], [1771891200000, 4400.0], [1771977600000, 4610.0]], "margin_ratio": [[1764201600000, 3.291614484921448], [1764288000000, 2.8227440460869175], [1764547200000, 2.6739744194985247], [1764633600000, 1.8383506682533766], [1764720000000, 2.733066855348163], [1764806400000, 1.7427175444934746], [1764892800000, 1.5859403044682197], [1765152000000, 1.554647416844902], [1765238400000, 0.9141104825575422], [1765324800000, 2.251261884452591], [1765411200000, 2.1295923302357096], [1765497600000, 1.1843684460208943], [1765756800000, 0.9848689290747644], [1765843200000, 1.8073625027846298], [1765929600000, 1.5870535791579283], [1766016000000, 1.2796552946051483], [1766102400000, 1.1114509737835065], [1766361600000, 0.7481003920989241], [1766448000000, 0.9812053377164075], [1766534400000, 0.8169393198924702], [1766707200000, 1.3241828194417353], [1766966400000, 1.229138363480435], [1767052800000, 1.2445406832932617], [1767139200000, 1.1988825700081838], [1767312000000, 1.6971806275198735], [1767571200000, 2.1065442545445734], [1767657600000, 4.18047631304661], [1767744000000, 1.6122803028291837], [1767830400000, 4.522790100685279], [1767916800000, 1.8388042887334755], [1768176000000, 2.441470838436083], [1768262400000, 1.8709570930429857], [1768348800000, 1.4972938595023104], [1768435200000, 1.6697689074902784], [1768521600000, 1.2108625368350219], [1768780800000, 1.2438781434571884], [1768867200000, 0.8583584479023227], [1768953600000, 1.341743587849435], [1769040000000, 1.7319299185214514], [1769126400000, 1.1558942383273525], [1769385600000, 1.143502204041493], [1769472000000, 1.341611426157396], [1769558400000, 2.319344200987346], [1769644800000, 1.3846384252328414], [1769731200000, 1.1585778709386252], [1769990400000, 1.7122395577835157], [1770076800000, 1.6209902777473184], [1770163200000, 2.1294769051771607], [1770249600000, 2.409642378541097], [1770336000000, 1.6316376622732043], [1770595200000, 1.5184062569615742], [1770681600000, 2.109369859977862], [1770768000000, 4.756778625125958], [1771804800000, 3.049811684016977], [1771891200000, 2.2838925485044954], [1771977600000, 2.5035752911885667]]}