{"margin_balance": [[1764201600000, 285.1733], [1764288000000, 244.5521], [1764547200000, 231.66325], [1764633600000, 159.2679], [1764720000000, 236.7828], [1764806400000, 150.9826], [1764892800000, 137.4], [1765152000000, 134.6889], [1765238400000, 79.19515], [1765324800000, 195.041], [1765411200000, 184.5], [1765497600000, 102.6093], [1765756800000, 85.3254], [1765843200000, 156.5832], [1765929600000, 137.49645], [1766016000000, 110.8646], [1766102400000, 96.292], [1766361600000, 64.81265], [1766448000000, 85.008], [1766534400000, 70.7766], [1766707200000, 114.7223], [1766966400000, 106.488], [1767052800000, 107.8224], [1767139200000, 103.86675], [1767312000000, 147.03745], [1767571200000, 182.5032], [1767657600000, 362.181], [1767744000000, 139.682], [1767830400000, 391.8378], [1767916800000, 159.3072], [1768176000000, 211.52], [1768262400000, 162.0928], [1768348800000, 129.72], [1768435200000, 144.6626], [1768521600000, 104.90465], [1768780800000, 107.765], [1768867200000, 74.365], [1768953600000, 116.2437], [1769040000000, 150.048], [1769126400000, 100.1424], [1769385600000, 99.0688], [1769472000000, 116.23225], [1769558400000, 200.9394], [1769644800000, 119.95995], [1769731200000, 100.3749], [1769990400000, 148.3421], [1770076800000, 140.4366], [1770163200000, 184.49], [1770249600000, 208.7625], [1770336000000, 141.35905], [1770595200000, 131.5491], [1770681600000, 182.748], [1770768000000, 412.1097], [1771804800000, 264.2244], [1771891200000, 197.868], [1771977600000, 216.9005], [1772064000000, 389.3312], [1772409600000, 1065.5736], [1772496000000, 631.1408], [1772582400000, 449.9145], [1772668800000, 225.3438], [1772755200000, 179.8348], [1773014400000, 300.1188], [1773100800000, 210.0856], [1773187200000, 229.0968], [1773273600000, 211.13295], [1773360000000, 1104.345], [1773619200000, 279.2505], [1773705600000, 272.6196], [1773792000000, 289.12845], [1773878400000, 530.5245], [1773964800000, 279.136], [1774224000000, 286.26], [1774310400000, 612.56475], [1774396800000, 179.5255], [1774483200000, 168.45735], [1774569600000, 224.0043], [1774828800000, 246.23735], [1774915200000, 360.70125], [1775001600000, 278.5178], [1775088000000, 278.32], [1775520000000, 220.2518], [1775606400000, 309.204], [1775692800000, 278.659], [1775779200000, 378.3234], [1776038400000, 218.82245], [1776124800000, 199.28]], "closing_price": [[1764201600000, 2710.0], [1764288000000, 2990.0], [1764547200000, 2975.0], [1764633600000, 2890.0], [1764720000000, 2920.0], [1764806400000, 3070.0], [1764892800000, 3000.0], [1765152000000, 2955.0], [1765238400000, 2965.0], [1765324800000, 2980.0], [1765411200000, 3125.0], [1765497600000, 3165.0], [1765756800000, 3105.0], [1765843200000, 3180.0], [1765929600000, 3185.0], [1766016000000, 3220.0], [1766102400000, 3325.0], [1766361600000, 3295.0], [1766448000000, 3300.0], [1766534400000, 3295.0], [1766707200000, 3290.0], [1766966400000, 3400.0], [1767052800000, 3360.0], [1767139200000, 3445.0], [1767312000000, 3395.0], [1767571200000, 3410.0], [1767657600000, 3335.0], [1767744000000, 3310.0], [1767830400000, 3310.0], [1767916800000, 3120.0], [1768176000000, 3305.0], [1768262400000, 3440.0], [1768348800000, 3450.0], [1768435200000, 3460.0], [1768521600000, 3505.0], [1768780800000, 3500.0], [1768867200000, 3475.0], [1768953600000, 3495.0], [1769040000000, 3600.0], [1769126400000, 3720.0], [1769385600000, 3730.0], [1769472000000, 3775.0], [1769558400000, 3810.0], [1769644800000, 3795.0], [1769731200000, 3765.0], [1769990400000, 3730.0], [1770076800000, 3810.0], [1770163200000, 3800.0], [1770249600000, 3750.0], [1770336000000, 3665.0], [1770595200000, 3765.0], [1770681600000, 3880.0], [1770768000000, 4065.0], [1771804800000, 4440.0], [1771891200000, 4400.0], [1771977600000, 4610.0], [1772064000000, 4790.0], [1772409600000, 4760.0], [1772496000000, 4330.0], [1772582400000, 4050.0], [1772668800000, 4180.0], [1772755200000, 4190.0], [1773014400000, 3830.0], [1773100800000, 4195.0], [1773187200000, 4230.0], [1773273600000, 4315.0], [1773360000000, 4365.0], [1773619200000, 3995.0], [1773705600000, 4180.0], [1773792000000, 4355.0], [1773878400000, 4345.0], [1773964800000, 4160.0], [1774224000000, 3900.0], [1774310400000, 4005.0], [1774396800000, 3850.0], [1774483200000, 3935.0], [1774569600000, 3705.0], [1774828800000, 3655.0], [1774915200000, 3675.0], [1775001600000, 3740.0], [1775088000000, 4000.0], [1775520000000, 3890.0], [1775606400000, 4200.0], [1775692800000, 4450.0], [1775779200000, 4305.0], [1776038400000, 4235.0], [1776124800000, 4240.0]], "margin_ratio": [[1764201600000, 3.7871268128981534], [1764288000000, 3.2476736604042196], [1764547200000, 3.076508584913553], [1764633600000, 2.1150918915760415], [1764720000000, 3.1444966647056405], [1764806400000, 2.005062369938128], [1764892800000, 1.824684232683096], [1765152000000, 1.7886805833146304], [1765238400000, 1.0517186427217808], [1765324800000, 2.590161844445005], [1765411200000, 2.45017642598276], [1765497600000, 1.3626606392769258], [1765756800000, 1.1331289084962026], [1765843200000, 2.0794388365579604], [1765929600000, 1.8259650972700123], [1766016000000, 1.4722917582439472], [1766102400000, 1.2787663328494954], [1766361600000, 0.8607177622518782], [1766448000000, 1.1289138082381704], [1766534400000, 0.939919549220658], [1766707200000, 1.523522357693886], [1766966400000, 1.4141701205964885], [1767052800000, 1.4318910713977426], [1767139200000, 1.3793596872273433], [1767312000000, 1.9526704267025408], [1767571200000, 2.4236587442082214], [1767657600000, 4.809795924871881], [1767744000000, 1.8549893958489099], [1767830400000, 5.203640869208388], [1767916800000, 2.115613799074909], [1768176000000, 2.8090044315657097], [1768262400000, 2.1526068150760884], [1768348800000, 1.7226931489348705], [1768435200000, 1.9211322072703176], [1768521600000, 1.3931430916312864], [1768780800000, 1.431128794287437], [1768867200000, 0.9875738206948939], [1768953600000, 1.5437266851436973], [1769040000000, 1.992650798730955], [1769126400000, 1.3298999876495172], [1769385600000, 1.3156424840672132], [1769472000000, 1.5435746281243068], [1769558400000, 2.668493121577887], [1769644800000, 1.5930788160003828], [1769731200000, 1.3329876083489263], [1769990400000, 1.9699962948551606], [1770076800000, 1.8650105510307342], [1770163200000, 2.450043625092463], [1770249600000, 2.772384586066265], [1770336000000, 1.8772607691561964], [1770595200000, 1.7469837597791256], [1770681600000, 2.426909710002696], [1770768000000, 5.472853506009904], [1771804800000, 3.5089235558235186], [1771891200000, 2.627704656132015], [1771977600000, 2.8804579505901007], [1772064000000, 5.170352998046499], [1772409600000, 14.150912275715896], [1772496000000, 8.38160601428672], [1772582400000, 5.974904615760544], [1772668800000, 2.9925857262947093], [1772755200000, 2.3882221546413245], [1773014400000, 3.985604383491787], [1773100800000, 2.7899554718614836], [1773187200000, 3.0424259004232366], [1773273600000, 2.8038643731067574], [1773360000000, 14.665799919522662], [1773619200000, 3.708471501592946], [1773705600000, 3.6204125592457976], [1773792000000, 3.8396515570240384], [1773878400000, 7.045412592446019], [1773964800000, 3.7069509313990445], [1774224000000, 3.801558285646747], [1774310400000, 8.134914416466248], [1774396800000, 2.3841146231044332], [1774483200000, 2.2371286057101725], [1774569600000, 2.9747970470394036], [1774828800000, 3.27005393044155], [1774915200000, 4.790144713130157], [1775001600000, 3.6987411803608734], [1775088000000, 3.696114378750795], [1775520000000, 2.924963512955391], [1775606400000, 4.106256648344571], [1775692800000, 3.700616328931869], [1775779200000, 5.0241684340251815], [1776038400000, 2.9059816177007654], [1776124800000, 2.646456141841975]]}