{"margin_balance": [[1763337600000, 0.89352], [1763424000000, 0.18952600000000003], [1763510400000, 0.083664], [1763596800000, 0.07623], [1763683200000, 0.166896], [1763942400000, 0.201985], [1764028800000, 0.08976], [1764115200000, 0.060695], [1764201600000, 0.137], [1764288000000, 0.138305], [1764547200000, 0.03571200000000001], [1764633600000, 0.090545], [1764720000000, 0.270875], [1764806400000, 0.047775], [1764892800000, 0.031072], [1765152000000, 0.069083], [1765238400000, 0.24363899999999997], [1765324800000, 0.072457], [1765411200000, 0.08789], [1765497600000, 0.08303699999999999], [1765756800000, 0.0466], [1765843200000, 0.010043], [1765929600000, 0.08784], [1766016000000, 0.015385], [1766102400000, 0.014912], [1766361600000, 0.04545], [1766448000000, 0.01456], [1766534400000, 0.067379], [1766707200000, 0.02852], [1766966400000, 0.01656], [1767052800000, 0.070528], [1767139200000, 0.02883], [1767312000000, 0.028799], [1767571200000, 0.026796000000000004], [1767657600000, 0.02733], [1767744000000, 0.064255], [1767830400000, 0.02534], [1767916800000, 0.01844], [1768176000000, 0.03185], [1768262400000, 0.024435], [1768348800000, 0.038829], [1768435200000, 0.011856000000000002], [1768521600000, 0.02668], [1768780800000, 0.022875], [1768867200000, 0.017138], [1768953600000, 0.008199], [1769040000000, 0.012683999999999997], [1769126400000, 0.010871999999999998], [1769385600000, 0.04732], [1769472000000, 0.0182], [1769558400000, 0.062376], [1769644800000, 0.0387], [1769731200000, 0.041877], [1769990400000, 0.01068], [1770076800000, 0.007128]], "closing_price": [[1763337600000, 102.0], [1763424000000, 98.2], [1763510400000, 99.6], [1763596800000, 99.0], [1763683200000, 97.6], [1763942400000, 101.5], [1764028800000, 102.0], [1764115200000, 99.5], [1764201600000, 100.0], [1764288000000, 99.5], [1764547200000, 99.2], [1764633600000, 99.5], [1764720000000, 98.5], [1764806400000, 97.5], [1764892800000, 97.1], [1765152000000, 97.3], [1765238400000, 96.3], [1765324800000, 94.1], [1765411200000, 93.5], [1765497600000, 93.3], [1765756800000, 93.2], [1765843200000, 91.3], [1765929600000, 91.5], [1766016000000, 90.5], [1766102400000, 93.2], [1766361600000, 90.9], [1766448000000, 91.0], [1766534400000, 92.3], [1766707200000, 92.0], [1766966400000, 92.0], [1767052800000, 92.8], [1767139200000, 93.0], [1767312000000, 92.9], [1767571200000, 92.4], [1767657600000, 91.1], [1767744000000, 90.5], [1767830400000, 90.5], [1767916800000, 92.2], [1768176000000, 91.0], [1768262400000, 90.5], [1768348800000, 90.3], [1768435200000, 91.2], [1768521600000, 92.0], [1768780800000, 91.5], [1768867200000, 90.2], [1768953600000, 91.1], [1769040000000, 90.6], [1769126400000, 90.6], [1769385600000, 91.0], [1769472000000, 91.0], [1769558400000, 90.4], [1769644800000, 90.0], [1769731200000, 89.1], [1769990400000, 89.0], [1770076800000, 89.1]], "margin_ratio": [[1763337600000, 3.2874172185430464], [1763424000000, 0.6972994849153791], [1763510400000, 0.30781456953642383], [1763596800000, 0.2804635761589404], [1763683200000, 0.6140397350993377], [1763942400000, 0.7431383370125092], [1764028800000, 0.33024282560706403], [1764115200000, 0.22330757910228108], [1764201600000, 0.504047093451067], [1764288000000, 0.5088484179543783], [1764547200000, 0.13139072847682123], [1764633600000, 0.33313097866078], [1764720000000, 0.996596762325239], [1764806400000, 0.17577262693156734], [1764892800000, 0.11431935246504782], [1765152000000, 0.25416850625459897], [1765238400000, 0.8963907284768211], [1765324800000, 0.2665820456217807], [1765411200000, 0.32336276674025016], [1765497600000, 0.3055077262693156], [1765756800000, 0.17144959529065493], [1765843200000, 0.03694996320824136], [1765929600000, 0.32317880794701986], [1766016000000, 0.056604120676968364], [1766102400000, 0.054863870493009566], [1766361600000, 0.1672185430463576], [1766448000000, 0.05356880058866814], [1766534400000, 0.24789919058130974], [1766707200000, 0.10493009565857249], [1766966400000, 0.06092715231788079], [1767052800000, 0.25948491537895507], [1767139200000, 0.10607064017660044], [1767312000000, 0.10595658572479766], [1767571200000, 0.09858719646799119], [1767657600000, 0.10055187637969096], [1767744000000, 0.23640544518027964], [1767830400000, 0.09323031640912437], [1767916800000, 0.0678440029433407], [1768176000000, 0.11718175128771156], [1768262400000, 0.08990066225165562], [1768348800000, 0.1428587196467991], [1768435200000, 0.04362030905077263], [1768521600000, 0.09816041206769682], [1768780800000, 0.08416114790286976], [1768867200000, 0.06305371596762326], [1768953600000, 0.030165562913907283], [1769040000000, 0.046666666666666655], [1769126400000, 0.039999999999999994], [1769385600000, 0.17409860191317145], [1769472000000, 0.06696100073583518], [1769558400000, 0.22949227373068432], [1769644800000, 0.14238410596026488], [1769731200000, 0.1540728476821192], [1769990400000, 0.039293598233995586], [1770076800000, 0.026225165562913905]]}