{"margin_balance": [[1751241600000, 0.05642], [1751846400000, 0.108794], [1752451200000, 0.14261800000000002], [1753056000000, 0.14514], [1753660800000, 0.12214800000000002], [1754265600000, 0.150288], [1754870400000, 0.153819], [1755475200000, 0.180575], [1756080000000, 0.196322], [1756684800000, 0.244655], [1757289600000, 0.254696], [1757894400000, 0.24547600000000003], [1758499200000, 0.267288], [1759104000000, 0.268858], [1759708800000, 0.28236], [1760313600000, 0.279531], [1760918400000, 0.294476], [1761523200000, 0.279747], [1762128000000, 0.272586], [1762732800000, 0.27412499999999995], [1763337600000, 0.243873], [1763942400000, 0.27125], [1764547200000, 0.27945], [1765152000000, 0.270825], [1765756800000, 0.2816], [1766361600000, 0.273462], [1766966400000, 0.27315399999999995], [1767571200000, 0.27703500000000003], [1768176000000, 0.274155], [1768780800000, 0.281615], [1769385600000, 0.3976], [1769990400000, 0.396705], [1770595200000, 0.381808], [1771200000000, 0.383454], [1771804800000, 0.38042399999999993], [1771891200000, 0.37908], [1771977600000, 0.367104], [1772064000000, 0.34277], [1772409600000, 0.3345], [1772496000000, 0.336284], [1772582400000, 0.32648], [1772668800000, 0.33868799999999993], [1772755200000, 0.359568], [1773014400000, 0.35189], [1773100800000, 0.3544920000000001], [1773187200000, 0.31212], [1773273600000, 0.311762], [1773360000000, 0.32873800000000003], [1773619200000, 0.324064], [1773705600000, 0.321625], [1773792000000, 0.319758], [1773878400000, 0.31529], [1773964800000, 0.31334399999999996], [1774224000000, 0.312528], [1774310400000, 0.304906], [1774396800000, 0.30865600000000004], [1774483200000, 0.29898], [1774569600000, 0.29406000000000004], [1774828800000, 0.29367], [1774915200000, 0.288949], [1775001600000, 0.29396399999999995], [1775088000000, 0.29008], [1775520000000, 0.288904], [1775606400000, 0.294392], [1775692800000, 0.30810800000000005], [1775779200000, 0.323049], [1776038400000, 0.333594], [1776124800000, 0.337995], [1776211200000, 0.36978200000000006]], "closing_price": [[1750636800000, 84.5], [1751241600000, 80.6], [1751846400000, 81.8], [1752451200000, 85.4], [1753056000000, 82.0], [1753660800000, 75.4], [1754265600000, 74.4], [1754870400000, 72.9], [1755475200000, 77.5], [1756080000000, 75.8], [1756684800000, 83.5], [1757289600000, 80.6], [1757894400000, 79.7], [1758499200000, 77.7], [1759104000000, 75.1], [1759708800000, 78.0], [1760313600000, 78.3], [1760918400000, 80.9], [1761523200000, 79.7], [1762128000000, 75.3], [1762732800000, 73.1], [1763337600000, 71.1], [1763942400000, 77.5], [1764547200000, 81.0], [1765152000000, 78.5], [1765756800000, 80.0], [1766361600000, 76.6], [1766966400000, 76.3], [1767571200000, 75.9], [1768176000000, 73.5], [1768780800000, 75.5], [1769385600000, 80.0], [1769990400000, 79.5], [1770595200000, 78.4], [1771200000000, 78.9], [1771804800000, 78.6], [1771891200000, 78.0], [1771977600000, 76.8], [1772064000000, 75.5], [1772409600000, 75.0], [1772496000000, 75.4], [1772582400000, 74.2], [1772668800000, 75.6], [1772755200000, 79.2], [1773014400000, 77.0], [1773100800000, 77.4], [1773187200000, 76.5], [1773273600000, 76.6], [1773360000000, 77.9], [1773619200000, 77.9], [1773705600000, 77.5], [1773792000000, 77.8], [1773878400000, 76.9], [1773964800000, 76.8], [1774224000000, 76.6], [1774310400000, 75.1], [1774396800000, 76.4], [1774483200000, 75.5], [1774569600000, 75.4], [1774828800000, 75.3], [1774915200000, 73.9], [1775001600000, 74.8], [1775088000000, 74.0], [1775520000000, 73.7], [1775606400000, 75.1], [1775692800000, 78.2], [1775779200000, 77.1], [1776038400000, 77.4], [1776124800000, 77.7], [1776211200000, 85.4]], "margin_ratio": [[1751241600000, 0.16993975903614456], [1751846400000, 0.3276927710843373], [1752451200000, 0.42957228915662654], [1753056000000, 0.4371686746987951], [1753660800000, 0.36791566265060244], [1754265600000, 0.4526746987951807], [1754870400000, 0.4633102409638554], [1755475200000, 0.5439006024096386], [1756080000000, 0.5913313253012048], [1756684800000, 0.7369126506024096], [1757289600000, 0.767156626506024], [1757894400000, 0.7393855421686748], [1758499200000, 0.8050843373493975], [1759104000000, 0.8098132530120481], [1759708800000, 0.8504819277108434], [1760313600000, 0.8419608433734939], [1760918400000, 0.8869759036144578], [1761523200000, 0.8426114457831325], [1762128000000, 0.8210421686746986], [1762732800000, 0.8256777108433733], [1763337600000, 0.7345572289156627], [1763942400000, 0.8170180722891565], [1764547200000, 0.8417168674698794], [1765152000000, 0.8157379518072287], [1765756800000, 0.8481927710843374], [1766361600000, 0.8236807228915661], [1766966400000, 0.8227530120481925], [1767571200000, 0.8344427710843374], [1768176000000, 0.8257680722891564], [1768780800000, 0.8482379518072288], [1769385600000, 1.1975903614457832], [1769990400000, 1.1948945783132527], [1770595200000, 1.1500240963855421], [1771200000000, 1.1549819277108433], [1771804800000, 1.1458554216867467], [1771891200000, 1.1418072289156624], [1771977600000, 1.105734939759036], [1772064000000, 1.0324397590361447], [1772409600000, 1.0075301204819276], [1772496000000, 1.0129036144578314], [1772582400000, 0.9833734939759035], [1772668800000, 1.0201445783132528], [1772755200000, 1.0830361445783132], [1773014400000, 1.0599096385542166], [1773100800000, 1.0677469879518073], [1773187200000, 0.9401204819277108], [1773273600000, 0.9390421686746987], [1773360000000, 0.9901746987951807], [1773619200000, 0.9760963855421686], [1773705600000, 0.9687499999999998], [1773792000000, 0.9631265060240963], [1773878400000, 0.9496686746987951], [1773964800000, 0.9438072289156625], [1774224000000, 0.9413493975903613], [1774310400000, 0.9183915662650601], [1774396800000, 0.929686746987952], [1774483200000, 0.9005421686746988], [1774569600000, 0.8857228915662652], [1774828800000, 0.8845481927710843], [1774915200000, 0.870328313253012], [1775001600000, 0.8854337349397587], [1775088000000, 0.873734939759036], [1775520000000, 0.8701927710843372], [1775606400000, 0.8867228915662649], [1775692800000, 0.9280361445783134], [1775779200000, 0.9730391566265059], [1776038400000, 1.004801204819277], [1776124800000, 1.0180572289156624], [1776211200000, 1.1138012048192771]]}