{"margin_balance": [[1766361600000, 14.4613], [1766448000000, 11.865], [1766534400000, 4.7428], [1766707200000, 7.50891], [1766966400000, 11.9972], [1767052800000, 5.43165], [1767139200000, 7.38514], [1767312000000, 30.06021], [1767571200000, 9.32756], [1767657600000, 6.10344], [1767744000000, 3.0191], [1767830400000, 4.5152], [1767916800000, 2.52882], [1768176000000, 4.8764], [1768262400000, 8.15262], [1768348800000, 4.43486], [1768435200000, 2.85498], [1768521600000, 2.7192], [1768780800000, 5.06499], [1768867200000, 9.52956], [1768953600000, 6.1124], [1769040000000, 5.44236], [1769126400000, 3.77784], [1769385600000, 2.85428], [1769472000000, 8.22081], [1769558400000, 1.08672], [1769644800000, 4.6656], [1769731200000, 3.2091], [1769990400000, 2.33987], [1770076800000, 7.06176], [1770163200000, 4.624], [1770249600000, 1.83141], [1770336000000, 2.53266], [1770595200000, 1.1058], [1770681600000, 4.63166], [1770768000000, 13.8417], [1771804800000, 19.96576], [1771891200000, 7.29015], [1771977600000, 7.7814], [1772064000000, 5.70657], [1772409600000, 3.47011], [1772496000000, 3.1248], [1772582400000, 3.07296], [1772668800000, 2.01335], [1772755200000, 1.16725], [1773014400000, 2.1888], [1773100800000, 1.18125], [1773187200000, 10.35118], [1773273600000, 4.67116], [1773360000000, 4.91579], [1773619200000, 3.80256], [1773705600000, 4.51554], [1773792000000, 4.13055], [1773878400000, 4.26682], [1773964800000, 3.36449], [1774224000000, 2.62908], [1774310400000, 2.27106], [1774396800000, 1.89864], [1774483200000, 6.20576], [1774569600000, 4.4933], [1774828800000, 3.90216], [1774915200000, 3.4237], [1775001600000, 3.03252], [1775088000000, 2.8496], [1775520000000, 3.2332], [1775606400000, 4.4517], [1775692800000, 2.80098], [1775779200000, 3.4496], [1776038400000, 9.3398], [1776124800000, 3.31822], [1776211200000, 3.03448], [1776297600000, 2.29052], [1776384000000, 3.0058], [1776643200000, 3.86496], [1776729600000, 12.86924], [1776816000000, 9.84808]], "closing_price": [[1766361600000, 730.0], [1766448000000, 678.0], [1766534400000, 668.0], [1766707200000, 687.0], [1766966400000, 712.0], [1767052800000, 739.0], [1767139200000, 749.0], [1767312000000, 769.0], [1767571200000, 731.0], [1767657600000, 692.0], [1767744000000, 665.0], [1767830400000, 680.0], [1767916800000, 669.0], [1768176000000, 668.0], [1768262400000, 658.0], [1768348800000, 622.0], [1768435200000, 622.0], [1768521600000, 618.0], [1768780800000, 623.0], [1768867200000, 618.0], [1768953600000, 590.0], [1769040000000, 589.0], [1769126400000, 583.0], [1769385600000, 572.0], [1769472000000, 591.0], [1769558400000, 566.0], [1769644800000, 576.0], [1769731200000, 563.0], [1769990400000, 533.0], [1770076800000, 576.0], [1770163200000, 578.0], [1770249600000, 567.0], [1770336000000, 573.0], [1770595200000, 570.0], [1770681600000, 569.0], [1770768000000, 645.0], [1771804800000, 688.0], [1771891200000, 655.0], [1771977600000, 660.0], [1772064000000, 669.0], [1772409600000, 623.0], [1772496000000, 630.0], [1772582400000, 582.0], [1772668800000, 601.0], [1772755200000, 575.0], [1773014400000, 576.0], [1773100800000, 625.0], [1773187200000, 691.0], [1773273600000, 676.0], [1773360000000, 667.0], [1773619200000, 699.0], [1773705600000, 699.0], [1773792000000, 685.0], [1773878400000, 673.0], [1773964800000, 661.0], [1774224000000, 654.0], [1774310400000, 666.0], [1774396800000, 648.0], [1774483200000, 656.0], [1774569600000, 686.0], [1774828800000, 687.0], [1774915200000, 670.0], [1775001600000, 683.0], [1775088000000, 685.0], [1775520000000, 685.0], [1775606400000, 710.0], [1775692800000, 702.0], [1775779200000, 704.0], [1776038400000, 697.0], [1776124800000, 661.0], [1776211200000, 664.0], [1776297600000, 662.0], [1776384000000, 665.0], [1776643200000, 704.0], [1776729600000, 772.0], [1776816000000, 722.0]], "margin_ratio": [[1766361600000, 6.088712054229296], [1766448000000, 4.9955791335101685], [1766534400000, 1.996884341711928], [1766707200000, 3.161513199444234], [1766966400000, 5.051239947791672], [1767052800000, 2.2869142351900975], [1767139200000, 3.1094017094017095], [1767312000000, 12.656397625363144], [1767571200000, 3.927228327228328], [1767657600000, 2.569761273209549], [1767744000000, 1.2711464780430297], [1767830400000, 1.901056797608522], [1767916800000, 1.0647214854111406], [1768176000000, 2.053134604858743], [1768262400000, 3.432537577365164], [1768348800000, 1.86723085343775], [1768435200000, 1.2020462296324366], [1768521600000, 1.1448781103953518], [1768780800000, 2.132537577365164], [1768867200000, 4.01227737779462], [1768953600000, 2.573533745947539], [1769040000000, 2.291423519009726], [1769126400000, 1.5906025009473284], [1769385600000, 1.2017515051997811], [1769472000000, 3.4612479474548445], [1769558400000, 0.4575470506504989], [1769644800000, 1.964380447139068], [1769731200000, 1.3511431097637994], [1769990400000, 0.9851669403393541], [1770076800000, 2.9732474422129593], [1770163200000, 1.9468653951412573], [1770249600000, 0.7710875331564987], [1770336000000, 1.0663382594417077], [1770595200000, 0.4655803966148794], [1770681600000, 1.9500905225043157], [1770768000000, 5.827838827838828], [1771804800000, 8.4062818407646], [1771891200000, 3.0694076038903626], [1771977600000, 3.2762410003789313], [1772064000000, 2.4026651509410133], [1772409600000, 1.4610374300029472], [1772496000000, 1.3156498673740054], [1772582400000, 1.293823417961349], [1772668800000, 0.8476906235526925], [1772755200000, 0.49145299145299143], [1773014400000, 0.9215611974232665], [1773100800000, 0.49734748010610075], [1773187200000, 4.358208075449454], [1773273600000, 1.9667214012041598], [1773360000000, 2.06971916971917], [1773619200000, 1.6010104837691046], [1773705600000, 1.9011999494758114], [1773792000000, 1.7391057218643429], [1773878400000, 1.7964801482042863], [1773964800000, 1.4165677234642753], [1774224000000, 1.1069344448654794], [1774310400000, 0.9561955286093218], [1774396800000, 0.7993937097385374], [1774483200000, 2.6128415645657026], [1774569600000, 1.8918361332154434], [1774828800000, 1.6429455601869394], [1774915200000, 1.4414972001178898], [1775001600000, 1.2767967664519388], [1775088000000, 1.1997810618500275], [1775520000000, 1.3612900509452235], [1775606400000, 1.874321081217633], [1775692800000, 1.1793103448275861], [1775779200000, 1.452402004126142], [1776038400000, 3.93238179445076], [1776124800000, 1.3970864384657489], [1776211200000, 1.277621994863374], [1776297600000, 0.9643888678371437], [1776384000000, 1.265546713822576], [1776643200000, 1.6272830617658205], [1776729600000, 5.4183992252957776], [1776816000000, 4.146385415350933]]}