{"margin_balance": [[1766361600000, 0.001732], [1766966400000, 0.006944], [1767571200000, 0.00684], [1768176000000, 0.0058730000000000015], [1768780800000, 0.00498], [1769385600000, 0.012976], [1769990400000, 0.020775], [1770595200000, 0.019228], [1771200000000, 0.021554], [1771804800000, 0.023058], [1771891200000, 0.026816], [1771977600000, 0.027264], [1772064000000, 0.026071], [1772409600000, 0.025885], [1772496000000, 0.022167], [1772582400000, 0.020592000000000003], [1772668800000, 0.021267999999999995], [1772755200000, 0.01932], [1773014400000, 0.0163], [1773100800000, 0.01642], [1773187200000, 0.0168], [1773273600000, 0.01676], [1773360000000, 0.01859], [1773619200000, 0.029995], [1773705600000, 0.02989], [1773792000000, 0.0323], [1773878400000, 0.03211], [1773964800000, 0.028492], [1774224000000, 0.04314599999999999], [1774310400000, 0.04483799999999999], [1774396800000, 0.047152], [1774483200000, 0.06035], [1774569600000, 0.055476], [1774828800000, 0.055476], [1774915200000, 0.045124], [1775001600000, 0.04547200000000001], [1775088000000, 0.04553], [1775520000000, 0.04466], [1775606400000, 0.048384], [1775692800000, 0.030955], [1775779200000, 0.025466000000000006], [1776038400000, 0.026712000000000003], [1776124800000, 0.02384], [1776211200000, 0.027898]], "closing_price": [[1750636800000, 106.0], [1751241600000, 100.0], [1751846400000, 96.2], [1752451200000, 103.5], [1753056000000, 99.5], [1753660800000, 100.5], [1754265600000, 100.5], [1754870400000, 101.0], [1755475200000, 98.8], [1756080000000, 97.3], [1756684800000, 97.1], [1757289600000, 96.7], [1757894400000, 93.4], [1758499200000, 90.2], [1759104000000, 89.3], [1759708800000, 89.4], [1760313600000, 88.9], [1760918400000, 87.9], [1761523200000, 86.5], [1762128000000, 84.6], [1762732800000, 90.3], [1763337600000, 87.9], [1763942400000, 85.1], [1764547200000, 87.9], [1765152000000, 86.8], [1765756800000, 89.3], [1766361600000, 86.6], [1766966400000, 86.8], [1767571200000, 85.5], [1768176000000, 83.9], [1768780800000, 83.0], [1769385600000, 81.1], [1769990400000, 83.1], [1770595200000, 83.6], [1771200000000, 82.9], [1771804800000, 85.4], [1771891200000, 83.8], [1771977600000, 85.2], [1772064000000, 84.1], [1772409600000, 83.5], [1772496000000, 82.1], [1772582400000, 79.2], [1772668800000, 81.8], [1772755200000, 84.0], [1773014400000, 81.5], [1773100800000, 82.1], [1773187200000, 84.0], [1773273600000, 83.8], [1773360000000, 84.5], [1773619200000, 85.7], [1773705600000, 85.4], [1773792000000, 85.0], [1773878400000, 84.5], [1773964800000, 83.8], [1774224000000, 84.6], [1774310400000, 84.6], [1774396800000, 84.2], [1774483200000, 85.0], [1774569600000, 80.4], [1774828800000, 80.4], [1774915200000, 77.8], [1775001600000, 78.4], [1775088000000, 78.5], [1775520000000, 77.0], [1775606400000, 76.8], [1775692800000, 75.5], [1775779200000, 74.9], [1776038400000, 74.2], [1776124800000, 74.5], [1776211200000, 75.4]], "margin_ratio": [[1766361600000, 0.006643651706942847], [1766966400000, 0.02663598005370157], [1767571200000, 0.026237054085155347], [1768176000000, 0.02252780974299962], [1768780800000, 0.019102416570771], [1769385600000, 0.04977368622938243], [1769990400000, 0.07968929804372842], [1770595200000, 0.07375527426160337], [1771200000000, 0.08267740698120445], [1771804800000, 0.08844649021864211], [1771891200000, 0.102861526658995], [1771977600000, 0.10457997698504026], [1772064000000, 0.10000383582662063], [1772409600000, 0.0992903720751822], [1772496000000, 0.08502876869965477], [1772582400000, 0.07898734177215191], [1772668800000, 0.08158036056770232], [1772755200000, 0.07410817031070195], [1773014400000, 0.06252397391637897], [1773100800000, 0.06298427311085539], [1773187200000, 0.06444188722669734], [1773273600000, 0.06428845416187189], [1773360000000, 0.07130801687763713], [1773619200000, 0.11505561948599924], [1773705600000, 0.11465285769083237], [1773792000000, 0.12389719984656694], [1773878400000, 0.12316839278864594], [1773964800000, 0.1092903720751822], [1774224000000, 0.16550057537399304], [1774310400000, 0.17199079401611042], [1774396800000, 0.18086689681626392], [1774483200000, 0.23149213655542772], [1774569600000, 0.21279631760644419], [1774828800000, 0.21279631760644419], [1774915200000, 0.1730878404296126], [1775001600000, 0.1744227080935942], [1775088000000, 0.1746451860375911], [1775520000000, 0.1713080168776371], [1775606400000, 0.18559263521288838], [1775692800000, 0.11873801304181052], [1775779200000, 0.09768316072113542], [1776038400000, 0.10246260069044881], [1776124800000, 0.09144610663598006], [1776211200000, 0.10701189106252396]]}