{"margin_balance": [[1759363200000, 0.0027029999999999992], [1759449600000, 0.0027], [1759795200000, 0.00387], [1759881600000, 0.00602], [1759968000000, 0.006896], [1760313600000, 0.00756], [1760400000000, 0.009592], [1760486400000, 0.009405], [1760572800000, 0.0113535], [1760659200000, 0.010893999999999997], [1760918400000, 0.011353999999999998], [1761004800000, 0.011592], [1761091200000, 0.011475], [1761177600000, 0.01169], [1761523200000, 0.01218], [1761609600000, 0.01245], [1761696000000, 0.012375], [1761782400000, 0.011256000000000002], [1761868800000, 0.011097], [1762128000000, 0.01107], [1762214400000, 0.010962], [1762300800000, 0.0111645], [1762387200000, 0.011259], [1762473600000, 0.011016], [1762732800000, 0.010854], [1762819200000, 0.0108675], [1762905600000, 0.0110025], [1762992000000, 0.01134], [1763078400000, 0.01053], [1763337600000, 0.0104], [1763424000000, 0.010062], [1763510400000, 0.009776], [1763596800000, 0.00988], [1763683200000, 0.00962], [1763942400000, 0.009646], [1764028800000, 0.0100305], [1764115200000, 0.0101115], [1764201600000, 0.010044], [1764288000000, 0.010416000000000002], [1764547200000, 0.010044], [1764633600000, 0.0100305], [1764720000000, 0.0100845], [1764806400000, 0.010875], [1764892800000, 0.010017], [1765152000000, 0.00999], [1765238400000, 0.0100845], [1765324800000, 0.010044], [1765411200000, 0.010044], [1765497600000, 0.010152], [1765756800000, 0.0144725], [1765843200000, 0.012726000000000003], [1765929600000, 0.035964], [1766016000000, 0.05928], [1766102400000, 0.050184000000000006], [1766361600000, 0.053192], [1766448000000, 0.0552], [1766534400000, 0.054926], [1766707200000, 0.074385], [1766966400000, 0.05916], [1767052800000, 0.0600625], [1767139200000, 0.05772], [1767312000000, 0.05382], [1767571200000, 0.05429], [1767657600000, 0.056749], [1767744000000, 0.0557805], [1767830400000, 0.05607], [1767916800000, 0.056048], [1768176000000, 0.05625], [1768262400000, 0.05575], [1768348800000, 0.055118], [1768435200000, 0.057005], [1768521600000, 0.05694]], "closing_price": [[1742860800000, 66.5], [1742947200000, 64.2], [1743033600000, 62.0], [1743120000000, 59.8], [1743379200000, 56.8], [1743465600000, 59.3], [1743552000000, 58.2], [1743984000000, 52.4], [1744070400000, 47.5], [1744156800000, 42.75], [1744243200000, 47.0], [1744329600000, 45.3], [1744588800000, 46.1], [1744675200000, 48.25], [1744761600000, 47.0], [1744848000000, 46.6], [1744934400000, 46.95], [1745193600000, 46.05], [1745280000000, 44.3], [1745366400000, 46.8], [1745452800000, 46.5], [1745539200000, 49.95], [1745798400000, 48.7], [1745884800000, 49.8], [1745971200000, 48.6], [1746144000000, 48.2], [1746403200000, 46.35], [1746489600000, 46.7], [1746576000000, 45.4], [1746662400000, 45.4], [1746748800000, 45.9], [1747008000000, 46.1], [1747094400000, 47.15], [1747180800000, 48.65], [1747267200000, 47.8], [1747353600000, 47.15], [1747612800000, 48.5], [1747699200000, 48.25], [1747785600000, 48.6], [1747872000000, 49.25], [1747958400000, 54.1], [1748217600000, 59.5], [1748304000000, 60.5], [1748390400000, 57.6], [1748476800000, 56.0], [1748822400000, 52.2], [1748908800000, 53.7], [1748995200000, 53.0], [1749081600000, 52.5], [1749168000000, 57.7], [1749427200000, 62.6], [1749513600000, 60.9], [1749600000000, 60.0], [1749686400000, 61.5], [1749772800000, 58.6], [1750032000000, 59.5], [1750118400000, 62.0], [1750204800000, 60.8], [1750291200000, 59.8], [1750377600000, 60.0], [1750636800000, 58.8], [1750723200000, 60.7], [1750809600000, 66.7], [1750896000000, 71.2], [1750982400000, 67.6], [1751241600000, 63.8], [1751328000000, 64.0], [1751414400000, 64.2], [1751500800000, 64.8], [1751587200000, 62.3], [1751846400000, 58.4], [1751932800000, 59.7], [1752019200000, 60.0], [1752105600000, 60.5], [1752192000000, 59.5], [1752451200000, 59.0], [1752537600000, 59.0], [1752624000000, 59.7], [1752710400000, 60.8], [1752796800000, 59.6], [1753056000000, 59.7], [1753142400000, 58.3], [1753228800000, 59.6], [1753315200000, 59.8], [1753401600000, 59.7], [1753660800000, 60.4], [1753747200000, 59.7], [1753833600000, 59.2], [1753920000000, 58.2], [1754006400000, 57.7], [1754265600000, 58.4], [1754352000000, 58.0], [1754438400000, 57.0], [1754524800000, 55.6], [1754611200000, 55.4], [1754870400000, 56.0], [1754956800000, 55.8], [1755043200000, 54.8], [1755129600000, 54.0], [1755216000000, 53.5], [1755475200000, 52.2], [1755561600000, 51.1], [1755648000000, 50.8], [1755734400000, 50.6], [1755820800000, 50.2], [1756080000000, 50.6], [1756166400000, 49.95], [1756252800000, 50.6], [1756339200000, 50.5], [1756425600000, 50.4], [1756684800000, 49.45], [1756771200000, 49.95], [1756857600000, 49.95], [1756944000000, 50.0], [1757030400000, 49.8], [1757289600000, 50.5], [1757376000000, 50.4], [1757462400000, 50.5], [1757548800000, 49.25], [1757635200000, 49.25], [1757894400000, 49.2], [1757980800000, 49.2], [1758067200000, 49.2], [1758153600000, 49.4], [1758240000000, 46.8], [1758499200000, 46.0], [1758585600000, 45.5], [1758672000000, 44.35], [1758758400000, 45.0], [1758844800000, 44.6], [1759190400000, 45.0], [1759276800000, 45.0], [1759363200000, 45.05], [1759449600000, 45.0], [1759795200000, 43.0], [1759881600000, 43.0], [1759968000000, 43.1], [1760313600000, 42.0], [1760400000000, 43.6], [1760486400000, 42.75], [1760572800000, 42.05], [1760659200000, 41.9], [1760918400000, 40.55], [1761004800000, 41.4], [1761091200000, 42.5], [1761177600000, 41.75], [1761523200000, 42.0], [1761609600000, 41.5], [1761696000000, 41.25], [1761782400000, 40.2], [1761868800000, 41.1], [1762128000000, 41.0], [1762214400000, 40.6], [1762300800000, 41.35], [1762387200000, 41.7], [1762473600000, 40.8], [1762732800000, 40.2], [1762819200000, 40.25], [1762905600000, 40.75], [1762992000000, 42.0], [1763078400000, 40.5], [1763337600000, 40.0], [1763424000000, 38.7], [1763510400000, 37.6], [1763596800000, 38.0], [1763683200000, 37.0], [1763942400000, 37.1], [1764028800000, 37.15], [1764115200000, 37.45], [1764201600000, 37.2], [1764288000000, 37.2], [1764547200000, 37.2], [1764633600000, 37.15], [1764720000000, 37.35], [1764806400000, 37.5], [1764892800000, 37.1], [1765152000000, 37.0], [1765238400000, 37.35], [1765324800000, 37.2], [1765411200000, 37.2], [1765497600000, 37.6], [1765756800000, 41.35], [1765843200000, 45.45], [1765929600000, 49.95], [1766016000000, 45.6], [1766102400000, 49.2], [1766361600000, 48.8], [1766448000000, 48.0], [1766534400000, 47.35], [1766707200000, 51.3], [1766966400000, 49.3], [1767052800000, 48.05], [1767139200000, 48.1], [1767312000000, 46.8], [1767571200000, 44.5], [1767657600000, 46.9], [1767744000000, 45.35], [1767830400000, 44.5], [1767916800000, 45.2], [1768176000000, 45.0], [1768262400000, 44.6], [1768348800000, 44.45], [1768435200000, 43.85], [1768521600000, 43.8]],