{"margin_balance": [[1766361600000, 14.4613], [1766448000000, 11.865], [1766534400000, 4.7428], [1766707200000, 7.50891], [1766966400000, 11.9972], [1767052800000, 5.43165], [1767139200000, 7.38514], [1767312000000, 30.06021], [1767571200000, 9.32756], [1767657600000, 6.10344], [1767744000000, 3.0191], [1767830400000, 4.5152], [1767916800000, 2.52882], [1768176000000, 4.8764], [1768262400000, 8.15262], [1768348800000, 4.43486], [1768435200000, 2.85498], [1768521600000, 2.7192], [1768780800000, 5.06499], [1768867200000, 9.52956], [1768953600000, 6.1124], [1769040000000, 5.44236], [1769126400000, 3.77784], [1769385600000, 2.85428], [1769472000000, 8.22081], [1769558400000, 1.08672], [1769644800000, 4.6656], [1769731200000, 3.2091], [1769990400000, 2.33987], [1770076800000, 7.06176], [1770163200000, 4.624], [1770249600000, 1.83141], [1770336000000, 2.53266], [1770595200000, 1.1058], [1770681600000, 4.63166], [1770768000000, 13.8417], [1771804800000, 19.96576], [1771891200000, 7.29015], [1771977600000, 7.7814], [1772064000000, 5.70657], [1772409600000, 3.47011], [1772496000000, 3.1248], [1772582400000, 3.07296], [1772668800000, 2.01335]], "closing_price": [[1766361600000, 730.0], [1766448000000, 678.0], [1766534400000, 668.0], [1766707200000, 687.0], [1766966400000, 712.0], [1767052800000, 739.0], [1767139200000, 749.0], [1767312000000, 769.0], [1767571200000, 731.0], [1767657600000, 692.0], [1767744000000, 665.0], [1767830400000, 680.0], [1767916800000, 669.0], [1768176000000, 668.0], [1768262400000, 658.0], [1768348800000, 622.0], [1768435200000, 622.0], [1768521600000, 618.0], [1768780800000, 623.0], [1768867200000, 618.0], [1768953600000, 590.0], [1769040000000, 589.0], [1769126400000, 583.0], [1769385600000, 572.0], [1769472000000, 591.0], [1769558400000, 566.0], [1769644800000, 576.0], [1769731200000, 563.0], [1769990400000, 533.0], [1770076800000, 576.0], [1770163200000, 578.0], [1770249600000, 567.0], [1770336000000, 573.0], [1770595200000, 570.0], [1770681600000, 569.0], [1770768000000, 645.0], [1771804800000, 688.0], [1771891200000, 655.0], [1771977600000, 660.0], [1772064000000, 669.0], [1772409600000, 623.0], [1772496000000, 630.0], [1772582400000, 582.0], [1772668800000, 601.0]], "margin_ratio": [[1766361600000, 7.517831149927219], [1766448000000, 6.168122270742358], [1766534400000, 2.4655853607818674], [1766707200000, 3.9035714285714285], [1766966400000, 6.2368475774589305], [1767052800000, 2.8236899563318776], [1767139200000, 3.8392285298398834], [1767312000000, 15.627058640049906], [1767571200000, 4.849012268662924], [1767657600000, 3.1729257641921396], [1767744000000, 1.5695050946142648], [1767830400000, 2.3472655437720937], [1767916800000, 1.3146288209606987], [1768176000000, 2.535038469536286], [1768262400000, 4.238209606986899], [1768348800000, 2.3055001039717196], [1768435200000, 1.4841859014348096], [1768521600000, 1.4135995009357452], [1768780800000, 2.633078602620087], [1768867200000, 4.954023705552089], [1768953600000, 3.177583697234352], [1769040000000, 2.829257641921397], [1769126400000, 1.9639426076107296], [1769385600000, 1.4838220004158869], [1769472000000, 4.27365876481597], [1769558400000, 0.5649407361197754], [1769644800000, 2.425452276980661], [1769731200000, 1.6682782283218962], [1769990400000, 1.2164015387814513], [1770076800000, 3.6711166562694943], [1770163200000, 2.4038261592846744], [1770249600000, 0.9520742358078602], [1770336000000, 1.3166250779787896], [1770595200000, 0.5748596381784153], [1770681600000, 2.407808276148887], [1770768000000, 7.195726762320648], [1771804800000, 10.379372010813057], [1771891200000, 3.7898471615720517], [1771977600000, 4.0452276980661255], [1772064000000, 2.9666094822208358], [1772409600000, 1.803966521106259], [1772496000000, 1.6244541484716157], [1772582400000, 1.597504678727386], [1772668800000, 1.0466573092118943]]}