{"margin_balance": [[1764201600000, 285.1733], [1764288000000, 244.5521], [1764547200000, 231.66325], [1764633600000, 159.2679], [1764720000000, 236.7828], [1764806400000, 150.9826], [1764892800000, 137.4], [1765152000000, 134.6889], [1765238400000, 79.19515], [1765324800000, 195.041], [1765411200000, 184.5], [1765497600000, 102.6093], [1765756800000, 85.3254], [1765843200000, 156.5832], [1765929600000, 137.49645], [1766016000000, 110.8646], [1766102400000, 96.292], [1766361600000, 64.81265], [1766448000000, 85.008], [1766534400000, 70.7766], [1766707200000, 114.7223], [1766966400000, 106.488], [1767052800000, 107.8224], [1767139200000, 103.86675], [1767312000000, 147.03745], [1767571200000, 182.5032], [1767657600000, 362.181], [1767744000000, 139.682], [1767830400000, 391.8378], [1767916800000, 159.3072], [1768176000000, 211.52], [1768262400000, 162.0928], [1768348800000, 129.72], [1768435200000, 144.6626], [1768521600000, 104.90465], [1768780800000, 107.765], [1768867200000, 74.365], [1768953600000, 116.2437], [1769040000000, 150.048], [1769126400000, 100.1424], [1769385600000, 99.0688], [1769472000000, 116.23225], [1769558400000, 200.9394], [1769644800000, 119.95995], [1769731200000, 100.3749], [1769990400000, 148.3421], [1770076800000, 140.4366], [1770163200000, 184.49], [1770249600000, 208.7625], [1770336000000, 141.35905], [1770595200000, 131.5491], [1770681600000, 182.748], [1770768000000, 412.1097], [1771804800000, 264.2244], [1771891200000, 197.868], [1771977600000, 216.9005], [1772064000000, 389.3312]], "closing_price": [[1764201600000, 2710.0], [1764288000000, 2990.0], [1764547200000, 2975.0], [1764633600000, 2890.0], [1764720000000, 2920.0], [1764806400000, 3070.0], [1764892800000, 3000.0], [1765152000000, 2955.0], [1765238400000, 2965.0], [1765324800000, 2980.0], [1765411200000, 3125.0], [1765497600000, 3165.0], [1765756800000, 3105.0], [1765843200000, 3180.0], [1765929600000, 3185.0], [1766016000000, 3220.0], [1766102400000, 3325.0], [1766361600000, 3295.0], [1766448000000, 3300.0], [1766534400000, 3295.0], [1766707200000, 3290.0], [1766966400000, 3400.0], [1767052800000, 3360.0], [1767139200000, 3445.0], [1767312000000, 3395.0], [1767571200000, 3410.0], [1767657600000, 3335.0], [1767744000000, 3310.0], [1767830400000, 3310.0], [1767916800000, 3120.0], [1768176000000, 3305.0], [1768262400000, 3440.0], [1768348800000, 3450.0], [1768435200000, 3460.0], [1768521600000, 3505.0], [1768780800000, 3500.0], [1768867200000, 3475.0], [1768953600000, 3495.0], [1769040000000, 3600.0], [1769126400000, 3720.0], [1769385600000, 3730.0], [1769472000000, 3775.0], [1769558400000, 3810.0], [1769644800000, 3795.0], [1769731200000, 3765.0], [1769990400000, 3730.0], [1770076800000, 3810.0], [1770163200000, 3800.0], [1770249600000, 3750.0], [1770336000000, 3665.0], [1770595200000, 3765.0], [1770681600000, 3880.0], [1770768000000, 4065.0], [1771804800000, 4440.0], [1771891200000, 4400.0], [1771977600000, 4610.0], [1772064000000, 4790.0]], "margin_ratio": [[1764201600000, 3.622655914552194], [1764288000000, 3.106630639969309], [1764547200000, 2.942899082056012], [1764633600000, 2.02323569539402], [1764720000000, 3.0079345116959733], [1764806400000, 1.9179846391105624], [1764892800000, 1.7454401329278426], [1765152000000, 1.7110000838421024], [1765238400000, 1.0060436182186347], [1765324800000, 2.477673864384129], [1765411200000, 2.34376786408433], [1765497600000, 1.303481733854679], [1765756800000, 1.0839183225481903], [1765843200000, 1.9891310147181003], [1765929600000, 1.7466653709250834], [1766016000000, 1.4083516896724315], [1766102400000, 1.2232308681214543], [1766361600000, 0.8233377032853403], [1766448000000, 1.0798862796210336], [1766534400000, 0.8990998407000054], [1766707200000, 1.4573573985574078], [1766966400000, 1.3527542130656485], [1767052800000, 1.3697055617801965], [1767139200000, 1.3194555598746942], [1767312000000, 1.867868022368057], [1767571200000, 2.3184018170870204], [1767657600000, 4.600911592313966], [1767744000000, 1.7744291750191186], [1767830400000, 4.977652268691073], [1767916800000, 2.023734937004093], [1768176000000, 2.687012350195759], [1768262400000, 2.0591213855796666], [1768348800000, 1.6478784137074216], [1768435200000, 1.8376994743354242], [1768521600000, 1.3326403656531935], [1768780800000, 1.3689763895558147], [1768867200000, 0.9446845377378384], [1768953600000, 1.4766842735081824], [1769040000000, 1.9061120892689731], [1769126400000, 1.2721438425597758], [1769385600000, 1.2585055272270875], [1769472000000, 1.4765388201637717], [1769558400000, 2.55260329728123], [1769644800000, 1.5238930936973605], [1769731200000, 1.2750973711689877], [1769990400000, 1.8844414464541142], [1770076800000, 1.7840151220664795], [1770163200000, 2.343640830595762], [1770249600000, 2.651982865723062], [1770336000000, 1.7957333262194581], [1770595200000, 1.6711141091014416], [1770681600000, 2.3215115968871713], [1770768000000, 5.235173286381755], [1771804800000, 3.35653472968544], [1771891200000, 2.513586231602375], [1771977600000, 2.7553627187199092], [1772064000000, 4.945810054446554]]}