{"margin_balance": [[1766361600000, 14.4613], [1766448000000, 11.865], [1766534400000, 4.7428], [1766707200000, 7.50891], [1766966400000, 11.9972], [1767052800000, 5.43165], [1767139200000, 7.38514], [1767312000000, 30.06021], [1767571200000, 9.32756], [1767657600000, 6.10344], [1767744000000, 3.0191], [1767830400000, 4.5152], [1767916800000, 2.52882], [1768176000000, 4.8764], [1768262400000, 8.15262], [1768348800000, 4.43486], [1768435200000, 2.85498], [1768521600000, 2.7192], [1768780800000, 5.06499], [1768867200000, 9.52956], [1768953600000, 6.1124], [1769040000000, 5.44236], [1769126400000, 3.77784], [1769385600000, 2.85428], [1769472000000, 8.22081], [1769558400000, 1.08672], [1769644800000, 4.6656], [1769731200000, 3.2091], [1769990400000, 2.33987], [1770076800000, 7.06176], [1770163200000, 4.624], [1770249600000, 1.83141], [1770336000000, 2.53266], [1770595200000, 1.1058], [1770681600000, 4.63166], [1770768000000, 13.8417], [1771804800000, 19.96576], [1771891200000, 7.29015], [1771977600000, 7.7814], [1772064000000, 5.70657], [1772409600000, 3.47011], [1772496000000, 3.1248], [1772582400000, 3.07296], [1772668800000, 2.01335], [1772755200000, 1.16725], [1773014400000, 2.1888], [1773100800000, 1.18125], [1773187200000, 10.35118], [1773273600000, 4.67116], [1773360000000, 4.91579], [1773619200000, 3.80256], [1773705600000, 4.51554], [1773792000000, 4.13055], [1773878400000, 4.26682], [1773964800000, 3.36449], [1774224000000, 2.62908], [1774310400000, 2.27106], [1774396800000, 1.89864], [1774483200000, 6.20576], [1774569600000, 4.4933], [1774828800000, 3.90216], [1774915200000, 3.4237], [1775001600000, 3.03252], [1775088000000, 2.8496], [1775520000000, 3.2332], [1775606400000, 4.4517], [1775692800000, 2.80098], [1775779200000, 3.4496], [1776038400000, 9.3398], [1776124800000, 3.31822], [1776211200000, 3.03448], [1776297600000, 2.29052], [1776384000000, 3.0058], [1776643200000, 3.86496], [1776729600000, 12.86924], [1776816000000, 9.84808]], "closing_price": [[1766361600000, 730.0], [1766448000000, 678.0], [1766534400000, 668.0], [1766707200000, 687.0], [1766966400000, 712.0], [1767052800000, 739.0], [1767139200000, 749.0], [1767312000000, 769.0], [1767571200000, 731.0], [1767657600000, 692.0], [1767744000000, 665.0], [1767830400000, 680.0], [1767916800000, 669.0], [1768176000000, 668.0], [1768262400000, 658.0], [1768348800000, 622.0], [1768435200000, 622.0], [1768521600000, 618.0], [1768780800000, 623.0], [1768867200000, 618.0], [1768953600000, 590.0], [1769040000000, 589.0], [1769126400000, 583.0], [1769385600000, 572.0], [1769472000000, 591.0], [1769558400000, 566.0], [1769644800000, 576.0], [1769731200000, 563.0], [1769990400000, 533.0], [1770076800000, 576.0], [1770163200000, 578.0], [1770249600000, 567.0], [1770336000000, 573.0], [1770595200000, 570.0], [1770681600000, 569.0], [1770768000000, 645.0], [1771804800000, 688.0], [1771891200000, 655.0], [1771977600000, 660.0], [1772064000000, 669.0], [1772409600000, 623.0], [1772496000000, 630.0], [1772582400000, 582.0], [1772668800000, 601.0], [1772755200000, 575.0], [1773014400000, 576.0], [1773100800000, 625.0], [1773187200000, 691.0], [1773273600000, 676.0], [1773360000000, 667.0], [1773619200000, 699.0], [1773705600000, 699.0], [1773792000000, 685.0], [1773878400000, 673.0], [1773964800000, 661.0], [1774224000000, 654.0], [1774310400000, 666.0], [1774396800000, 648.0], [1774483200000, 656.0], [1774569600000, 686.0], [1774828800000, 687.0], [1774915200000, 670.0], [1775001600000, 683.0], [1775088000000, 685.0], [1775520000000, 685.0], [1775606400000, 710.0], [1775692800000, 702.0], [1775779200000, 704.0], [1776038400000, 697.0], [1776124800000, 661.0], [1776211200000, 664.0], [1776297600000, 662.0], [1776384000000, 665.0], [1776643200000, 704.0], [1776729600000, 772.0], [1776816000000, 722.0]], "margin_ratio": [[1766361600000, 6.299573096358251], [1766448000000, 5.168583376894929], [1766534400000, 2.0660393796828718], [1766707200000, 3.2710010454783065], [1766966400000, 5.226171806935006], [1767052800000, 2.3661134343962362], [1767139200000, 3.2170848579891964], [1767312000000, 13.094707266074229], [1767571200000, 4.063234012894233], [1767657600000, 2.658755880815473], [1767744000000, 1.315168147760934], [1767830400000, 1.9668931869663706], [1767916800000, 1.1015943544171458], [1768176000000, 2.124237672068305], [1768262400000, 3.551411395713539], [1768348800000, 1.931895800662136], [1768435200000, 1.2436748562467328], [1768521600000, 1.1845269210663878], [1768780800000, 2.2063904861474124], [1768867200000, 4.151228437009932], [1768953600000, 2.6626589998257533], [1769040000000, 2.3707788813382122], [1769126400000, 1.6456874019864085], [1769385600000, 1.2433699250740549], [1769472000000, 3.581116048092002], [1769558400000, 0.47339257710402505], [1769644800000, 2.0324098274960796], [1769731200000, 1.3979351803450077], [1769990400000, 1.019284718592089], [1770076800000, 3.076215368531103], [1770163200000, 2.014288203519777], [1770249600000, 0.7977914270778881], [1770336000000, 1.103267119707266], [1770595200000, 0.48170412963931], [1770681600000, 2.017625021780798], [1770768000000, 6.0296654469419755], [1771804800000, 8.697403728872626], [1771891200000, 3.175705697856769], [1771977600000, 3.3897020386826973], [1772064000000, 2.4858729743857815], [1772409600000, 1.511635302317477], [1772496000000, 1.3612127548353372], [1772582400000, 1.338630423418714], [1772668800000, 0.8770473950165534], [1772755200000, 0.5084727304408433], [1773014400000, 0.9534762153685311], [1773100800000, 0.5145713538944066], [1773187200000, 4.509139222861125], [1773273600000, 2.0348318522390665], [1773360000000, 2.141396584770866], [1773619200000, 1.6564558285415576], [1773705600000, 1.9670412963930997], [1773792000000, 1.799333507579718], [1773878400000, 1.8586948945809374], [1773964800000, 1.4656255445199513], [1774224000000, 1.1452692106638787], [1774310400000, 0.9893099843178254], [1774396800000, 0.8270778881338212], [1774483200000, 2.7033281059418015], [1774569600000, 1.9573531974211533], [1774828800000, 1.6998431782540513], [1774915200000, 1.4914183655689144], [1775001600000, 1.3210141139571352], [1775088000000, 1.2413312423767209], [1775520000000, 1.4084335250043563], [1775606400000, 1.9392315734448509], [1775692800000, 1.2201515943544172], [1775779200000, 1.5027008189580067], [1776038400000, 4.068565952256491], [1776124800000, 1.4454695940059243], [1776211200000, 1.3218679212406341], [1776297600000, 0.9977870709182783], [1776384000000, 1.3093744554800488], [1776643200000, 1.6836382645060113], [1776729600000, 5.606046349538247], [1776816000000, 4.289980832897717]]}