{"margin_balance": [[1763337600000, 0.89352], [1763424000000, 0.18952600000000003], [1763510400000, 0.083664], [1763596800000, 0.07623], [1763683200000, 0.166896], [1763942400000, 0.201985], [1764028800000, 0.08976], [1764115200000, 0.060695], [1764201600000, 0.137], [1764288000000, 0.138305], [1764547200000, 0.03571200000000001], [1764633600000, 0.090545], [1764720000000, 0.270875], [1764806400000, 0.047775], [1764892800000, 0.031072], [1765152000000, 0.069083], [1765238400000, 0.24363899999999997], [1765324800000, 0.072457], [1765411200000, 0.08789], [1765497600000, 0.08303699999999999], [1765756800000, 0.0466], [1765843200000, 0.010043], [1765929600000, 0.08784], [1766016000000, 0.015385], [1766102400000, 0.014912], [1766361600000, 0.04545], [1766448000000, 0.01456], [1766534400000, 0.067379], [1766707200000, 0.02852], [1766966400000, 0.01656], [1767052800000, 0.070528], [1767139200000, 0.02883], [1767312000000, 0.028799], [1767571200000, 0.026796000000000004], [1767657600000, 0.02733], [1767744000000, 0.064255], [1767830400000, 0.02534], [1767916800000, 0.01844], [1768176000000, 0.03185], [1768262400000, 0.024435], [1768348800000, 0.038829], [1768435200000, 0.011856000000000002], [1768521600000, 0.02668], [1768780800000, 0.022875], [1768867200000, 0.017138], [1768953600000, 0.008199], [1769040000000, 0.012683999999999997], [1769126400000, 0.010871999999999998], [1769385600000, 0.04732], [1769472000000, 0.0182], [1769558400000, 0.062376], [1769644800000, 0.0387], [1769731200000, 0.041877], [1769990400000, 0.01068], [1770076800000, 0.007128], [1770163200000, 0.007104], [1770249600000, 0.01232], [1770336000000, 0.01513], [1770595200000, 0.01068], [1770681600000, 0.028384], [1770768000000, 0.032708], [1771804800000, 0.018921], [1771891200000, 0.0099], [1771977600000, 0.03588], [1772064000000, 0.019756], [1772409600000, 0.018963], [1772496000000, 0.0445], [1772582400000, 0.01232], [1772668800000, 0.015504]], "closing_price": [[1763337600000, 102.0], [1763424000000, 98.2], [1763510400000, 99.6], [1763596800000, 99.0], [1763683200000, 97.6], [1763942400000, 101.5], [1764028800000, 102.0], [1764115200000, 99.5], [1764201600000, 100.0], [1764288000000, 99.5], [1764547200000, 99.2], [1764633600000, 99.5], [1764720000000, 98.5], [1764806400000, 97.5], [1764892800000, 97.1], [1765152000000, 97.3], [1765238400000, 96.3], [1765324800000, 94.1], [1765411200000, 93.5], [1765497600000, 93.3], [1765756800000, 93.2], [1765843200000, 91.3], [1765929600000, 91.5], [1766016000000, 90.5], [1766102400000, 93.2], [1766361600000, 90.9], [1766448000000, 91.0], [1766534400000, 92.3], [1766707200000, 92.0], [1766966400000, 92.0], [1767052800000, 92.8], [1767139200000, 93.0], [1767312000000, 92.9], [1767571200000, 92.4], [1767657600000, 91.1], [1767744000000, 90.5], [1767830400000, 90.5], [1767916800000, 92.2], [1768176000000, 91.0], [1768262400000, 90.5], [1768348800000, 90.3], [1768435200000, 91.2], [1768521600000, 92.0], [1768780800000, 91.5], [1768867200000, 90.2], [1768953600000, 91.1], [1769040000000, 90.6], [1769126400000, 90.6], [1769385600000, 91.0], [1769472000000, 91.0], [1769558400000, 90.4], [1769644800000, 90.0], [1769731200000, 89.1], [1769990400000, 89.0], [1770076800000, 89.1], [1770163200000, 88.8], [1770249600000, 88.0], [1770336000000, 89.0], [1770595200000, 89.0], [1770681600000, 88.7], [1770768000000, 88.4], [1771804800000, 90.1], [1771891200000, 90.0], [1771977600000, 89.7], [1772064000000, 89.8], [1772409600000, 90.3], [1772496000000, 89.0], [1772582400000, 88.0], [1772668800000, 91.2]], "margin_ratio": [[1763337600000, 3.2813808299669485], [1763424000000, 0.6960190965846493], [1763510400000, 0.3072493573264781], [1763596800000, 0.27994858611825196], [1763683200000, 0.6129122291590158], [1763942400000, 0.7417737789203085], [1764028800000, 0.3296364304076386], [1764115200000, 0.22289753947851634], [1764201600000, 0.5031215571061329], [1764288000000, 0.5079140653690782], [1764547200000, 0.1311494674990819], [1764633600000, 0.3325192802056555], [1764720000000, 0.9947668013220711], [1764806400000, 0.17544987146529561], [1764892800000, 0.11410943811972088], [1765152000000, 0.2537017994858612], [1765238400000, 0.894744766801322], [1765324800000, 0.2660925449871465], [1765411200000, 0.32276900477414616], [1765497600000, 0.30494674990818943], [1765756800000, 0.17113477781858247], [1765843200000, 0.036882115313991916], [1765929600000, 0.3225853837679031], [1766016000000, 0.05650018362100624], [1766102400000, 0.05476312890194638], [1766361600000, 0.1669114946749908], [1766448000000, 0.05347043701799485], [1766534400000, 0.24744399559309582], [1766707200000, 0.10473742196107234], [1766966400000, 0.06081527726771942], [1767052800000, 0.25900844656628713], [1767139200000, 0.10587587219977965], [1767312000000, 0.10576202717590892], [1767571200000, 0.09840616966580978], [1767657600000, 0.10036724201248623], [1767744000000, 0.23597135512302608], [1767830400000, 0.09305912596401028], [1767916800000, 0.06771942710246052], [1768176000000, 0.11696658097686376], [1768262400000, 0.08973558575100991], [1768348800000, 0.14259640102827764], [1768435200000, 0.04354021300036725], [1768521600000, 0.09798016893132573], [1768780800000, 0.08400661035622475], [1768867200000, 0.06293793609988983], [1768953600000, 0.03011017260374587], [1769040000000, 0.046580976863753204], [1769126400000, 0.039926551597502746], [1769385600000, 0.17377892030848327], [1769472000000, 0.06683804627249357], [1769558400000, 0.22907087770840984], [1769644800000, 0.1421226588321704], [1769731200000, 0.15378993756885787], [1769990400000, 0.0392214469335292], [1770076800000, 0.02617701065001836], [1770163200000, 0.026088872567021665], [1770249600000, 0.04524421593830334], [1770336000000, 0.05556371648916636], [1770595200000, 0.0392214469335292], [1770681600000, 0.10423797282409107], [1770768000000, 0.1201175174439956], [1771804800000, 0.06948586118251929], [1771891200000, 0.03635695923613662], [1771977600000, 0.13176643408005878], [1772064000000, 0.07255233198677928], [1772409600000, 0.06964010282776349], [1772496000000, 0.16342269555637165], [1772582400000, 0.04524421593830334], [1772668800000, 0.05693720161586486]]}