{"margin_balance": [[1759708800000, 0.03838], [1760313600000, 0.013622], [1760918400000, 0.01536], [1761523200000, 0.01536], [1762128000000, 0.00943], [1762732800000, 0.00935], [1763337600000, 0.00918], [1763942400000, 0.00901], [1764547200000, 0.00828], [1765152000000, 0.008289], [1765756800000, 0.006391], [1766361600000, 0.00448], [1766966400000, 0.004475], [1767571200000, 0.004495], [1768176000000, 0.006904], [1768780800000, 0.050128], [1769385600000, 0.02205], [1769990400000, 0.02616], [1770595200000, 0.022307999999999995], [1771200000000, 0.022032], [1771804800000, 0.02581], [1771891200000, 0.026071000000000004], [1771977600000, 0.02697], [1772064000000, 0.02759], [1772409600000, 0.0306], [1772496000000, 0.0315], [1772582400000, 0.031104], [1772668800000, 0.03476], [1772755200000, 0.03612], [1773014400000, 0.036034], [1773100800000, 0.035732999999999994], [1773187200000, 0.036765], [1773273600000, 0.035991], [1773360000000, 0.036034], [1773619200000, 0.03652], [1773705600000, 0.039237999999999995], [1773792000000, 0.038962000000000004], [1773878400000, 0.038134], [1773964800000, 0.03818], [1774224000000, 0.038134], [1774310400000, 0.036476], [1774396800000, 0.037305000000000005], [1774483200000, 0.037306], [1774569600000, 0.037214], [1774828800000, 0.03716799999999999], [1774915200000, 0.037632000000000006], [1775001600000, 0.038493], [1775088000000, 0.0376], [1775520000000, 0.037882], [1775606400000, 0.036388], [1775692800000, 0.037035], [1775779200000, 0.036938], [1776038400000, 0.037214], [1776124800000, 0.036708], [1776211200000, 0.03591]], "closing_price": [[1750636800000, 103.5], [1751241600000, 103.5], [1751846400000, 101.5], [1752451200000, 99.8], [1753056000000, 98.5], [1753660800000, 101.5], [1754265600000, 100.5], [1754870400000, 98.6], [1755475200000, 95.5], [1756080000000, 89.8], [1756684800000, 94.6], [1757289600000, 90.7], [1757894400000, 98.0], [1758499200000, 92.5], [1759104000000, 92.2], [1759708800000, 101.0], [1760313600000, 97.3], [1760918400000, 96.0], [1761523200000, 96.0], [1762128000000, 94.3], [1762732800000, 93.5], [1763337600000, 91.8], [1763942400000, 90.1], [1764547200000, 92.0], [1765152000000, 92.1], [1765756800000, 91.3], [1766361600000, 89.6], [1766966400000, 89.5], [1767571200000, 89.9], [1768176000000, 86.3], [1768780800000, 96.4], [1769385600000, 88.2], [1769990400000, 87.2], [1770595200000, 85.8], [1771200000000, 91.8], [1771804800000, 89.0], [1771891200000, 89.9], [1771977600000, 89.9], [1772064000000, 89.0], [1772409600000, 90.0], [1772496000000, 90.0], [1772582400000, 86.4], [1772668800000, 86.9], [1772755200000, 86.0], [1773014400000, 83.8], [1773100800000, 83.1], [1773187200000, 85.5], [1773273600000, 83.7], [1773360000000, 83.8], [1773619200000, 83.0], [1773705600000, 85.3], [1773792000000, 84.7], [1773878400000, 82.9], [1773964800000, 83.0], [1774224000000, 82.9], [1774310400000, 82.9], [1774396800000, 82.9], [1774483200000, 81.1], [1774569600000, 80.9], [1774828800000, 80.8], [1774915200000, 78.4], [1775001600000, 81.9], [1775088000000, 80.0], [1775520000000, 80.6], [1775606400000, 82.7], [1775692800000, 82.3], [1775779200000, 80.3], [1776038400000, 80.9], [1776124800000, 79.8], [1776211200000, 79.8]], "margin_ratio": [[1759708800000, 0.06328112118713931], [1760313600000, 0.02246001648804617], [1760918400000, 0.025325638911788954], [1761523200000, 0.025325638911788954], [1762128000000, 0.015548227535037097], [1762732800000, 0.015416323165704866], [1763337600000, 0.015136026380873868], [1763942400000, 0.01485572959604287], [1764547200000, 0.013652102225886231], [1765152000000, 0.013666941467436107], [1765756800000, 0.010537510305028855], [1766361600000, 0.007386644682605111], [1766966400000, 0.007378400659521847], [1767571200000, 0.0074113767518549055], [1768176000000, 0.011383347073371807], [1768780800000, 0.08265127782357791], [1769385600000, 0.03635614179719703], [1769990400000, 0.04313272877164056], [1770595200000, 0.03678153338829348], [1771200000000, 0.03632646331409728], [1771804800000, 0.04255564715581203], [1771891200000, 0.04298598516075846], [1771977600000, 0.04446826051112943], [1772064000000, 0.04549051937345425], [1772409600000, 0.05045342126957955], [1772496000000, 0.0519373454245672], [1772582400000, 0.05128441879637263], [1772668800000, 0.05731244847485573], [1772755200000, 0.05955482275350371], [1773014400000, 0.05941302555647156], [1773100800000, 0.05891673536685902], [1773187200000, 0.06061830173124485], [1773273600000, 0.05934212695795549], [1773360000000, 0.05941302555647156], [1773619200000, 0.06021434460016488], [1773705600000, 0.06469579554822753], [1773792000000, 0.06424072547403134], [1773878400000, 0.0628755152514427], [1773964800000, 0.06295136026380874], [1774224000000, 0.0628755152514427], [1774310400000, 0.06014179719703215], [1774396800000, 0.061508656224237436], [1774483200000, 0.06151030502885408], [1774569600000, 0.06135861500412201], [1774828800000, 0.06128276999175597], [1774915200000, 0.06204781533388294], [1775001600000, 0.06346743610882111], [1775088000000, 0.061995053586150047], [1775520000000, 0.06246001648804617], [1775606400000, 0.059996702390766696], [1775692800000, 0.06106347897774114], [1775779200000, 0.0609035449299258], [1776038400000, 0.06135861500412201], [1776124800000, 0.06052431986809562], [1776211200000, 0.059208573784006596]]}