{"margin_balance": [[1764201600000, 285.1733], [1764288000000, 244.5521], [1764547200000, 231.66325], [1764633600000, 159.2679], [1764720000000, 236.7828], [1764806400000, 150.9826], [1764892800000, 137.4], [1765152000000, 134.6889], [1765238400000, 79.19515], [1765324800000, 195.041], [1765411200000, 184.5], [1765497600000, 102.6093], [1765756800000, 85.3254], [1765843200000, 156.5832], [1765929600000, 137.49645], [1766016000000, 110.8646], [1766102400000, 96.292], [1766361600000, 64.81265], [1766448000000, 85.008], [1766534400000, 70.7766], [1766707200000, 114.7223], [1766966400000, 106.488], [1767052800000, 107.8224], [1767139200000, 103.86675], [1767312000000, 147.03745], [1767571200000, 182.5032], [1767657600000, 362.181], [1767744000000, 139.682], [1767830400000, 391.8378], [1767916800000, 159.3072], [1768176000000, 211.52], [1768262400000, 162.0928], [1768348800000, 129.72], [1768435200000, 144.6626], [1768521600000, 104.90465], [1768780800000, 107.765], [1768867200000, 74.365], [1768953600000, 116.2437], [1769040000000, 150.048], [1769126400000, 100.1424], [1769385600000, 99.0688], [1769472000000, 116.23225], [1769558400000, 200.9394], [1769644800000, 119.95995], [1769731200000, 100.3749], [1769990400000, 148.3421], [1770076800000, 140.4366], [1770163200000, 184.49], [1770249600000, 208.7625], [1770336000000, 141.35905], [1770595200000, 131.5491], [1770681600000, 182.748], [1770768000000, 412.1097], [1771804800000, 264.2244], [1771891200000, 197.868], [1771977600000, 216.9005], [1772064000000, 389.3312], [1772409600000, 1065.5736], [1772496000000, 631.1408], [1772582400000, 449.9145], [1772668800000, 225.3438], [1772755200000, 179.8348], [1773014400000, 300.1188], [1773100800000, 210.0856], [1773187200000, 229.0968], [1773273600000, 211.13295], [1773360000000, 1104.345], [1773619200000, 279.2505], [1773705600000, 272.6196], [1773792000000, 289.12845], [1773878400000, 530.5245], [1773964800000, 279.136], [1774224000000, 286.26], [1774310400000, 612.56475], [1774396800000, 179.5255], [1774483200000, 168.45735], [1774569600000, 224.0043], [1774828800000, 246.23735], [1774915200000, 360.70125], [1775001600000, 278.5178], [1775088000000, 278.32]], "closing_price": [[1764201600000, 2710.0], [1764288000000, 2990.0], [1764547200000, 2975.0], [1764633600000, 2890.0], [1764720000000, 2920.0], [1764806400000, 3070.0], [1764892800000, 3000.0], [1765152000000, 2955.0], [1765238400000, 2965.0], [1765324800000, 2980.0], [1765411200000, 3125.0], [1765497600000, 3165.0], [1765756800000, 3105.0], [1765843200000, 3180.0], [1765929600000, 3185.0], [1766016000000, 3220.0], [1766102400000, 3325.0], [1766361600000, 3295.0], [1766448000000, 3300.0], [1766534400000, 3295.0], [1766707200000, 3290.0], [1766966400000, 3400.0], [1767052800000, 3360.0], [1767139200000, 3445.0], [1767312000000, 3395.0], [1767571200000, 3410.0], [1767657600000, 3335.0], [1767744000000, 3310.0], [1767830400000, 3310.0], [1767916800000, 3120.0], [1768176000000, 3305.0], [1768262400000, 3440.0], [1768348800000, 3450.0], [1768435200000, 3460.0], [1768521600000, 3505.0], [1768780800000, 3500.0], [1768867200000, 3475.0], [1768953600000, 3495.0], [1769040000000, 3600.0], [1769126400000, 3720.0], [1769385600000, 3730.0], [1769472000000, 3775.0], [1769558400000, 3810.0], [1769644800000, 3795.0], [1769731200000, 3765.0], [1769990400000, 3730.0], [1770076800000, 3810.0], [1770163200000, 3800.0], [1770249600000, 3750.0], [1770336000000, 3665.0], [1770595200000, 3765.0], [1770681600000, 3880.0], [1770768000000, 4065.0], [1771804800000, 4440.0], [1771891200000, 4400.0], [1771977600000, 4610.0], [1772064000000, 4790.0], [1772409600000, 4760.0], [1772496000000, 4330.0], [1772582400000, 4050.0], [1772668800000, 4180.0], [1772755200000, 4190.0], [1773014400000, 3830.0], [1773100800000, 4195.0], [1773187200000, 4230.0], [1773273600000, 4315.0], [1773360000000, 4365.0], [1773619200000, 3995.0], [1773705600000, 4180.0], [1773792000000, 4355.0], [1773878400000, 4345.0], [1773964800000, 4160.0], [1774224000000, 3900.0], [1774310400000, 4005.0], [1774396800000, 3850.0], [1774483200000, 3935.0], [1774569600000, 3705.0], [1774828800000, 3655.0], [1774915200000, 3675.0], [1775001600000, 3740.0], [1775088000000, 4000.0]], "margin_ratio": [[1764201600000, 4.132754712824912], [1764288000000, 3.5440689707144015], [1764547200000, 3.3572827057295895], [1764633600000, 2.3081233913789507], [1764720000000, 3.4314756417093704], [1764806400000, 2.1880521483061655], [1764892800000, 1.9912120017622374], [1765152000000, 1.9519225195353258], [1765238400000, 1.1477025703155797], [1765324800000, 2.826550073040091], [1765411200000, 2.673789041667633], [1765497600000, 1.4870223409928818], [1765756800000, 1.2365426530943493], [1765843200000, 2.2692165001043434], [1765929600000, 1.992609763025483], [1766016000000, 1.606658821619867], [1766102400000, 1.3954715143645513], [1766361600000, 0.9392702077584809], [1766448000000, 1.2319428664177894], [1766534400000, 1.025700257379368], [1766707200000, 1.6625649245252394], [1766966400000, 1.5432327776103139], [1767052800000, 1.5625710111994806], [1767139200000, 1.5052454089085723], [1767312000000, 2.1308787128712874], [1767571200000, 2.64485125327521], [1767657600000, 5.248756579405013], [1767744000000, 2.024282931806061], [1767830400000, 5.678545342824681], [1767916800000, 2.308692930182948], [1768176000000, 3.0653650845178197], [1768262400000, 2.349062072483595], [1768348800000, 1.879912815637536], [1768435200000, 2.096462193057713], [1768521600000, 1.5202867403250866], [1768780800000, 1.5617391657198507], [1768867200000, 1.0777036427296125], [1768953600000, 1.6846131773598907], [1769040000000, 2.1745078489113547], [1769126400000, 1.4512718250747791], [1769385600000, 1.4357131263477636], [1769472000000, 1.6844472430264106], [1769558400000, 2.912030166716906], [1769644800000, 1.738469375333318], [1769731200000, 1.4546412340297263], [1769990400000, 2.1497858070350357], [1770076800000, 2.0352186565260744], [1770163200000, 2.6736441208523667], [1770249600000, 3.0254031697080714], [1770336000000, 2.0485868771303357], [1770595200000, 1.9064202819579383], [1770681600000, 2.648398914832935], [1770768000000, 5.972327370324854], [1771804800000, 3.829161546131194], [1771891200000, 2.867519187515941], [1771977600000, 3.1433397291719802], [1772064000000, 5.642219491269971], [1772409600000, 15.442379483850024], [1772496000000, 9.146543928397524], [1772582400000, 6.520197614023697], [1772668800000, 3.265700721125977], [1772755200000, 2.6061805829294875], [1773014400000, 4.3493461172815175], [1773100800000, 3.0445776427759874], [1773187200000, 3.3200895030955087], [1773273600000, 3.059755924362928], [1773360000000, 16.00425777355253], [1773619200000, 4.0469210123588475], [1773705600000, 3.950825468963758], [1773792000000, 4.190073069075058], [1773878400000, 7.688404305887262], [1773964800000, 4.045261669024046], [1774224000000, 4.148503257819927], [1774310400000, 8.877338297354326], [1774396800000, 2.601698182113293], [1774483200000, 2.4412976499640595], [1774569600000, 3.246288577921024], [1774828800000, 3.5684917511071954], [1774915200000, 5.227311921765947], [1775001600000, 4.0363026642242685], [1775088000000, 4.033436130498296]]}