{"margin_balance": [[1764201600000, 285.1733], [1764288000000, 244.5521], [1764547200000, 231.66325], [1764633600000, 159.2679], [1764720000000, 236.7828], [1764806400000, 150.9826], [1764892800000, 137.4], [1765152000000, 134.6889], [1765238400000, 79.19515], [1765324800000, 195.041], [1765411200000, 184.5], [1765497600000, 102.6093], [1765756800000, 85.3254], [1765843200000, 156.5832], [1765929600000, 137.49645], [1766016000000, 110.8646], [1766102400000, 96.292], [1766361600000, 64.81265], [1766448000000, 85.008], [1766534400000, 70.7766], [1766707200000, 114.7223], [1766966400000, 106.488], [1767052800000, 107.8224], [1767139200000, 103.86675], [1767312000000, 147.03745], [1767571200000, 182.5032], [1767657600000, 362.181], [1767744000000, 139.682], [1767830400000, 391.8378], [1767916800000, 159.3072], [1768176000000, 211.52], [1768262400000, 162.0928], [1768348800000, 129.72], [1768435200000, 144.6626], [1768521600000, 104.90465]], "closing_price": [[1764201600000, 2710.0], [1764288000000, 2990.0], [1764547200000, 2975.0], [1764633600000, 2890.0], [1764720000000, 2920.0], [1764806400000, 3070.0], [1764892800000, 3000.0], [1765152000000, 2955.0], [1765238400000, 2965.0], [1765324800000, 2980.0], [1765411200000, 3125.0], [1765497600000, 3165.0], [1765756800000, 3105.0], [1765843200000, 3180.0], [1765929600000, 3185.0], [1766016000000, 3220.0], [1766102400000, 3325.0], [1766361600000, 3295.0], [1766448000000, 3300.0], [1766534400000, 3295.0], [1766707200000, 3290.0], [1766966400000, 3400.0], [1767052800000, 3360.0], [1767139200000, 3445.0], [1767312000000, 3395.0], [1767571200000, 3410.0], [1767657600000, 3335.0], [1767744000000, 3310.0], [1767830400000, 3310.0], [1767916800000, 3120.0], [1768176000000, 3305.0], [1768262400000, 3440.0], [1768348800000, 3450.0], [1768435200000, 3460.0], [1768521600000, 3505.0]], "margin_ratio": [[1764201600000, 4.528321331311383], [1764288000000, 3.883289533231177], [1764547200000, 3.678625020841438], [1764633600000, 2.5290454224261816], [1764720000000, 3.7599193337091408], [1764806400000, 2.3974815602893185], [1764892800000, 2.1818008590642393], [1765152000000, 2.138750784035061], [1765238400000, 1.2575549221522655], [1765324800000, 3.0970933140665813], [1765411200000, 2.9297107605338586], [1765497600000, 1.6293526847742374], [1765756800000, 1.3548983334788927], [1765843200000, 2.4864145580424135], [1765929600000, 2.1833324070471853], [1766016000000, 1.76044017117768], [1766102400000, 1.529039070749736], [1766361600000, 1.0291724559550937], [1766448000000, 1.3498582782193074], [1766534400000, 1.1238751577994617], [1766707200000, 1.821697326738176], [1766966400000, 1.6909433033481274], [1767052800000, 1.712132495970655], [1767139200000, 1.6493199736405426], [1767312000000, 2.3348357694659034], [1767571200000, 2.898003191717414], [1767657600000, 5.751141316861318], [1767744000000, 2.2180371731863975], [1767830400000, 6.2220673118911325], [1767916800000, 2.529669474636962], [1768176000000, 3.3587665044342643], [1768262400000, 2.573902549404133], [1768348800000, 2.0598486713086834], [1768435200000, 2.2971250724488095], [1768521600000, 1.6658009860977683]]}