{"margin_balance": [[1763337600000, 0.89352], [1763424000000, 0.18952600000000003], [1763510400000, 0.083664], [1763596800000, 0.07623], [1763683200000, 0.166896], [1763942400000, 0.201985], [1764028800000, 0.08976], [1764115200000, 0.060695], [1764201600000, 0.137], [1764288000000, 0.138305], [1764547200000, 0.03571200000000001], [1764633600000, 0.090545], [1764720000000, 0.270875], [1764806400000, 0.047775], [1764892800000, 0.031072], [1765152000000, 0.069083], [1765238400000, 0.24363899999999997], [1765324800000, 0.072457], [1765411200000, 0.08789], [1765497600000, 0.08303699999999999], [1765756800000, 0.0466], [1765843200000, 0.010043], [1765929600000, 0.08784], [1766016000000, 0.015385], [1766102400000, 0.014912], [1766361600000, 0.04545], [1766448000000, 0.01456], [1766534400000, 0.067379], [1766707200000, 0.02852], [1766966400000, 0.01656], [1767052800000, 0.070528], [1767139200000, 0.02883], [1767312000000, 0.028799], [1767571200000, 0.026796000000000004], [1767657600000, 0.02733], [1767744000000, 0.064255], [1767830400000, 0.02534], [1767916800000, 0.01844], [1768176000000, 0.03185], [1768262400000, 0.024435], [1768348800000, 0.038829], [1768435200000, 0.011856000000000002], [1768521600000, 0.02668], [1768780800000, 0.022875], [1768867200000, 0.017138], [1768953600000, 0.008199], [1769040000000, 0.012683999999999997], [1769126400000, 0.010871999999999998], [1769385600000, 0.04732], [1769472000000, 0.0182], [1769558400000, 0.062376], [1769644800000, 0.0387], [1769731200000, 0.041877], [1769990400000, 0.01068], [1770076800000, 0.007128], [1770163200000, 0.007104], [1770249600000, 0.01232], [1770336000000, 0.01513], [1770595200000, 0.01068], [1770681600000, 0.028384], [1770768000000, 0.032708], [1771804800000, 0.018921], [1771891200000, 0.0099], [1771977600000, 0.03588], [1772064000000, 0.019756], [1772409600000, 0.018963], [1772496000000, 0.0445], [1772582400000, 0.01232], [1772668800000, 0.015504], [1772755200000, 0.01513], [1773014400000, 0.023922], [1773100800000, 0.00908], [1773187200000, 0.024165], [1773273600000, 0.003568], [1773360000000, 0.16213199999999997], [1773619200000, 0.068925], [1773705600000, 0.03276]], "closing_price": [[1763337600000, 102.0], [1763424000000, 98.2], [1763510400000, 99.6], [1763596800000, 99.0], [1763683200000, 97.6], [1763942400000, 101.5], [1764028800000, 102.0], [1764115200000, 99.5], [1764201600000, 100.0], [1764288000000, 99.5], [1764547200000, 99.2], [1764633600000, 99.5], [1764720000000, 98.5], [1764806400000, 97.5], [1764892800000, 97.1], [1765152000000, 97.3], [1765238400000, 96.3], [1765324800000, 94.1], [1765411200000, 93.5], [1765497600000, 93.3], [1765756800000, 93.2], [1765843200000, 91.3], [1765929600000, 91.5], [1766016000000, 90.5], [1766102400000, 93.2], [1766361600000, 90.9], [1766448000000, 91.0], [1766534400000, 92.3], [1766707200000, 92.0], [1766966400000, 92.0], [1767052800000, 92.8], [1767139200000, 93.0], [1767312000000, 92.9], [1767571200000, 92.4], [1767657600000, 91.1], [1767744000000, 90.5], [1767830400000, 90.5], [1767916800000, 92.2], [1768176000000, 91.0], [1768262400000, 90.5], [1768348800000, 90.3], [1768435200000, 91.2], [1768521600000, 92.0], [1768780800000, 91.5], [1768867200000, 90.2], [1768953600000, 91.1], [1769040000000, 90.6], [1769126400000, 90.6], [1769385600000, 91.0], [1769472000000, 91.0], [1769558400000, 90.4], [1769644800000, 90.0], [1769731200000, 89.1], [1769990400000, 89.0], [1770076800000, 89.1], [1770163200000, 88.8], [1770249600000, 88.0], [1770336000000, 89.0], [1770595200000, 89.0], [1770681600000, 88.7], [1770768000000, 88.4], [1771804800000, 90.1], [1771891200000, 90.0], [1771977600000, 89.7], [1772064000000, 89.8], [1772409600000, 90.3], [1772496000000, 89.0], [1772582400000, 88.0], [1772668800000, 91.2], [1772755200000, 89.0], [1773014400000, 88.6], [1773100800000, 90.8], [1773187200000, 89.5], [1773273600000, 89.2], [1773360000000, 91.6], [1773619200000, 91.9], [1773705600000, 91.0]], "margin_ratio": [[1763337600000, 3.1922829581993573], [1763424000000, 0.6771204001429083], [1763510400000, 0.2989067524115756], [1763596800000, 0.272347266881029], [1763683200000, 0.5962700964630225], [1763942400000, 0.721632725973562], [1764028800000, 0.3206859592711683], [1764115200000, 0.2168453018935334], [1764201600000, 0.4894605216148625], [1764288000000, 0.4941229010360844], [1764547200000, 0.12758842443729906], [1764633600000, 0.3234905323329761], [1764720000000, 0.9677563415505538], [1764806400000, 0.17068595927116828], [1764892800000, 0.11101107538406572], [1765152000000, 0.24681314755269743], [1765238400000, 0.8704501607717041], [1765324800000, 0.2588674526616649], [1765411200000, 0.31400500178635227], [1765497600000, 0.29666666666666663], [1765756800000, 0.16648803143979996], [1765843200000, 0.035880671668453025], [1765929600000, 0.31382636655948554], [1766016000000, 0.05496605930689532], [1766102400000, 0.053276170060735976], [1766361600000, 0.16237942122186497], [1766448000000, 0.05201857806359415], [1766534400000, 0.24072525902107894], [1766707200000, 0.10189353340478743], [1766966400000, 0.059163987138263666], [1767052800000, 0.2519757056091461], [1767139200000, 0.1030010718113612], [1767312000000, 0.10289031797070383], [1767571200000, 0.09573419078242232], [1767657600000, 0.09764201500535906], [1767744000000, 0.22956413004644521], [1767830400000, 0.09053233297606289], [1767916800000, 0.06588067166845303], [1768176000000, 0.1137906395141122], [1768262400000, 0.08729903536977492], [1768348800000, 0.13872454448017152], [1768435200000, 0.042357984994640954], [1768521600000, 0.09531975705609146], [1768780800000, 0.08172561629153269], [1768867200000, 0.06122901036084317], [1768953600000, 0.029292604501607717], [1769040000000, 0.04531618435155412], [1769126400000, 0.03884244372990353], [1769385600000, 0.16906037870668097], [1769472000000, 0.06502322257949268], [1769558400000, 0.22285101822079315], [1769644800000, 0.1382636655948553], [1769731200000, 0.14961414790996785], [1769990400000, 0.03815648445873527], [1770076800000, 0.02546623794212219], [1770163200000, 0.02538049303322615], [1770249600000, 0.04401571989996427], [1770336000000, 0.054055019649874955], [1770595200000, 0.03815648445873527], [1770681600000, 0.10140764558770989], [1770768000000, 0.11685602000714541], [1771804800000, 0.06759914255091104], [1771891200000, 0.035369774919614155], [1771977600000, 0.1281886387995713], [1772064000000, 0.07058235083958557], [1772409600000, 0.0677491961414791], [1772496000000, 0.15898535191139693], [1772582400000, 0.04401571989996427], [1772668800000, 0.05539121114683817], [1772755200000, 0.054055019649874955], [1773014400000, 0.08546623794212219], [1773100800000, 0.03244015719899964], [1773187200000, 0.08633440514469454], [1773273600000, 0.012747409789210434], [1773360000000, 0.5792497320471596], [1773619200000, 0.2462486602357985], [1773705600000, 0.11704180064308681]]}