{"margin_balance": [[1764201600000, 285.1733], [1764288000000, 244.5521], [1764547200000, 231.66325], [1764633600000, 159.2679], [1764720000000, 236.7828], [1764806400000, 150.9826], [1764892800000, 137.4], [1765152000000, 134.6889], [1765238400000, 79.19515], [1765324800000, 195.041], [1765411200000, 184.5], [1765497600000, 102.6093], [1765756800000, 85.3254], [1765843200000, 156.5832], [1765929600000, 137.49645], [1766016000000, 110.8646], [1766102400000, 96.292], [1766361600000, 64.81265], [1766448000000, 85.008], [1766534400000, 70.7766], [1766707200000, 114.7223], [1766966400000, 106.488], [1767052800000, 107.8224], [1767139200000, 103.86675], [1767312000000, 147.03745], [1767571200000, 182.5032], [1767657600000, 362.181], [1767744000000, 139.682], [1767830400000, 391.8378], [1767916800000, 159.3072], [1768176000000, 211.52], [1768262400000, 162.0928], [1768348800000, 129.72], [1768435200000, 144.6626], [1768521600000, 104.90465], [1768780800000, 107.765], [1768867200000, 74.365], [1768953600000, 116.2437], [1769040000000, 150.048], [1769126400000, 100.1424], [1769385600000, 99.0688], [1769472000000, 116.23225], [1769558400000, 200.9394], [1769644800000, 119.95995], [1769731200000, 100.3749], [1769990400000, 148.3421], [1770076800000, 140.4366], [1770163200000, 184.49], [1770249600000, 208.7625], [1770336000000, 141.35905], [1770595200000, 131.5491], [1770681600000, 182.748], [1770768000000, 412.1097], [1771804800000, 264.2244], [1771891200000, 197.868], [1771977600000, 216.9005], [1772064000000, 389.3312], [1772409600000, 1065.5736], [1772496000000, 631.1408], [1772582400000, 449.9145], [1772668800000, 225.3438], [1772755200000, 179.8348], [1773014400000, 300.1188], [1773100800000, 210.0856], [1773187200000, 229.0968], [1773273600000, 211.13295], [1773360000000, 1104.345], [1773619200000, 279.2505], [1773705600000, 272.6196], [1773792000000, 289.12845], [1773878400000, 530.5245], [1773964800000, 279.136]], "closing_price": [[1764201600000, 2710.0], [1764288000000, 2990.0], [1764547200000, 2975.0], [1764633600000, 2890.0], [1764720000000, 2920.0], [1764806400000, 3070.0], [1764892800000, 3000.0], [1765152000000, 2955.0], [1765238400000, 2965.0], [1765324800000, 2980.0], [1765411200000, 3125.0], [1765497600000, 3165.0], [1765756800000, 3105.0], [1765843200000, 3180.0], [1765929600000, 3185.0], [1766016000000, 3220.0], [1766102400000, 3325.0], [1766361600000, 3295.0], [1766448000000, 3300.0], [1766534400000, 3295.0], [1766707200000, 3290.0], [1766966400000, 3400.0], [1767052800000, 3360.0], [1767139200000, 3445.0], [1767312000000, 3395.0], [1767571200000, 3410.0], [1767657600000, 3335.0], [1767744000000, 3310.0], [1767830400000, 3310.0], [1767916800000, 3120.0], [1768176000000, 3305.0], [1768262400000, 3440.0], [1768348800000, 3450.0], [1768435200000, 3460.0], [1768521600000, 3505.0], [1768780800000, 3500.0], [1768867200000, 3475.0], [1768953600000, 3495.0], [1769040000000, 3600.0], [1769126400000, 3720.0], [1769385600000, 3730.0], [1769472000000, 3775.0], [1769558400000, 3810.0], [1769644800000, 3795.0], [1769731200000, 3765.0], [1769990400000, 3730.0], [1770076800000, 3810.0], [1770163200000, 3800.0], [1770249600000, 3750.0], [1770336000000, 3665.0], [1770595200000, 3765.0], [1770681600000, 3880.0], [1770768000000, 4065.0], [1771804800000, 4440.0], [1771891200000, 4400.0], [1771977600000, 4610.0], [1772064000000, 4790.0], [1772409600000, 4760.0], [1772496000000, 4330.0], [1772582400000, 4050.0], [1772668800000, 4180.0], [1772755200000, 4190.0], [1773014400000, 3830.0], [1773100800000, 4195.0], [1773187200000, 4230.0], [1773273600000, 4315.0], [1773360000000, 4365.0], [1773619200000, 3995.0], [1773705600000, 4180.0], [1773792000000, 4355.0], [1773878400000, 4345.0], [1773964800000, 4160.0]], "margin_ratio": [[1764201600000, 3.860929878028142], [1764288000000, 3.3109639283359487], [1764547200000, 3.136463208743957], [1764633600000, 2.1563105442227526], [1764720000000, 3.2057762319374286], [1764806400000, 2.0441367806957094], [1764892800000, 1.8602434563160952], [1765152000000, 1.8235381722228012], [1765238400000, 1.0722144072741746], [1765324800000, 2.64063860235333], [1765411200000, 2.497925165140608], [1765497600000, 1.3892160035092802], [1765756800000, 1.1552111863722951], [1765843200000, 2.1199626868197554], [1765929600000, 1.8615492822357582], [1766016000000, 1.5009836003428045], [1766102400000, 1.3036867750770702], [1766361600000, 0.877491324956371], [1766448000000, 1.150913942754866], [1766534400000, 0.9582365866834188], [1766707200000, 1.553212575462387], [1766966400000, 1.4417292953143255], [1767052800000, 1.4597955898420416], [1767139200000, 1.4062404804681206], [1767312000000, 1.9907238296645198], [1767571200000, 2.470890710019997], [1767657600000, 4.903528640844393], [1767744000000, 1.8911392028030918], [1767830400000, 5.305048787389337], [1767916800000, 2.156842622591262], [1768176000000, 2.8637459671032057], [1768262400000, 2.1945565539734613], [1768348800000, 1.7562647827752829], [1768435200000, 1.9585709972610825], [1768521600000, 1.4202924941748927], [1768780800000, 1.4590184575684424], [1768867200000, 1.0068195387841805], [1768953600000, 1.5738106423797038], [1769040000000, 2.0314833343036205], [1769126400000, 1.3558169163012292], [1769385600000, 1.34128156422917], [1769472000000, 1.5736556220916769], [1769558400000, 2.720496389855039], [1769644800000, 1.6241245415393446], [1769731200000, 1.3589647081760001], [1769990400000, 2.008387342221163], [1770076800000, 1.901355649034068], [1770163200000, 2.4977897762427688], [1770249600000, 2.826412478523936], [1770336000000, 1.9138445979152818], [1770595200000, 1.7810287660791242], [1770681600000, 2.4742050302391103], [1770768000000, 5.579507807200793], [1771804800000, 3.5773050298329436], [1771891200000, 2.6789130437725843], [1771977600000, 2.9365919635858018], [1772064000000, 5.271112206256863], [1772409600000, 14.426683527097408], [1772496000000, 8.5449457293603], [1772582400000, 6.091342827705442], [1772668800000, 3.050904871698711], [1772755200000, 2.434763536520478], [1773014400000, 4.063275355294316], [1773100800000, 2.8443257835970934], [1773187200000, 3.1017163250579127], [1773273600000, 2.8585057398123235], [1773360000000, 14.951605238467236], [1773619200000, 3.7807417416157034], [1773705600000, 3.690966717347244], [1773792000000, 3.914478217957171], [1773878400000, 7.182712733190452], [1773964800000, 3.7791915387354407]]}