{"margin_balance": [[1764201600000, 285.1733], [1764288000000, 244.5521], [1764547200000, 231.66325], [1764633600000, 159.2679], [1764720000000, 236.7828], [1764806400000, 150.9826], [1764892800000, 137.4], [1765152000000, 134.6889], [1765238400000, 79.19515], [1765324800000, 195.041], [1765411200000, 184.5], [1765497600000, 102.6093], [1765756800000, 85.3254], [1765843200000, 156.5832], [1765929600000, 137.49645], [1766016000000, 110.8646], [1766102400000, 96.292], [1766361600000, 64.81265], [1766448000000, 85.008], [1766534400000, 70.7766], [1766707200000, 114.7223], [1766966400000, 106.488], [1767052800000, 107.8224], [1767139200000, 103.86675], [1767312000000, 147.03745], [1767571200000, 182.5032], [1767657600000, 362.181], [1767744000000, 139.682], [1767830400000, 391.8378], [1767916800000, 159.3072], [1768176000000, 211.52], [1768262400000, 162.0928], [1768348800000, 129.72], [1768435200000, 144.6626]], "closing_price": [[1764201600000, 2710.0], [1764288000000, 2990.0], [1764547200000, 2975.0], [1764633600000, 2890.0], [1764720000000, 2920.0], [1764806400000, 3070.0], [1764892800000, 3000.0], [1765152000000, 2955.0], [1765238400000, 2965.0], [1765324800000, 2980.0], [1765411200000, 3125.0], [1765497600000, 3165.0], [1765756800000, 3105.0], [1765843200000, 3180.0], [1765929600000, 3185.0], [1766016000000, 3220.0], [1766102400000, 3325.0], [1766361600000, 3295.0], [1766448000000, 3300.0], [1766534400000, 3295.0], [1766707200000, 3290.0], [1766966400000, 3400.0], [1767052800000, 3360.0], [1767139200000, 3445.0], [1767312000000, 3395.0], [1767571200000, 3410.0], [1767657600000, 3335.0], [1767744000000, 3310.0], [1767830400000, 3310.0], [1767916800000, 3120.0], [1768176000000, 3305.0], [1768262400000, 3440.0], [1768348800000, 3450.0], [1768435200000, 3460.0]], "margin_ratio": [[1764201600000, 4.574065252294866], [1764288000000, 3.922517511231729], [1764547200000, 3.7157855313197223], [1764633600000, 2.5545931796419], [1764720000000, 3.797901058132317], [1764806400000, 2.4217002936850496], [1764892800000, 2.2038408422713998], [1765152000000, 2.16035588661287], [1765238400000, 1.2702584139724151], [1765324800000, 3.1283793429218054], [1765411200000, 2.9593059344910717], [1765497600000, 1.6458119806177494], [1765756800000, 1.3685851630505392], [1765843200000, 2.511531669385379], [1765929600000, 2.2053878615526012], [1766016000000, 1.7782236786177716], [1766102400000, 1.5444850246288035], [1766361600000, 1.0395688876698794], [1766448000000, 1.363494194467301], [1766534400000, 1.1352282515073213], [1766707200000, 1.8400996379862606], [1766966400000, 1.7080247715560177], [1767052800000, 1.729428011875719], [1767139200000, 1.665980973828187], [1767312000000, 2.3584216714224078], [1767571200000, 2.927278064084612], [1767657600000, 5.809237846395181], [1767744000000, 2.2404432061874355], [1767830400000, 6.284921012996887], [1767916800000, 2.5552235358653443], [1768176000000, 3.3926958876073257], [1768262400000, 2.5999034416166635], [1768348800000, 2.0806567253234785], [1768435200000, 2.3203300307799894]]}