{"margin_balance": [[1763942400000, 7e-05], [1764547200000, 1.5e-05], [1765152000000, 1e-05], [1765756800000, 1.55e-05], [1766361600000, 7.000000000000001e-06], [1766966400000, 2.8e-06], [1767571200000, 3.6e-06], [1768176000000, 7.000000000000001e-06], [1768780800000, 6e-06], [1769385600000, 3.5000000000000004e-06], [1769990400000, 1e-05], [1770595200000, 2.5e-06], [1771200000000, 9e-07]], "closing_price": [[1763942400000, 5.0], [1764547200000, 5.0], [1765152000000, 5.0], [1765756800000, 5.0], [1766361600000, 5.0], [1766966400000, 4.0], [1767571200000, 4.0], [1768176000000, 5.0], [1768780800000, 5.0], [1769385600000, 5.0], [1769990400000, 5.0], [1770595200000, 5.0], [1771200000000, 3.0], [1771804800000, 89.9], [1771891200000, 89.7], [1771977600000, 89.9], [1772064000000, 90.1], [1772409600000, 89.5], [1772496000000, 89.0], [1772582400000, 89.0], [1772668800000, 89.4], [1772755200000, 88.6], [1773014400000, 91.3], [1773100800000, 90.0], [1773187200000, 89.2], [1773273600000, 89.2], [1773360000000, 91.2], [1773619200000, 91.1], [1773705600000, 91.2], [1773792000000, 91.9], [1773878400000, 92.4], [1773964800000, 94.9], [1774224000000, 94.0], [1774310400000, 92.9], [1774396800000, 94.9], [1774483200000, 95.5], [1774569600000, 99.5], [1774828800000, 93.5], [1774915200000, 91.0], [1775001600000, 90.8], [1775088000000, 89.9], [1775520000000, 90.0], [1775606400000, 90.9], [1775692800000, 89.8], [1775779200000, 92.2], [1776038400000, 92.0], [1776124800000, 90.0], [1776211200000, 91.0]], "margin_ratio": [[1763942400000, 0.00025519504192489975], [1764547200000, 5.468465184104995e-05], [1765152000000, 3.645643456069996e-05], [1765756800000, 5.650747356908494e-05], [1766361600000, 2.5519504192489975e-05], [1766966400000, 1.020780167699599e-05], [1767571200000, 1.3124316441851987e-05], [1768176000000, 2.5519504192489975e-05], [1768780800000, 2.1873860736419977e-05], [1769385600000, 1.2759752096244987e-05], [1769990400000, 3.645643456069996e-05], [1770595200000, 9.11410864017499e-06], [1771200000000, 3.2810791104629967e-06]]}