{"margin_balance": [[1750636800000, 0.15222], [1751241600000, 0.12852], [1751846400000, 0.11658], [1752451200000, 0.147], [1753056000000, 0.162285], [1753660800000, 0.16464], [1754265600000, 0.13475], [1754870400000, 0.08875], [1755475200000, 0.091875], [1756080000000, 0.0895], [1756684800000, 0.08487], [1757289600000, 0.106305], [1757894400000, 0.11776], [1758499200000, 0.0864], [1759104000000, 0.094325], [1759708800000, 0.09632], [1760313600000, 0.09516], [1760918400000, 0.09918], [1761523200000, 0.08874], [1762128000000, 0.093545], [1762732800000, 0.101775], [1763337600000, 0.100595], [1763942400000, 0.0966], [1764547200000, 0.10647], [1765152000000, 0.09396], [1765756800000, 0.0897], [1766361600000, 0.09063], [1766966400000, 0.092675], [1767571200000, 0.10492], [1768176000000, 0.119], [1768780800000, 0.133905], [1769385600000, 0.13193], [1769990400000, 0.14344], [1770595200000, 0.130815], [1771200000000, 0.13284], [1771804800000, 0.13366], [1771891200000, 0.14329], [1771977600000, 0.15105], [1772064000000, 0.165], [1772409600000, 0.191535], [1772496000000, 0.18425], [1772582400000, 0.1755], [1772668800000, 0.17869], [1772755200000, 0.17869], [1773014400000, 0.17172], [1773100800000, 0.16848], [1773187200000, 0.1617], [1773273600000, 0.161025], [1773360000000, 0.156705], [1773619200000, 0.15717], [1773705600000, 0.14916], [1773792000000, 0.14706], [1773878400000, 0.14616], [1773964800000, 0.14535], [1774224000000, 0.1445], [1774310400000, 0.141525], [1774396800000, 0.1407], [1774483200000, 0.14405], [1774569600000, 0.14703], [1774828800000, 0.14405], [1774915200000, 0.140505], [1775001600000, 0.14388], [1775088000000, 0.14344], [1775520000000, 0.14476], [1775606400000, 0.14491], [1775692800000, 0.14196], [1775779200000, 0.143225], [1776038400000, 0.15594], [1776124800000, 0.15886], [1776211200000, 0.16393]], "closing_price": [[1569888000000, 138.5], [1572566400000, 118.5], [1575158400000, 108.0], [1577836800000, 102.0], [1580515200000, 110.0], [1583020800000, 112.5], [1585699200000, 144.5], [1588291200000, 130.0], [1590969600000, 176.0], [1593561600000, 183.0], [1596240000000, 170.0], [1598918400000, 160.0], [1601510400000, 150.0], [1604188800000, 147.0], [1606780800000, 143.0], [1609459200000, 122.5], [1612137600000, 131.0], [1614556800000, 133.5], [1617235200000, 125.0], [1619827200000, 107.5], [1622505600000, 105.0], [1625097600000, 110.5], [1627776000000, 108.5], [1630454400000, 113.0], [1633046400000, 110.5], [1635724800000, 124.0], [1638316800000, 129.5], [1640995200000, 124.0], [1643673600000, 121.0], [1646092800000, 116.0], [1648771200000, 118.0], [1750636800000, 177.0], [1751241600000, 178.5], [1751846400000, 174.0], [1752451200000, 175.0], [1753056000000, 174.5], [1753660800000, 171.5], [1754265600000, 175.0], [1754870400000, 177.5], [1755475200000, 187.5], [1756080000000, 179.0], [1756684800000, 184.5], [1757289600000, 186.5], [1757894400000, 184.0], [1758499200000, 180.0], [1759104000000, 171.5], [1759708800000, 172.0], [1760313600000, 183.0], [1760918400000, 174.0], [1761523200000, 174.0], [1762128000000, 176.5], [1762732800000, 172.5], [1763337600000, 170.5], [1763942400000, 161.0], [1764547200000, 169.0], [1765152000000, 174.0], [1765756800000, 172.5], [1766361600000, 171.0], [1766966400000, 168.5], [1767571200000, 172.0], [1768176000000, 170.0], [1768780800000, 169.5], [1769385600000, 167.0], [1769990400000, 163.0], [1770595200000, 161.5], [1771200000000, 162.0], [1771804800000, 163.0], [1771891200000, 161.0], [1771977600000, 159.0], [1772064000000, 165.0], [1772409600000, 169.5], [1772496000000, 167.5], [1772582400000, 162.5], [1772668800000, 167.0], [1772755200000, 167.0], [1773014400000, 162.0], [1773100800000, 162.0], [1773187200000, 165.0], [1773273600000, 169.5], [1773360000000, 168.5], [1773619200000, 169.0], [1773705600000, 169.5], [1773792000000, 171.0], [1773878400000, 174.0], [1773964800000, 171.0], [1774224000000, 170.0], [1774310400000, 166.5], [1774396800000, 167.5], [1774483200000, 167.5], [1774569600000, 169.0], [1774828800000, 167.5], [1774915200000, 161.5], [1775001600000, 163.5], [1775088000000, 163.0], [1775520000000, 164.5], [1775606400000, 168.5], [1775692800000, 169.0], [1775779200000, 168.5], [1776038400000, 169.5], [1776124800000, 169.0], [1776211200000, 169.0]], "margin_ratio": [[1750636800000, 0.2975953079178886], [1751241600000, 0.2512609970674487], [1751846400000, 0.22791788856304987], [1752451200000, 0.2873900293255132], [1753056000000, 0.3172727272727273], [1753660800000, 0.3218768328445748], [1754265600000, 0.26344086021505375], [1754870400000, 0.1735092864125122], [1755475200000, 0.17961876832844575], [1756080000000, 0.17497556207233628], [1756684800000, 0.16592375366568915], [1757289600000, 0.2078299120234604], [1757894400000, 0.23022482893450638], [1758499200000, 0.1689149560117302], [1759104000000, 0.18440860215053764], [1759708800000, 0.1883088954056696], [1760313600000, 0.18604105571847507], [1760918400000, 0.19390029325513197], [1761523200000, 0.17348973607038123], [1762128000000, 0.18288367546432063], [1762732800000, 0.1989736070381232], [1763337600000, 0.19666666666666668], [1763942400000, 0.18885630498533726], [1764547200000, 0.20815249266862168], [1765152000000, 0.18369501466275662], [1765756800000, 0.17536656891495603], [1766361600000, 0.17718475073313783], [1766966400000, 0.18118279569892473], [1767571200000, 0.20512218963831866], [1768176000000, 0.23264907135874877], [1768780800000, 0.26178885630498533], [1769385600000, 0.25792766373411535], [1769990400000, 0.28043010752688174], [1770595200000, 0.25574780058651025], [1771200000000, 0.25970674486803524], [1771804800000, 0.26130987292277613], [1771891200000, 0.2801368523949169], [1771977600000, 0.29530791788856303], [1772064000000, 0.32258064516129037], [1772409600000, 0.37445747800586515], [1772496000000, 0.3602150537634409], [1772582400000, 0.34310850439882695], [1772668800000, 0.3493450635386119], [1772755200000, 0.3493450635386119], [1773014400000, 0.3357184750733138], [1773100800000, 0.3293841642228739], [1773187200000, 0.31612903225806455], [1773273600000, 0.3148093841642229], [1773360000000, 0.3063636363636364], [1773619200000, 0.3072727272727273], [1773705600000, 0.2916129032258064], [1773792000000, 0.2875073313782991], [1773878400000, 0.2857478005865103], [1773964800000, 0.2841642228739003], [1774224000000, 0.28250244379276634], [1774310400000, 0.2766862170087977], [1774396800000, 0.2750733137829912], [1774483200000, 0.28162267839687194], [1774569600000, 0.2874486803519061], [1774828800000, 0.28162267839687194], [1774915200000, 0.274692082111437], [1775001600000, 0.2812903225806452], [1775088000000, 0.28043010752688174], [1775520000000, 0.28301075268817205], [1775606400000, 0.28330400782013687], [1775692800000, 0.2775366568914956], [1775779200000, 0.28000977517106546], [1776038400000, 0.30486803519061584], [1776124800000, 0.31057673509286415], [1776211200000, 0.3204887585532747]]}