{"margin_balance": [[1766361600000, 14.4613], [1766448000000, 11.865], [1766534400000, 4.7428], [1766707200000, 7.50891], [1766966400000, 11.9972], [1767052800000, 5.43165], [1767139200000, 7.38514], [1767312000000, 30.06021], [1767571200000, 9.32756], [1767657600000, 6.10344], [1767744000000, 3.0191], [1767830400000, 4.5152], [1767916800000, 2.52882], [1768176000000, 4.8764], [1768262400000, 8.15262], [1768348800000, 4.43486], [1768435200000, 2.85498], [1768521600000, 2.7192], [1768780800000, 5.06499], [1768867200000, 9.52956], [1768953600000, 6.1124], [1769040000000, 5.44236], [1769126400000, 3.77784], [1769385600000, 2.85428], [1769472000000, 8.22081], [1769558400000, 1.08672], [1769644800000, 4.6656], [1769731200000, 3.2091], [1769990400000, 2.33987], [1770076800000, 7.06176], [1770163200000, 4.624], [1770249600000, 1.83141], [1770336000000, 2.53266], [1770595200000, 1.1058], [1770681600000, 4.63166], [1770768000000, 13.8417], [1771804800000, 19.96576], [1771891200000, 7.29015], [1771977600000, 7.7814], [1772064000000, 5.70657], [1772409600000, 3.47011], [1772496000000, 3.1248], [1772582400000, 3.07296], [1772668800000, 2.01335], [1772755200000, 1.16725], [1773014400000, 2.1888], [1773100800000, 1.18125], [1773187200000, 10.35118], [1773273600000, 4.67116], [1773360000000, 4.91579], [1773619200000, 3.80256], [1773705600000, 4.51554], [1773792000000, 4.13055], [1773878400000, 4.26682], [1773964800000, 3.36449], [1774224000000, 2.62908], [1774310400000, 2.27106], [1774396800000, 1.89864], [1774483200000, 6.20576], [1774569600000, 4.4933], [1774828800000, 3.90216], [1774915200000, 3.4237], [1775001600000, 3.03252], [1775088000000, 2.8496], [1775520000000, 3.2332], [1775606400000, 4.4517], [1775692800000, 2.80098], [1775779200000, 3.4496], [1776038400000, 9.3398], [1776124800000, 3.31822], [1776211200000, 3.03448], [1776297600000, 2.29052], [1776384000000, 3.0058], [1776643200000, 3.86496]], "closing_price": [[1766361600000, 730.0], [1766448000000, 678.0], [1766534400000, 668.0], [1766707200000, 687.0], [1766966400000, 712.0], [1767052800000, 739.0], [1767139200000, 749.0], [1767312000000, 769.0], [1767571200000, 731.0], [1767657600000, 692.0], [1767744000000, 665.0], [1767830400000, 680.0], [1767916800000, 669.0], [1768176000000, 668.0], [1768262400000, 658.0], [1768348800000, 622.0], [1768435200000, 622.0], [1768521600000, 618.0], [1768780800000, 623.0], [1768867200000, 618.0], [1768953600000, 590.0], [1769040000000, 589.0], [1769126400000, 583.0], [1769385600000, 572.0], [1769472000000, 591.0], [1769558400000, 566.0], [1769644800000, 576.0], [1769731200000, 563.0], [1769990400000, 533.0], [1770076800000, 576.0], [1770163200000, 578.0], [1770249600000, 567.0], [1770336000000, 573.0], [1770595200000, 570.0], [1770681600000, 569.0], [1770768000000, 645.0], [1771804800000, 688.0], [1771891200000, 655.0], [1771977600000, 660.0], [1772064000000, 669.0], [1772409600000, 623.0], [1772496000000, 630.0], [1772582400000, 582.0], [1772668800000, 601.0], [1772755200000, 575.0], [1773014400000, 576.0], [1773100800000, 625.0], [1773187200000, 691.0], [1773273600000, 676.0], [1773360000000, 667.0], [1773619200000, 699.0], [1773705600000, 699.0], [1773792000000, 685.0], [1773878400000, 673.0], [1773964800000, 661.0], [1774224000000, 654.0], [1774310400000, 666.0], [1774396800000, 648.0], [1774483200000, 656.0], [1774569600000, 686.0], [1774828800000, 687.0], [1774915200000, 670.0], [1775001600000, 683.0], [1775088000000, 685.0], [1775520000000, 685.0], [1775606400000, 710.0], [1775692800000, 702.0], [1775779200000, 704.0], [1776038400000, 697.0], [1776124800000, 661.0], [1776211200000, 664.0], [1776297600000, 662.0], [1776384000000, 665.0], [1776643200000, 704.0]], "margin_ratio": [[1766361600000, 6.5061861699734544], [1766448000000, 5.338102308003779], [1766534400000, 2.133801232734962], [1766707200000, 3.3782831691186392], [1766966400000, 5.397579520403113], [1767052800000, 2.443717100823323], [1767139200000, 3.322598641292122], [1767312000000, 13.524186799838034], [1767571200000, 4.196499752553201], [1767657600000, 2.745957619111891], [1767744000000, 1.3583029648625544], [1767830400000, 2.031403248301615], [1767916800000, 1.1377243892563098], [1768176000000, 2.1939083097134113], [1768262400000, 3.6678904035632343], [1768348800000, 1.9952580195258016], [1768435200000, 1.284464840059387], [1768521600000, 1.2233769739506006], [1768780800000, 2.2787555675529756], [1768867200000, 4.28738021325415], [1768953600000, 2.74998875241823], [1769040000000, 2.448535564853556], [1769126400000, 1.6996625725469023], [1769385600000, 1.2841499077698295], [1769472000000, 3.698569307598866], [1769558400000, 0.48891888244027526], [1769644800000, 2.099068700229451], [1769731200000, 1.4437845863139425], [1769990400000, 1.0527151662392586], [1770076800000, 3.1771089215818593], [1770163200000, 2.0803527241643045], [1770249600000, 0.8239573491699284], [1770336000000, 1.1394520178161693], [1770595200000, 0.4975030368470778], [1770681600000, 2.0837989832186077], [1770768000000, 6.227426103387771], [1771804800000, 8.982660727943491], [1771891200000, 3.279862329599136], [1771977600000, 3.500877311378053], [1772064000000, 2.5674045080307732], [1772409600000, 1.5612138390246098], [1772496000000, 1.4058577405857742], [1772582400000, 1.382534755027669], [1772668800000, 0.9058127502586943], [1772755200000, 0.5251495928375398], [1773014400000, 0.9847482791199892], [1773100800000, 0.5314482386286947], [1773187200000, 4.657029738606199], [1773273600000, 2.1015701624150807], [1773360000000, 2.2116299995500968], [1773619200000, 1.7107841814009987], [1773705600000, 2.0315562154136857], [1773792000000, 1.8583479551896345], [1773878400000, 1.9196562739011114], [1773964800000, 1.5136950555630537], [1774224000000, 1.182831691186395], [1774310400000, 1.0217573221757321], [1774396800000, 0.8542043460655959], [1774483200000, 2.791991721779817], [1774569600000, 2.0215503666711654], [1774828800000, 1.7555945471723577], [1774915200000, 1.5403338282269312], [1775001600000, 1.3643406667566473], [1775088000000, 1.2820443604625005], [1775520000000, 1.4546272551401447], [1775606400000, 2.0028343906060195], [1775692800000, 1.260170063436361], [1775779200000, 1.551986322940568], [1776038400000, 4.202006568587754], [1776124800000, 1.492878031223287], [1776211200000, 1.3652224771674089], [1776297600000, 1.0305124398254375], [1776384000000, 1.3523192513609572], [1776643200000, 1.7388581454987178]]}