{"margin_balance": [[1766361600000, 14.4613], [1766448000000, 11.865], [1766534400000, 4.7428], [1766707200000, 7.50891], [1766966400000, 11.9972], [1767052800000, 5.43165], [1767139200000, 7.38514], [1767312000000, 30.06021], [1767571200000, 9.32756], [1767657600000, 6.10344], [1767744000000, 3.0191], [1767830400000, 4.5152], [1767916800000, 2.52882], [1768176000000, 4.8764], [1768262400000, 8.15262], [1768348800000, 4.43486], [1768435200000, 2.85498], [1768521600000, 2.7192], [1768780800000, 5.06499], [1768867200000, 9.52956], [1768953600000, 6.1124], [1769040000000, 5.44236], [1769126400000, 3.77784], [1769385600000, 2.85428], [1769472000000, 8.22081], [1769558400000, 1.08672], [1769644800000, 4.6656], [1769731200000, 3.2091], [1769990400000, 2.33987], [1770076800000, 7.06176]], "closing_price": [[1766361600000, 730.0], [1766448000000, 678.0], [1766534400000, 668.0], [1766707200000, 687.0], [1766966400000, 712.0], [1767052800000, 739.0], [1767139200000, 749.0], [1767312000000, 769.0], [1767571200000, 731.0], [1767657600000, 692.0], [1767744000000, 665.0], [1767830400000, 680.0], [1767916800000, 669.0], [1768176000000, 668.0], [1768262400000, 658.0], [1768348800000, 622.0], [1768435200000, 622.0], [1768521600000, 618.0], [1768780800000, 623.0], [1768867200000, 618.0], [1768953600000, 590.0], [1769040000000, 589.0], [1769126400000, 583.0], [1769385600000, 572.0], [1769472000000, 591.0], [1769558400000, 566.0], [1769644800000, 576.0], [1769731200000, 563.0], [1769990400000, 533.0], [1770076800000, 576.0]], "margin_ratio": [[1766361600000, 7.622041848943235], [1766448000000, 6.253623570336794], [1766534400000, 2.4997628208506826], [1766707200000, 3.9576819691140046], [1766966400000, 6.3233015337584995], [1767052800000, 2.8628313919780743], [1767139200000, 3.89244716175618], [1767312000000, 15.84367785800875], [1767571200000, 4.916228324461076], [1767657600000, 3.2169082380224534], [1767744000000, 1.5912612660095926], [1767830400000, 2.379802877773679], [1767916800000, 1.3328519475043483], [1768176000000, 2.570178674959153], [1768262400000, 4.296958836240974], [1768348800000, 2.337458493648869], [1768435200000, 1.504759394929637], [1768521600000, 1.4331945396089179], [1768780800000, 2.6695778211142147], [1768867200000, 5.022695409265799], [1768953600000, 3.2216307384177516], [1769040000000, 2.8684762557318293], [1769126400000, 1.9911663943498656], [1769385600000, 1.5043904495862543], [1769472000000, 4.332899383334212], [1769558400000, 0.5727718336583566], [1769644800000, 2.4590734201233335], [1769731200000, 1.6914035734991832], [1769990400000, 1.2332630580298318], [1770076800000, 3.7220049544088964]]}