{"margin_balance": [[1763337600000, 0.89352], [1763424000000, 0.18952600000000003], [1763510400000, 0.083664], [1763596800000, 0.07623], [1763683200000, 0.166896], [1763942400000, 0.201985], [1764028800000, 0.08976], [1764115200000, 0.060695], [1764201600000, 0.137], [1764288000000, 0.138305], [1764547200000, 0.03571200000000001], [1764633600000, 0.090545], [1764720000000, 0.270875], [1764806400000, 0.047775], [1764892800000, 0.031072], [1765152000000, 0.069083], [1765238400000, 0.24363899999999997], [1765324800000, 0.072457], [1765411200000, 0.08789], [1765497600000, 0.08303699999999999], [1765756800000, 0.0466], [1765843200000, 0.010043], [1765929600000, 0.08784], [1766016000000, 0.015385], [1766102400000, 0.014912], [1766361600000, 0.04545], [1766448000000, 0.01456], [1766534400000, 0.067379], [1766707200000, 0.02852], [1766966400000, 0.01656], [1767052800000, 0.070528], [1767139200000, 0.02883], [1767312000000, 0.028799], [1767571200000, 0.026796000000000004], [1767657600000, 0.02733], [1767744000000, 0.064255], [1767830400000, 0.02534], [1767916800000, 0.01844], [1768176000000, 0.03185], [1768262400000, 0.024435], [1768348800000, 0.038829], [1768435200000, 0.011856000000000002], [1768521600000, 0.02668], [1768780800000, 0.022875], [1768867200000, 0.017138], [1768953600000, 0.008199], [1769040000000, 0.012683999999999997], [1769126400000, 0.010871999999999998], [1769385600000, 0.04732], [1769472000000, 0.0182], [1769558400000, 0.062376], [1769644800000, 0.0387], [1769731200000, 0.041877], [1769990400000, 0.01068], [1770076800000, 0.007128], [1770163200000, 0.007104], [1770249600000, 0.01232], [1770336000000, 0.01513], [1770595200000, 0.01068], [1770681600000, 0.028384], [1770768000000, 0.032708], [1771804800000, 0.018921], [1771891200000, 0.0099], [1771977600000, 0.03588], [1772064000000, 0.019756], [1772409600000, 0.018963], [1772496000000, 0.0445], [1772582400000, 0.01232], [1772668800000, 0.015504], [1772755200000, 0.01513], [1773014400000, 0.023922], [1773100800000, 0.00908], [1773187200000, 0.024165], [1773273600000, 0.003568]], "closing_price": [[1763337600000, 102.0], [1763424000000, 98.2], [1763510400000, 99.6], [1763596800000, 99.0], [1763683200000, 97.6], [1763942400000, 101.5], [1764028800000, 102.0], [1764115200000, 99.5], [1764201600000, 100.0], [1764288000000, 99.5], [1764547200000, 99.2], [1764633600000, 99.5], [1764720000000, 98.5], [1764806400000, 97.5], [1764892800000, 97.1], [1765152000000, 97.3], [1765238400000, 96.3], [1765324800000, 94.1], [1765411200000, 93.5], [1765497600000, 93.3], [1765756800000, 93.2], [1765843200000, 91.3], [1765929600000, 91.5], [1766016000000, 90.5], [1766102400000, 93.2], [1766361600000, 90.9], [1766448000000, 91.0], [1766534400000, 92.3], [1766707200000, 92.0], [1766966400000, 92.0], [1767052800000, 92.8], [1767139200000, 93.0], [1767312000000, 92.9], [1767571200000, 92.4], [1767657600000, 91.1], [1767744000000, 90.5], [1767830400000, 90.5], [1767916800000, 92.2], [1768176000000, 91.0], [1768262400000, 90.5], [1768348800000, 90.3], [1768435200000, 91.2], [1768521600000, 92.0], [1768780800000, 91.5], [1768867200000, 90.2], [1768953600000, 91.1], [1769040000000, 90.6], [1769126400000, 90.6], [1769385600000, 91.0], [1769472000000, 91.0], [1769558400000, 90.4], [1769644800000, 90.0], [1769731200000, 89.1], [1769990400000, 89.0], [1770076800000, 89.1], [1770163200000, 88.8], [1770249600000, 88.0], [1770336000000, 89.0], [1770595200000, 89.0], [1770681600000, 88.7], [1770768000000, 88.4], [1771804800000, 90.1], [1771891200000, 90.0], [1771977600000, 89.7], [1772064000000, 89.8], [1772409600000, 90.3], [1772496000000, 89.0], [1772582400000, 88.0], [1772668800000, 91.2], [1772755200000, 89.0], [1773014400000, 88.6], [1773100800000, 90.8], [1773187200000, 89.5], [1773273600000, 89.2]], "margin_ratio": [[1763337600000, 3.216414686825054], [1763424000000, 0.6822390208783298], [1763510400000, 0.30116630669546435], [1763596800000, 0.2744060475161987], [1763683200000, 0.6007775377969762], [1763942400000, 0.7270878329733621], [1764028800000, 0.323110151187905], [1764115200000, 0.21848452123830092], [1764201600000, 0.4931605471562275], [1764288000000, 0.49785817134629234], [1764547200000, 0.1285529157667387], [1764633600000, 0.3259359251259899], [1764720000000, 0.9750719942404608], [1764806400000, 0.17197624190064795], [1764892800000, 0.11185025197984161], [1765152000000, 0.24867890568754503], [1765238400000, 0.8770302375809934], [1765324800000, 0.2608243340532757], [1765411200000, 0.31637868970482363], [1765497600000, 0.2989092872570194], [1765756800000, 0.1677465802735781], [1765843200000, 0.036151907847372204], [1765929600000, 0.3161987041036717], [1766016000000, 0.05538156947444205], [1766102400000, 0.053678905687545], [1766361600000, 0.1636069114470842], [1766448000000, 0.052411807055435564], [1766534400000, 0.24254499640028793], [1766707200000, 0.10266378689704823], [1766966400000, 0.05961123110151187], [1767052800000, 0.2538804895608351], [1767139200000, 0.10377969762419006], [1767312000000, 0.10366810655147587], [1767571200000, 0.09645788336933046], [1767657600000, 0.09838012958963284], [1767744000000, 0.2312994960403168], [1767830400000, 0.0912167026637869], [1767916800000, 0.0663786897048236], [1768176000000, 0.11465082793376531], [1768262400000, 0.08795896328293736], [1768348800000, 0.1397732181425486], [1768435200000, 0.042678185745140394], [1768521600000, 0.09604031677465802], [1768780800000, 0.08234341252699784], [1768867200000, 0.06169186465082793], [1768953600000, 0.02951403887688985], [1769040000000, 0.04565874730021598], [1769126400000, 0.03913606911447084], [1769385600000, 0.1703383729301656], [1769472000000, 0.06551475881929446], [1769558400000, 0.22453563714902808], [1769644800000, 0.13930885529157666], [1769731200000, 0.15074514038876888], [1769990400000, 0.03844492440604751], [1770076800000, 0.02565874730021598], [1770163200000, 0.025572354211663068], [1770249600000, 0.04434845212383009], [1770336000000, 0.054463642908567304], [1770595200000, 0.03844492440604751], [1770681600000, 0.10217422606191504], [1770768000000, 0.11773938084953203], [1771804800000, 0.06811015118790498], [1771891200000, 0.035637149028077755], [1771977600000, 0.12915766738660908], [1772064000000, 0.07111591072714182], [1772409600000, 0.06826133909287257], [1772496000000, 0.16018718502519796], [1772582400000, 0.04434845212383009], [1772668800000, 0.05580993520518358], [1772755200000, 0.054463642908567304], [1773014400000, 0.08611231101511879], [1773100800000, 0.03268538516918646], [1773187200000, 0.08698704103671706], [1773273600000, 0.012843772498200142]]}