{"margin_balance": [[1758067200000, 0.000443], [1758153600000, 0.005357], [1758240000000, 0.011592], [1758499200000, 0.012571000000000002], [1758585600000, 0.01419], [1758672000000, 0.01482], [1758758400000, 0.013663999999999997], [1758844800000, 0.013891], [1759190400000, 0.0138185], [1759276800000, 0.01968], [1759363200000, 0.01934], [1759449600000, 0.017649], [1759795200000, 0.030392], [1759881600000, 0.02332], [1759968000000, 0.021], [1760313600000, 0.018487], [1760400000000, 0.017442], [1760486400000, 0.0175], [1760572800000, 0.021538], [1760659200000, 0.0200285], [1760918400000, 0.019843999999999997], [1761004800000, 0.0194], [1761091200000, 0.0179635], [1761177600000, 0.0178895], [1761523200000, 0.017834], [1761609600000, 0.018297], [1761696000000, 0.018525], [1761782400000, 0.01844], [1761868800000, 0.0207], [1762128000000, 0.021015], [1762214400000, 0.021285], [1762300800000, 0.021015], [1762387200000, 0.020108], [1762473600000, 0.01806], [1762732800000, 0.0189], [1762819200000, 0.018984], [1762905600000, 0.01932], [1762992000000, 0.018532], [1763078400000, 0.017632], [1763337600000, 0.01794], [1763424000000, 0.0164835], [1763510400000, 0.016928999999999996], [1763596800000, 0.016834], [1763683200000, 0.016419], [1763942400000, 0.01694], [1764028800000, 0.0164385], [1764115200000, 0.016036], [1764201600000, 0.021216000000000006], [1764288000000, 0.022984], [1764547200000, 0.023058], [1764633600000, 0.023166], [1764720000000, 0.022737], [1764806400000, 0.02623], [1764892800000, 0.026442999999999994], [1765152000000, 0.029245499999999994], [1765238400000, 0.02958], [1765324800000, 0.02967], [1765411200000, 0.033264], [1765497600000, 0.03654], [1765756800000, 0.038141], [1765843200000, 0.030905], [1765929600000, 0.03094], [1766016000000, 0.03094], [1766102400000, 0.03036], [1766361600000, 0.0333], [1766448000000, 0.03751600000000001], [1766534400000, 0.03712], [1766707200000, 0.03772], [1766966400000, 0.041538], [1767052800000, 0.04202099999999999], [1767139200000, 0.033327], [1767312000000, 0.032696], [1767571200000, 0.026125], [1767657600000, 0.02736], [1767744000000, 0.021574], [1767830400000, 0.0229], [1767916800000, 0.025536], [1768176000000, 0.03102], [1768262400000, 0.033653], [1768348800000, 0.033372000000000006], [1768435200000, 0.036729], [1768521600000, 0.039779999999999996]], "closing_price": [[1734307200000, 80.6], [1734912000000, 79.9], [1736121600000, 78.9], [1736726400000, 79.0], [1737331200000, 74.0], [1737417600000, 74.0], [1737504000000, 75.4], [1738540800000, 74.0], [1738627200000, 74.0], [1738713600000, 75.3], [1738800000000, 74.6], [1738886400000, 72.9], [1739145600000, 72.8], [1739232000000, 72.8], [1739318400000, 73.8], [1739404800000, 73.0], [1739491200000, 72.5], [1739750400000, 77.7], [1739836800000, 77.2], [1739923200000, 78.2], [1740009600000, 78.5], [1740096000000, 78.6], [1740355200000, 77.2], [1740441600000, 77.7], [1740528000000, 75.2], [1740614400000, 75.0], [1740960000000, 75.0], [1741046400000, 73.1], [1741132800000, 74.1], [1741219200000, 74.1], [1741305600000, 74.0], [1741564800000, 74.0], [1741651200000, 71.1], [1741737600000, 71.2], [1741824000000, 70.8], [1741910400000, 69.0], [1742169600000, 69.0], [1742256000000, 68.9], [1742342400000, 68.0], [1742428800000, 68.5], [1742515200000, 68.5], [1742774400000, 68.5], [1742860800000, 68.0], [1742947200000, 69.0], [1743033600000, 69.0], [1743120000000, 65.2], [1743379200000, 62.0], [1743465600000, 63.0], [1743552000000, 62.3], [1743984000000, 56.1], [1744070400000, 50.5], [1744156800000, 45.45], [1744243200000, 49.95], [1744329600000, 48.8], [1744588800000, 49.7], [1744675200000, 54.6], [1744761600000, 57.9], [1744848000000, 62.8], [1744934400000, 60.0], [1745193600000, 55.3], [1745280000000, 57.9], [1745366400000, 58.9], [1745452800000, 59.5], [1745539200000, 61.0], [1745798400000, 60.1], [1745884800000, 63.0], [1745971200000, 61.0], [1746144000000, 58.5], [1746403200000, 57.4], [1746489600000, 58.8], [1746576000000, 58.7], [1746662400000, 59.8], [1746748800000, 60.8], [1747008000000, 60.0], [1747094400000, 60.2], [1747180800000, 59.9], [1747267200000, 60.9], [1747353600000, 65.3], [1747612800000, 65.9], [1747699200000, 66.6], [1747785600000, 64.0], [1747872000000, 62.5], [1747958400000, 61.0], [1748217600000, 61.8], [1748304000000, 62.5], [1748390400000, 61.3], [1748476800000, 58.8], [1748822400000, 56.4], [1748908800000, 55.5], [1748995200000, 56.9], [1749081600000, 56.7], [1749168000000, 57.9], [1749427200000, 55.6], [1749513600000, 55.7], [1749600000000, 57.0], [1749686400000, 57.9], [1749772800000, 58.2], [1750032000000, 58.3], [1750118400000, 58.6], [1750204800000, 57.5], [1750291200000, 57.1], [1750377600000, 56.2], [1750636800000, 56.2], [1750723200000, 58.0], [1750809600000, 59.7], [1750896000000, 60.2], [1750982400000, 60.0], [1751241600000, 60.4], [1751328000000, 60.3], [1751414400000, 60.2], [1751500800000, 59.9], [1751587200000, 59.8], [1751846400000, 58.9], [1751932800000, 56.4], [1752019200000, 57.8], [1752105600000, 57.7], [1752192000000, 57.8], [1752451200000, 58.0], [1752537600000, 59.0], [1752624000000, 58.6], [1752710400000, 56.8], [1752796800000, 55.7], [1753056000000, 52.0], [1753142400000, 50.5], [1753228800000, 51.0], [1753315200000, 51.6], [1753401600000, 51.0], [1753660800000, 50.2], [1753747200000, 50.3], [1753833600000, 50.1], [1753920000000, 50.0], [1754006400000, 50.1], [1754265600000, 50.8], [1754352000000, 50.0], [1754438400000, 49.8], [1754524800000, 49.2], [1754611200000, 49.95], [1754870400000, 49.0], [1754956800000, 49.3], [1755043200000, 47.7], [1755129600000, 47.7], [1755216000000, 45.9], [1755475200000, 44.6], [1755561600000, 43.95], [1755648000000, 43.05], [1755734400000, 42.5], [1755820800000, 41.1], [1756080000000, 41.45], [1756166400000, 41.75], [1756252800000, 42.0], [1756339200000, 44.3], [1756425600000, 44.1], [1756684800000, 43.35], [1756771200000, 43.8], [1756857600000, 44.05], [1756944000000, 44.0], [1757030400000, 44.1], [1757289600000, 45.55], [1757376000000, 45.75], [1757462400000, 44.95], [1757548800000, 42.8], [1757635200000, 43.9], [1757894400000, 43.8], [1757980800000, 44.0], [1758067200000, 44.3], [1758153600000, 48.7], [1758240000000, 50.4], [1758499200000, 48.35], [1758585600000, 47.3], [1758672000000, 49.4], [1758758400000, 48.8], [1758844800000, 47.9], [1759190400000, 47.65], [1759276800000, 48.0], [1759363200000, 48.35], [1759449600000, 47.7], [1759795200000, 52.4], [1759881600000, 53.0], [1759968000000, 50.0], [1760313600000, 48.65], [1760400000000, 48.45], [1760486400000, 50.0], [1760572800000, 48.95], [1760659200000, 48.85], [1760918400000, 48.4], [1761004800000, 48.5], [1761091200000, 48.55], [1761177600000, 48.35], [1761523200000, 48.2], [1761609600000, 48.15], [1761696000000, 47.5], [1761782400000, 46.1], [1761868800000, 45.0], [1762128000000, 46.7], [1762214400000, 47.3], [1762300800000, 46.7], [1762387200000, 45.7], [1762473600000, 45.15], [1762732800000, 45.0], [1762819200000, 45.2], [1762905600000, 46.0], [1762992000000, 45.2], [1763078400000, 46.4], [1763337600000, 46.0], [1763424000000, 44.55], [1763510400000, 44.55], [1763596800000, 44.3], [1763683200000, 42.1], [1763942400000, 42.35], [1764028800000, 42.15], [1764115200000, 42.2], [1764201600000, 44.2], [1764288000000, 44.2], [1764547200000, 42.7], [1764633600000, 42.9], [1764720000000, 42.9], [1764806400000, 43.0], [1764892800000, 42.65], [1765152000000, 43.65], [1765238400000, 43.5], [1765324800000, 43.0], [1765411200000, 43.2], [1765497600000, 43.5], [1765756800000, 44.35], [1765843200000, 44.15], [1765929600000, 44.2], [1766016000000, 44.2], [1766102400000, 44.0], [1766361600000, 44.4], [1766448000000, 45.2], [1766534400000, 46.4], [1766707200000, 47.15], [1766966400000, 48.3], [1767052800000, 48.3], [1767139200000, 48.3], [1767312000000, 48.8], [1767571200000, 47.5], [1767657600000, 48.0], [1767744000000, 46.9], [1767830400000, 45.8], [1767916800000, 44.8], [1768176000000, 47.0], [1768262400000, 46.1], [1768348800000, 46.35], 