{"margin_balance": [[1771200000000, 0.034869], [1771804800000, 0.064375], [1771891200000, 0.077714], [1771977600000, 0.074778], [1772064000000, 0.094088], [1772409600000, 0.096696], [1772496000000, 0.088335], [1772582400000, 0.080785], [1772668800000, 0.084552], [1772755200000, 0.08547], [1773014400000, 0.08219200000000002], [1773100800000, 0.08259299999999999], [1773187200000, 0.08911199999999998], [1773273600000, 0.0814], [1773360000000, 0.0847], [1773619200000, 0.079968], [1773705600000, 0.095844], [1773792000000, 0.08381], [1773878400000, 0.089586], [1773964800000, 0.084258], [1774224000000, 0.086736], [1774310400000, 0.08748], [1774396800000, 0.090804], [1774483200000, 0.10602], [1774569600000, 0.26796], [1774828800000, 0.46318799999999993], [1774915200000, 0.554958], [1775001600000, 0.512575], [1775088000000, 0.37169], [1775520000000, 0.3423920000000001], [1775606400000, 0.412737], [1775692800000, 0.47212], [1775779200000, 0.4856939999999999], [1776038400000, 0.541647], [1776124800000, 0.562304], [1776211200000, 0.582176]], "closing_price": [[1750636800000, 42.1], [1751241600000, 41.0], [1751846400000, 41.3], [1752451200000, 40.0], [1753056000000, 40.0], [1753660800000, 39.55], [1754265600000, 39.5], [1754870400000, 39.0], [1755475200000, 36.5], [1756080000000, 37.5], [1756684800000, 39.0], [1757289600000, 39.5], [1757894400000, 39.7], [1758499200000, 38.3], [1759104000000, 37.3], [1759708800000, 37.7], [1760313600000, 39.0], [1760918400000, 38.0], [1761523200000, 38.3], [1762128000000, 38.95], [1762732800000, 38.2], [1763337600000, 38.1], [1763942400000, 36.85], [1764547200000, 37.5], [1765152000000, 38.0], [1765756800000, 38.2], [1766361600000, 37.5], [1766966400000, 37.55], [1767571200000, 37.65], [1768176000000, 39.3], [1768780800000, 39.35], [1769385600000, 44.95], [1769990400000, 63.1], [1770595200000, 70.6], [1771200000000, 59.1], [1771804800000, 62.5], [1771891200000, 63.7], [1771977600000, 61.8], [1772064000000, 61.9], [1772409600000, 61.2], [1772496000000, 58.5], [1772582400000, 53.5], [1772668800000, 54.2], [1772755200000, 51.8], [1773014400000, 46.7], [1773100800000, 51.3], [1773187200000, 56.4], [1773273600000, 55.0], [1773360000000, 55.0], [1773619200000, 54.4], [1773705600000, 58.8], [1773792000000, 57.8], [1773878400000, 56.7], [1773964800000, 55.8], [1774224000000, 55.6], [1774310400000, 54.0], [1774396800000, 56.4], [1774483200000, 62.0], [1774569600000, 66.0], [1774828800000, 72.6], [1774915200000, 77.4], [1775001600000, 72.5], [1775088000000, 68.2], [1775520000000, 67.4], [1775606400000, 74.1], [1775692800000, 74.0], [1775779200000, 72.6], [1776038400000, 74.3], [1776124800000, 76.4], [1776211200000, 79.1]], "margin_ratio": [[1771200000000, 0.11273520853540252], [1771804800000, 0.20813126414484323], [1771891200000, 0.25125767862916265], [1771977600000, 0.24176527643064985], [1772064000000, 0.3041965729065632], [1772409600000, 0.3126285160038797], [1772496000000, 0.2855965082444229], [1772582400000, 0.2611865502748141], [1772668800000, 0.27336566440349175], [1772755200000, 0.2763336566440349], [1773014400000, 0.26573553184610416], [1773100800000, 0.2670320077594568], [1773187200000, 0.28810863239573226], [1773273600000, 0.26317491108955704], [1773360000000, 0.2738441642418364], [1773619200000, 0.258545101842871], [1773705600000, 0.30987390882638216], [1773792000000, 0.27096669899773684], [1773878400000, 0.2896411251212415], [1773964800000, 0.27241513094083414], [1774224000000, 0.28042677012609113], [1774310400000, 0.28283220174587775], [1774396800000, 0.29357904946653735], [1774483200000, 0.3427740058195926], [1774569600000, 0.8663433559650824], [1774828800000, 1.497536372453928], [1774915200000, 1.794238603297769], [1775001600000, 1.657209828645328], [1775088000000, 1.2017135467183966], [1775520000000, 1.1069899773682512], [1775606400000, 1.3344228903976723], [1775692800000, 1.526414484319431], [1775779200000, 1.570300678952473], [1776038400000, 1.7512027158098933], [1776124800000, 1.8179890074361462], [1776211200000, 1.8822373100549628]]}