{"margin_balance": [[1750032000000, 1.015744], [1750636800000, 1.2506], [1751241600000, 1.6203119999999998], [1751846400000, 1.6779269999999997], [1752451200000, 1.438034], [1753056000000, 1.6111380000000004], [1753660800000, 1.543762], [1754265600000, 1.755303], [1754870400000, 1.89072], [1755475200000, 1.964735], [1756080000000, 2.0782575], [1756684800000, 2.3844719999999997], [1757289600000, 2.3386145], [1757894400000, 2.444379], [1758499200000, 2.42274], [1759104000000, 2.4357125], [1759708800000, 2.53848], [1760313600000, 2.63998], [1760918400000, 2.7054735000000005], [1761523200000, 2.7235460000000007], [1762128000000, 3.8861594999999993], [1762732800000, 3.642022], [1763337600000, 3.5900639999999995], [1763942400000, 3.325084], [1764547200000, 3.37178], [1765152000000, 3.666685], [1765756800000, 3.578], [1766361600000, 3.546705], [1766966400000, 3.531422], [1767571200000, 3.467935], [1768176000000, 3.35325], [1768780800000, 3.308884], [1769385600000, 3.418567], [1769990400000, 3.235545], [1770595200000, 2.993757], [1771200000000, 2.92049], [1771804800000, 2.942037], [1771891200000, 2.955408], [1771977600000, 2.944056], [1772064000000, 2.930865], [1772409600000, 2.909632], [1772496000000, 2.8738260000000007], [1772582400000, 2.61152], [1772668800000, 2.626325], [1772755200000, 2.5556805], [1773014400000, 2.239677], [1773100800000, 2.205518], [1773187200000, 2.2260359999999997], [1773273600000, 2.188287], [1773360000000, 2.1924], [1773619200000, 2.376732], [1773705600000, 2.388644], [1773792000000, 2.379739], [1773878400000, 2.363445], [1773964800000, 2.4100755], [1774224000000, 2.46501], [1774310400000, 2.4889085], [1774396800000, 2.5040945], [1774483200000, 2.841837], [1774569600000, 3.155168], [1774828800000, 3.27019], [1774915200000, 3.162417], [1775001600000, 3.16017], [1775088000000, 3.130252], [1775520000000, 3.1272975], [1775606400000, 3.172785], [1775692800000, 3.185358], [1775779200000, 3.1785], [1776038400000, 3.27006], [1776124800000, 3.275418], [1776211200000, 3.284168]], "closing_price": [[1732492800000, 55.0], [1733097600000, 52.1], [1733702400000, 46.4], [1734307200000, 55.5], [1734912000000, 53.1], [1736121600000, 51.5], [1736726400000, 51.5], [1737331200000, 51.3], [1737936000000, 52.3], [1739145600000, 60.9], [1739750400000, 66.8], [1740355200000, 63.3], [1740960000000, 60.1], [1741564800000, 59.4], [1742169600000, 54.8], [1742774400000, 59.6], [1743379200000, 57.3], [1743984000000, 54.1], [1744588800000, 47.75], [1745193600000, 46.8], [1745798400000, 46.5], [1746403200000, 47.6], [1747008000000, 51.3], [1747612800000, 56.3], [1748217600000, 56.3], [1748822400000, 57.3], [1749427200000, 57.3], [1750032000000, 53.8], [1750636800000, 52.0], [1751241600000, 54.3], [1751846400000, 51.9], [1752451200000, 53.3], [1753056000000, 52.6], [1753660800000, 51.7], [1754265600000, 47.3], [1754870400000, 46.8], [1755475200000, 48.5], [1756080000000, 44.55], [1756684800000, 43.8], [1757289600000, 44.05], [1757894400000, 43.05], [1758499200000, 44.7], [1759104000000, 42.25], [1759708800000, 42.0], [1760313600000, 43.6], [1760918400000, 43.35], [1761523200000, 42.85], [1762128000000, 46.05], [1762732800000, 44.35], [1763337600000, 42.8], [1763942400000, 39.85], [1764547200000, 39.95], [1765152000000, 40.9], [1765756800000, 40.0], [1766361600000, 39.5], [1766966400000, 39.4], [1767571200000, 38.9], [1768176000000, 37.5], [1768780800000, 38.2], [1769385600000, 39.7], [1769990400000, 40.5], [1770595200000, 37.7], [1771200000000, 36.1], [1771804800000, 36.9], [1771891200000, 36.8], [1771977600000, 36.15], [1772064000000, 36.05], [1772409600000, 35.2], [1772496000000, 34.2], [1772582400000, 32.0], [1772668800000, 32.5], [1772755200000, 31.95], [1773014400000, 29.7], [1773100800000, 29.95], [1773187200000, 30.9], [1773273600000, 30.15], [1773360000000, 30.0], [1773619200000, 31.8], [1773705600000, 31.6], [1773792000000, 31.3], [1773878400000, 30.75], [1773964800000, 31.15], [1774224000000, 30.5], [1774310400000, 30.55], [1774396800000, 30.85], [1774483200000, 33.9], [1774569600000, 34.4], [1774828800000, 34.1], [1774915200000, 32.7], [1775001600000, 33.3], [1775088000000, 32.6], [1775520000000, 32.75], [1775606400000, 33.5], [1775692800000, 33.4], [1775779200000, 32.5], [1776038400000, 33.3], [1776124800000, 33.9], [1776211200000, 34.4]], "margin_ratio": [[1750032000000, 0.5927890283046396], [1750636800000, 0.7298511817916545], [1751241600000, 0.9456154070615697], [1751846400000, 0.9792395681353953], [1752451200000, 0.8392378173329443], [1753056000000, 0.9402614531660348], [1753660800000, 0.9009407645170704], [1754265600000, 1.0243962649547709], [1754870400000, 1.1034257367960316], [1755475200000, 1.1466209512693317], [1756080000000, 1.2128727750218848], [1756684800000, 1.3915798074117303], [1757289600000, 1.364817332944266], [1757894400000, 1.4265415815582143], [1758499200000, 1.413913043478261], [1759104000000, 1.4214838050773273], [1759708800000, 1.4814590020426028], [1760313600000, 1.540694484972279], [1760918400000, 1.5789165450831633], [1761523200000, 1.5894636708491399], [1762128000000, 2.267965859352203], [1762732800000, 2.125487014881821], [1763337600000, 2.095164283629997], [1763942400000, 1.9405217391304348], [1764547200000, 1.9677735628829882], [1765152000000, 2.139880361832507], [1765756800000, 2.088123723373213], [1766361600000, 2.0698599358039105], [1766966400000, 2.0609407645170705], [1767571200000, 2.0238896994455793], [1768176000000, 1.9569594397432155], [1768780800000, 1.9310674058943684], [1769385600000, 1.995078494309892], [1769990400000, 1.8882667055733877], [1770595200000, 1.7471590312226437], [1771200000000, 1.7044003501604903], [1771804800000, 1.7169751969652758], [1771891200000, 1.7247785234899327], [1771977600000, 1.7181534870148816], [1772064000000, 1.7104552086372922], [1772409600000, 1.6980636124890578], [1772496000000, 1.6771672016340826], [1772582400000, 1.5240852057192882], [1772668800000, 1.5327254158155823], [1772755200000, 1.491497227896119], [1773014400000, 1.3070773271082579], [1773100800000, 1.2871421067989497], [1773187200000, 1.2991164283629997], [1773273600000, 1.2770860811205134], [1773360000000, 1.279486431281004], [1773619200000, 1.387062737087832], [1773705600000, 1.3940145900204264], [1773792000000, 1.3888176247446746], [1773878400000, 1.3793084330318064], [1773964800000, 1.4065220309308435], [1774224000000, 1.43858185001459], [1774310400000, 1.4525290341406478], [1774396800000, 1.4613915961482347], [1774483200000, 1.658498395097753], [1774569600000, 1.8413586227020722], [1774828800000, 1.9084855558797784], [1774915200000, 1.8455891450248032], [1775001600000, 1.8442777939889115], [1775088000000, 1.8268176247446748], [1775520000000, 1.8250933761307269], [1775606400000, 1.851639918295886], [1775692800000, 1.8589775313685437], [1775779200000, 1.8549751969652757], [1776038400000, 1.9084096877735628], [1776124800000, 1.9115366209512694], [1776211200000, 1.9166431281003795]]}