{"margin_balance": [[1770595200000, 0.04098], [1770681600000, 0.0468], [1770768000000, 0.034869], [1771804800000, 0.064375], [1771891200000, 0.077714], [1771977600000, 0.074778], [1772064000000, 0.094088], [1772409600000, 0.096696], [1772496000000, 0.088335], [1772582400000, 0.080785], [1772668800000, 0.084552], [1772755200000, 0.08547], [1773014400000, 0.08219200000000002], [1773100800000, 0.08259299999999999], [1773187200000, 0.08911199999999998], [1773273600000, 0.0814], [1773360000000, 0.0847], [1773619200000, 0.079968], [1773705600000, 0.095844], [1773792000000, 0.08381], [1773878400000, 0.089586], [1773964800000, 0.084258], [1774224000000, 0.086736], [1774310400000, 0.08748], [1774396800000, 0.090804], [1774483200000, 0.10602], [1774569600000, 0.26796], [1774828800000, 0.46318799999999993], [1774915200000, 0.554958], [1775001600000, 0.512575], [1775088000000, 0.37169], [1775520000000, 0.3423920000000001]], "closing_price": [[1740960000000, 56.1], [1741564800000, 53.3], [1742169600000, 51.7], [1742774400000, 52.7], [1743379200000, 51.0], [1743984000000, 49.05], [1744156800000, 38.3], [1744243200000, 41.75], [1744329600000, 40.45], [1744588800000, 41.35], [1744675200000, 42.45], [1744761600000, 41.25], [1744848000000, 40.8], [1744934400000, 40.85], [1745193600000, 39.9], [1745280000000, 39.0], [1745366400000, 39.35], [1745452800000, 39.3], [1745539200000, 39.5], [1745798400000, 39.75], [1745884800000, 41.3], [1745971200000, 41.2], [1746144000000, 43.8], [1746403200000, 41.2], [1746489600000, 40.5], [1746576000000, 40.5], [1746662400000, 40.4], [1746748800000, 41.9], [1747008000000, 42.0], [1747094400000, 41.6], [1747180800000, 42.0], [1747267200000, 42.0], [1747353600000, 44.0], [1747612800000, 43.1], [1747699200000, 42.8], [1747785600000, 42.2], [1747872000000, 42.5], [1747958400000, 42.5], [1748217600000, 42.35], [1748304000000, 42.15], [1748390400000, 42.7], [1748476800000, 42.5], [1748822400000, 42.5], [1748908800000, 41.6], [1748995200000, 42.2], [1749081600000, 42.8], [1749168000000, 42.8], [1749427200000, 42.8], [1749513600000, 42.5], [1749600000000, 43.0], [1749686400000, 43.15], [1749772800000, 43.0], [1750032000000, 42.5], [1750118400000, 42.5], [1750204800000, 43.0], [1750291200000, 42.5], [1750377600000, 42.1], [1750636800000, 42.0], [1750723200000, 42.5], [1750809600000, 42.7], [1750896000000, 40.45], [1750982400000, 41.0], [1751241600000, 40.65], [1751328000000, 40.65], [1751414400000, 40.5], [1751500800000, 41.3], [1751587200000, 41.3], [1751846400000, 40.8], [1751932800000, 40.0], [1752019200000, 40.7], [1752105600000, 40.0], [1752192000000, 40.0], [1752451200000, 40.0], [1752537600000, 40.0], [1752624000000, 40.0], [1752710400000, 40.15], [1752796800000, 40.0], [1753056000000, 39.7], [1753142400000, 39.6], [1753228800000, 39.65], [1753315200000, 39.75], [1753401600000, 39.55], [1753660800000, 39.9], [1753747200000, 39.9], [1753833600000, 39.9], [1753920000000, 39.3], [1754006400000, 39.5], [1754265600000, 39.4], [1754352000000, 39.45], [1754438400000, 39.5], [1754524800000, 39.5], [1754611200000, 39.0], [1754870400000, 37.5], [1754956800000, 36.8], [1755043200000, 37.0], [1755129600000, 36.85], [1755216000000, 36.5], [1755475200000, 36.7], [1755561600000, 37.45], [1755648000000, 37.7], [1755734400000, 37.5], [1755820800000, 37.5], [1756080000000, 37.05], [1756166400000, 37.05], [1756252800000, 36.85], [1756339200000, 37.45], [1756425600000, 39.0], [1756684800000, 39.0], [1756771200000, 39.05], [1756857600000, 37.7], [1756944000000, 38.5], [1757030400000, 39.5], [1757289600000, 40.1], [1757376000000, 38.7], [1757462400000, 40.2], [1757548800000, 39.9], [1757635200000, 39.7], [1757894400000, 38.3], [1757980800000, 38.5], [1758067200000, 39.0], [1758153600000, 38.9], [1758240000000, 38.3], [1758499200000, 38.4], [1758585600000, 37.0], [1758672000000, 38.0], [1758758400000, 37.55], [1758844800000, 37.3], [1759190400000, 37.65], [1759276800000, 37.4], [1759363200000, 37.55], [1759449600000, 37.7], [1759795200000, 38.3], [1759881600000, 38.55], [1759968000000, 39.0], [1760313600000, 38.0], [1760400000000, 37.3], [1760486400000, 38.3], [1760572800000, 38.0], [1760659200000, 38.0], [1760918400000, 37.5], [1761004800000, 38.3], [1761091200000, 37.55], [1761177600000, 38.3], [1761523200000, 38.3], [1761609600000, 38.0], [1761696000000, 38.1], [1761782400000, 38.1], [1761868800000, 38.95], [1762128000000, 38.5], [1762214400000, 38.4], [1762300800000, 38.0], [1762387200000, 38.0], [1762473600000, 38.2], [1762732800000, 38.0], [1762819200000, 37.8], [1762905600000, 37.7], [1762992000000, 37.4], [1763078400000, 38.1], [1763337600000, 38.1], [1763424000000, 38.0], [1763510400000, 38.0], [1763596800000, 37.95], [1763683200000, 36.85], [1763942400000, 36.85], [1764028800000, 36.45], [1764115200000, 36.45], [1764201600000, 38.0], [1764288000000, 37.5], [1764547200000, 38.25], [1764633600000, 38.25], [1764720000000, 38.25], [1764806400000, 38.3], [1764892800000, 38.0], [1765152000000, 38.0], [1765238400000, 38.0], [1765324800000, 38.0], [1765411200000, 37.95], [1765497600000, 38.2], [1765756800000, 37.7], [1765843200000, 37.65], [1765929600000, 37.85], [1766016000000, 37.65], [1766102400000, 37.5], [1766361600000, 37.6], [1766448000000, 37.55], [1766534400000, 37.9], [1766707200000, 37.55], [1766966400000, 37.55], [1767052800000, 37.55], [1767139200000, 37.8], [1767312000000, 37.65], [1767571200000, 38.5], [1767657600000, 37.7], [1767744000000, 37.7], [1767830400000, 39.0], [1767916800000, 39.3], [1768176000000, 38.35], [1768262400000, 39.0], [1768348800000, 39.0], [1768435200000, 38.0], [1768521600000, 39.35], [1768780800000, 40.3], [1768867200000, 40.6], [1768953600000, 41.5], [1769040000000, 42.3], [1769126400000, 44.95], [1769385600000, 49.4], [1769472000000, 52.3], [1769558400000, 52.6], [1769644800000, 57.8], [1769731200000, 63.1], [1769990400000, 59.0], [1770076800000, 58.0], [1770163200000, 63.8], [1770249600000, 70.1], [1770336000000, 70.6], [1770595200000, 68.3], [1770681600000, 65.0], [1770768000000, 59.1], [1771804800000, 62.5], [1771891200000, 63.7], [1771977600000, 61.8], [1772064000000, 61.9], [1772409600000, 61.2], [1772496000000, 58.5], [1772582400000, 53.5], [1772668800000, 54.2], [1772755200000, 51.8], [1773014400000, 46.7], [1773100800000, 51.3], [1773187200000, 56.4], [1773273600000, 55.0], [1773360000000, 55.0], [1773619200000, 54.4], [1773705600000, 58.8], [1773792000000, 57.8], [1773878400000, 56.7], [1773964800000, 55.8], [1774224000000, 55.6], [1774310400000, 54.0], [1774396800000, 56.4], [1774483200000, 62.0], [1774569600000, 66.0], [1774828800000, 72.6], [1774915200000, 77.4], [1775001600000, 72.5], [1775088000000, 68.2], [1775520000000, 67.4]], "margin_ratio": [[1770595200000, 0.141407867494824], [1770681600000, 0.16149068322981366], [1770768000000, 0.12032091097308488], [1771804800000, 0.222135955831608], [1771891200000, 0.26816425120772946], [1771977600000, 0.25803312629399583], [1772064000000, 0.3246652864044169], [1772409600000, 0.3336645962732919], [1772496000000, 0.3048136645962733], [1772582400000, 0.27876121463077985], [1772668800000, 0.29175983436853004], [1772755200000, 0.29492753623188406], [1773014400000, 0.283616287094548], [1773100800000, 0.285], [1773187200000, 0.3074948240165631], [1773273600000, 0.2808833678398896], [1773360000000, 0.2922705314009662], [1773619200000, 0.27594202898550724], [1773705600000, 0.33072463768115945], [1773792000000, 0.28919944789510005], [1773878400000, 0.3091304347826087], [1773964800000, 0.29074534161490684], [1774224000000, 0.2992960662525879], [1774310400000, 0.3018633540372671], [1774396800000, 0.3133333333333333], [1774483200000, 0.3658385093167702], [1774569600000, 0.9246376811594202], [1774828800000, 1.598302277432712], [1774915200000, 1.9149689440993787], [1775001600000, 1.7687198067632848], [1775088000000, 1.2825741890959281], [1775520000000, 1.1814768806073155]]}