{"margin_balance": [[1750636800000, 11.8388], [1751241600000, 12.11778], [1751846400000, 11.97072], [1752451200000, 11.46288], [1753056000000, 12.33028], [1753660800000, 12.2822], [1754265600000, 11.82108], [1754870400000, 12.387985], [1755475200000, 13.02548], [1756080000000, 11.85006], [1756684800000, 15.33419], [1757289600000, 13.80213], [1757894400000, 13.62837], [1758499200000, 12.78825], [1759104000000, 12.1392], [1759708800000, 11.8017], [1760313600000, 11.50935], [1760918400000, 10.2167], [1761523200000, 10.86606], [1762128000000, 10.03608], [1762732800000, 9.351005], [1763337600000, 9.100525], [1763942400000, 8.40849], [1764547200000, 9.527895], [1765152000000, 10.492755], [1765756800000, 9.82768], [1766361600000, 9.0109], [1766966400000, 8.89042], [1767571200000, 9.04161], [1768176000000, 9.62], [1768780800000, 9.882225], [1769385600000, 10.17864], [1769990400000, 10.17852], [1770595200000, 8.65102], [1771200000000, 8.7125], [1771804800000, 8.5785], [1771891200000, 8.6606], [1771977600000, 8.70696], [1772064000000, 8.91725], [1772409600000, 8.89203], [1772496000000, 8.42125], [1772582400000, 7.9254], [1772668800000, 8.04771], [1772755200000, 7.90874], [1773014400000, 7.039955], [1773100800000, 7.51912], [1773187200000, 7.747185], [1773273600000, 7.35904], [1773360000000, 7.3776], [1773619200000, 7.77994], [1773705600000, 7.6284], [1773792000000, 7.560765], [1773878400000, 7.33251], [1773964800000, 7.20252], [1774224000000, 6.97536], [1774310400000, 6.95072], [1774396800000, 7.187565], [1774483200000, 7.09308], [1774569600000, 7.038135], [1774828800000, 6.836635], [1774915200000, 6.614475], [1775001600000, 6.77766], [1775088000000, 6.543525], [1775520000000, 6.57076], [1775606400000, 6.73237], [1775692800000, 6.802875], [1775779200000, 6.708455], [1776038400000, 6.54654], [1776124800000, 7.006255], [1776211200000, 7.13559]], "closing_price": [[1750636800000, 136.0], [1751241600000, 138.0], [1751846400000, 136.0], [1752451200000, 132.0], [1753056000000, 140.5], [1753660800000, 141.5], [1754265600000, 138.0], [1754870400000, 144.5], [1755475200000, 148.0], [1756080000000, 138.0], [1756684800000, 157.0], [1757289600000, 145.5], [1757894400000, 147.0], [1758499200000, 144.5], [1759104000000, 140.5], [1759708800000, 139.5], [1760313600000, 138.5], [1760918400000, 130.0], [1761523200000, 134.0], [1762128000000, 131.5], [1762732800000, 125.5], [1763337600000, 122.5], [1763942400000, 120.5], [1764547200000, 133.5], [1765152000000, 136.5], [1765756800000, 128.5], [1766361600000, 125.5], [1766966400000, 126.5], [1767571200000, 129.0], [1768176000000, 130.0], [1768780800000, 131.5], [1769385600000, 134.0], [1769990400000, 132.0], [1770595200000, 122.0], [1771200000000, 125.0], [1771804800000, 129.0], [1771891200000, 130.0], [1771977600000, 130.5], [1772064000000, 132.5], [1772409600000, 131.5], [1772496000000, 125.0], [1772582400000, 119.0], [1772668800000, 121.0], [1772755200000, 119.0], [1773014400000, 110.5], [1773100800000, 116.0], [1773187200000, 119.5], [1773273600000, 116.0], [1773360000000, 116.0], [1773619200000, 122.0], [1773705600000, 120.0], [1773792000000, 119.5], [1773878400000, 116.5], [1773964800000, 114.0], [1774224000000, 112.0], [1774310400000, 112.0], [1774396800000, 115.5], [1774483200000, 114.0], [1774569600000, 113.5], [1774828800000, 110.5], [1774915200000, 107.5], [1775001600000, 111.0], [1775088000000, 107.5], [1775520000000, 108.5], [1775606400000, 111.5], [1775692800000, 112.5], [1775779200000, 110.5], [1776038400000, 109.0], [1776124800000, 114.5], [1776211200000, 115.5]], "margin_ratio": [[1750636800000, 5.977682403433477], [1751241600000, 6.118545821762181], [1751846400000, 6.044291845493563], [1752451200000, 5.7878717495581915], [1753056000000, 6.225841959101237], [1753660800000, 6.2015652612976515], [1754265600000, 5.968735167886897], [1754870400000, 6.254978540772532], [1755475200000, 6.576864428174703], [1756080000000, 5.983367836404947], [1756684800000, 7.742585205756121], [1757289600000, 6.96901287553648], [1757894400000, 6.8812774551880835], [1758499200000, 6.457081545064377], [1759104000000, 6.129361272405958], [1759708800000, 5.958949760161575], [1760313600000, 5.811335521332996], [1760918400000, 5.15864680636203], [1761523200000, 5.486523605150214], [1762128000000, 5.067447614238828], [1762732800000, 4.721537490532693], [1763337600000, 4.5950643776824025], [1763942400000, 4.24563998990154], [1764547200000, 4.81085331986872], [1765152000000, 5.2980333249179505], [1765756800000, 4.962221661196668], [1766361600000, 4.549810653875284], [1766966400000, 4.488977530926533], [1767571200000, 4.5653168391820245], [1768176000000, 4.85735925271396], [1768780800000, 4.989762686190356], [1769385600000, 5.139429437010856], [1769990400000, 5.139368846250947], [1770595200000, 4.368098964907851], [1771200000000, 4.399141630901288], [1771804800000, 4.331481949002777], [1771891200000, 4.372936127240596], [1771977600000, 4.396344357485484], [1772064000000, 4.502524614996212], [1772409600000, 4.489790456955315], [1772496000000, 4.252082807371876], [1772582400000, 4.001716738197424], [1772668800000, 4.063473870234789], [1772755200000, 3.993304721030043], [1773014400000, 3.5546351931330467], [1773100800000, 3.796576622065135], [1773187200000, 3.9117318858874017], [1773273600000, 3.7157485483463772], [1773360000000, 3.72511991921232], [1773619200000, 3.9282706387275934], [1773705600000, 3.851754607422368], [1773792000000, 3.8176041403685934], [1773878400000, 3.7023529411764704], [1773964800000, 3.6367180005049224], [1774224000000, 3.5220196919969706], [1774310400000, 3.509578389295632], [1774396800000, 3.6291668770512495], [1774483200000, 3.5814592274678105], [1774569600000, 3.553716233274425], [1774828800000, 3.451974248927039], [1774915200000, 3.339800555415299], [1775001600000, 3.422196415046705], [1775088000000, 3.3039762686190355], [1775520000000, 3.317727846503408], [1775606400000, 3.3993284524110075], [1775692800000, 3.4349280484726084], [1775779200000, 3.3872532188841196], [1776038400000, 3.305498611461752], [1776124800000, 3.537619288058571], [1776211200000, 3.6029235041656142]]}