{"margin_balance": [[1766361600000, 14.4613], [1766448000000, 11.865], [1766534400000, 4.7428], [1766707200000, 7.50891], [1766966400000, 11.9972], [1767052800000, 5.43165], [1767139200000, 7.38514], [1767312000000, 30.06021], [1767571200000, 9.32756], [1767657600000, 6.10344], [1767744000000, 3.0191], [1767830400000, 4.5152], [1767916800000, 2.52882], [1768176000000, 4.8764], [1768262400000, 8.15262], [1768348800000, 4.43486], [1768435200000, 2.85498], [1768521600000, 2.7192], [1768780800000, 5.06499], [1768867200000, 9.52956], [1768953600000, 6.1124], [1769040000000, 5.44236], [1769126400000, 3.77784], [1769385600000, 2.85428], [1769472000000, 8.22081], [1769558400000, 1.08672], [1769644800000, 4.6656], [1769731200000, 3.2091], [1769990400000, 2.33987], [1770076800000, 7.06176], [1770163200000, 4.624], [1770249600000, 1.83141], [1770336000000, 2.53266], [1770595200000, 1.1058]], "closing_price": [[1766361600000, 730.0], [1766448000000, 678.0], [1766534400000, 668.0], [1766707200000, 687.0], [1766966400000, 712.0], [1767052800000, 739.0], [1767139200000, 749.0], [1767312000000, 769.0], [1767571200000, 731.0], [1767657600000, 692.0], [1767744000000, 665.0], [1767830400000, 680.0], [1767916800000, 669.0], [1768176000000, 668.0], [1768262400000, 658.0], [1768348800000, 622.0], [1768435200000, 622.0], [1768521600000, 618.0], [1768780800000, 623.0], [1768867200000, 618.0], [1768953600000, 590.0], [1769040000000, 589.0], [1769126400000, 583.0], [1769385600000, 572.0], [1769472000000, 591.0], [1769558400000, 566.0], [1769644800000, 576.0], [1769731200000, 563.0], [1769990400000, 533.0], [1770076800000, 576.0], [1770163200000, 578.0], [1770249600000, 567.0], [1770336000000, 573.0], [1770595200000, 570.0]], "margin_ratio": [[1766361600000, 7.12870945479641], [1766448000000, 5.848861283643892], [1766534400000, 2.3379670708863256], [1766707200000, 3.7015232179828454], [1766966400000, 5.9140293798678885], [1767052800000, 2.677536231884058], [1767139200000, 3.6405106970324357], [1767312000000, 14.818204673173618], [1767571200000, 4.59802819678596], [1767657600000, 3.008695652173913], [1767744000000, 1.4882677708764664], [1767830400000, 2.2257714680074927], [1767916800000, 1.246583850931677], [1768176000000, 2.4038252982352364], [1768262400000, 4.018840579710145], [1768348800000, 2.1861678004535143], [1768435200000, 1.4073646850044363], [1768521600000, 1.3404318249038745], [1768780800000, 2.4967908902691507], [1768867200000, 4.697604259094942], [1768953600000, 3.0131124913733607], [1769040000000, 2.682815734989648], [1769126400000, 1.8622892635314994], [1769385600000, 1.4070196194419797], [1769472000000, 4.052454895001479], [1769558400000, 0.5356994971901803], [1769644800000, 2.299911268855368], [1769731200000, 1.5819284235433302], [1769990400000, 1.1534407966084983], [1770076800000, 3.4811002661934336], [1770163200000, 2.2794045154293596], [1770249600000, 0.9027950310559005], [1770336000000, 1.2484767820171545], [1770595200000, 0.5451049985211476]]}