{"margin_balance": [[1747612800000, 0.002133], [1748217600000, 0.0172875], [1748822400000, 0.017633], [1749427200000, 0.020064], [1750032000000, 0.006524], [1750636800000, 0.00435], [1751241600000, 0.004294000000000001], [1751846400000, 0.004788], [1752451200000, 0.004557], [1753056000000, 0.005195999999999999], [1753660800000, 0.007104], [1754265600000, 0.00669], [1754870400000, 0.007293000000000001], [1755475200000, 0.007378], [1756080000000, 0.007721999999999999], [1756684800000, 0.0176565], [1757289600000, 0.019975], [1757894400000, 0.013481999999999997], [1758499200000, 0.014673], [1759104000000, 0.0141375], [1759708800000, 0.01392], [1760313600000, 0.013824], [1760918400000, 0.013936000000000002], [1761523200000, 0.01917], [1762128000000, 0.023107999999999997], [1762732800000, 0.021721], [1763337600000, 0.02223], [1763942400000, 0.0208725], [1764547200000, 0.0209875], [1765152000000, 0.021533999999999994], [1765756800000, 0.021887999999999994], [1766361600000, 0.022261], [1766966400000, 0.0231075], [1767571200000, 0.024131], [1768176000000, 0.0159005], [1768780800000, 0.014328], [1769385600000, 0.015867], [1769472000000, 0.016489999999999998], [1769558400000, 0.015996000000000003], [1769644800000, 0.016411999999999996], [1769731200000, 0.016290000000000002], [1769990400000, 0.01704], [1770076800000, 0.017296999999999996], [1770163200000, 0.017296999999999996], [1770249600000, 0.017296999999999996], [1770336000000, 0.016767499999999998], [1770595200000, 0.018954], [1770681600000, 0.018846], [1770768000000, 0.017372], [1771804800000, 0.01795], [1771891200000, 0.0175725], [1771977600000, 0.017088000000000002], [1772064000000, 0.0172755], [1772409600000, 0.017732], [1772496000000, 0.017888], [1772582400000, 0.017808], [1772668800000, 0.0179225], [1772755200000, 0.018136499999999996], [1773014400000, 0.017316], [1773100800000, 0.01776], [1773187200000, 0.017764999999999996], [1773273600000, 0.0176035], [1773360000000, 0.018126000000000003], [1773619200000, 0.018126000000000003], [1773705600000, 0.016695], [1773792000000, 0.017066], [1773878400000, 0.0170665], [1773964800000, 0.0167475], [1774224000000, 0.0176], [1774310400000, 0.020064]], "closing_price": [[1719187200000, 43.0], [1719792000000, 41.95], [1720396800000, 41.2], [1721001600000, 43.5], [1721606400000, 41.7], [1722211200000, 40.25], [1722816000000, 39.9], [1723420800000, 39.6], [1724025600000, 39.35], [1724630400000, 41.5], [1725235200000, 38.8], [1725840000000, 38.0], [1726444800000, 37.3], [1727049600000, 37.5], [1727654400000, 38.0], [1728259200000, 36.9], [1728864000000, 37.6], [1729468800000, 37.15], [1730073600000, 37.8], [1730678400000, 35.5], [1731283200000, 32.0], [1731888000000, 30.8], [1732492800000, 31.75], [1733097600000, 34.0], [1733702400000, 34.05], [1734307200000, 34.2], [1734912000000, 35.35], [1736121600000, 35.3], [1736726400000, 34.4], [1737331200000, 32.25], [1737936000000, 32.4], [1739145600000, 34.85], [1739750400000, 34.75], [1740355200000, 34.85], [1740960000000, 34.2], [1741564800000, 33.1], [1742169600000, 31.65], [1742774400000, 30.5], [1743379200000, 30.85], [1743984000000, 29.95], [1744588800000, 22.5], [1745193600000, 21.9], [1745798400000, 21.05], [1746403200000, 22.0], [1747008000000, 21.75], [1747612800000, 23.7], [1748217600000, 23.05], [1748822400000, 22.9], [1749427200000, 22.8], [1750032000000, 23.3], [1750636800000, 21.75], [1751241600000, 22.6], [1751846400000, 22.8], [1752451200000, 21.7], [1753056000000, 21.65], [1753660800000, 22.2], [1754265600000, 22.3], [1754870400000, 22.1], [1755475200000, 21.7], [1756080000000, 21.45], [1756684800000, 22.35], [1757289600000, 23.5], [1757894400000, 21.4], [1758499200000, 21.9], [1759104000000, 21.75], [1759708800000, 21.75], [1760313600000, 21.6], [1760918400000, 20.8], [1761523200000, 21.3], [1762128000000, 21.2], [1762732800000, 20.3], [1763337600000, 19.0], [1763942400000, 17.25], [1764547200000, 18.25], [1765152000000, 19.4], [1765756800000, 19.2], [1766361600000, 19.7], [1766966400000, 19.75], [1767571200000, 20.45], [1768176000000, 20.65], [1768780800000, 19.9], [1769385600000, 19.35], [1769472000000, 19.4], [1769558400000, 18.6], [1769644800000, 18.65], [1769731200000, 18.1], [1769990400000, 17.75], [1770076800000, 17.65], [1770163200000, 17.65], [1770249600000, 17.65], [1770336000000, 17.65], [1770595200000, 17.55], [1770681600000, 17.45], [1770768000000, 17.2], [1771804800000, 17.95], [1771891200000, 17.75], [1771977600000, 17.8], [1772064000000, 17.45], [1772409600000, 17.05], [1772496000000, 17.2], [1772582400000, 16.8], [1772668800000, 16.75], [1772755200000, 16.95], [1773014400000, 15.6], [1773100800000, 16.0], [1773187200000, 16.15], [1773273600000, 16.15], [1773360000000, 15.9], [1773619200000, 15.9], [1773705600000, 15.75], [1773792000000, 16.1], [1773878400000, 15.95], [1773964800000, 15.95], [1774224000000, 16.0], [1774310400000, 17.6]], "margin_ratio": [[1747612800000, 0.024831199068684515], [1748217600000, 0.20125145518044238], [1748822400000, 0.20527357392316645], [1749427200000, 0.23357392316647263], [1750032000000, 0.0759487776484284], [1750636800000, 0.05064027939464494], [1751241600000, 0.04998835855646101], [1751846400000, 0.05573923166472643], [1752451200000, 0.0530500582072177], [1753056000000, 0.06048894062863794], [1753660800000, 0.08270081490104773], [1754265600000, 0.07788125727590221], [1754870400000, 0.08490104772991852], [1755475200000, 0.0858905704307334], [1756080000000, 0.089895227008149], [1756684800000, 0.20554714784633293], [1757289600000, 0.23253783469150174], [1757894400000, 0.15694994179278227], [1758499200000, 0.17081490104772992], [1759104000000, 0.16458090803259606], [1759708800000, 0.1620488940628638], [1760313600000, 0.1609313154831199], [1760918400000, 0.1622351571594878], [1761523200000, 0.2231664726426077], [1762128000000, 0.2690104772991851], [1762732800000, 0.25286379511059376], [1763337600000, 0.25878928987194416], [1763942400000, 0.24298603026775317], [1764547200000, 0.24432479627473805], [1765152000000, 0.2506868451688009], [1765756800000, 0.2548079161816064], [1766361600000, 0.2591501746216531], [1766966400000, 0.2690046565774156], [1767571200000, 0.2809196740395809], [1768176000000, 0.18510477299185102], [1768780800000, 0.16679860302677535], [1769385600000, 0.18471478463329452], [1769472000000, 0.19196740395809078], [1769558400000, 0.18621653084982542], [1769644800000, 0.19105937136204887], [1769731200000, 0.18963911525029106], [1769990400000, 0.19837019790454016], [1770076800000, 0.20136204889406284], [1770163200000, 0.20136204889406284], [1770249600000, 0.20136204889406284], [1770336000000, 0.19519790454016295], [1770595200000, 0.2206519208381839], [1770681600000, 0.21939464493597208], [1770768000000, 0.20223515715948776], [1771804800000, 0.2089639115250291], [1771891200000, 0.20456926658905705], [1771977600000, 0.19892898719441215], [1772064000000, 0.2011117578579744], [1772409600000, 0.2064260768335274], [1772496000000, 0.2082421420256112], [1772582400000, 0.20731082654249128], [1772668800000, 0.20864377182770663], [1772755200000, 0.21113504074505235], [1773014400000, 0.20158323632130387], [1773100800000, 0.20675203725261931], [1773187200000, 0.2068102444703143], [1773273600000, 0.20493015133876605], [1773360000000, 0.21101280558789293], [1773619200000, 0.21101280558789293], [1773705600000, 0.1943538998835856], [1773792000000, 0.19867287543655415], [1773878400000, 0.19867869615832362], [1773964800000, 0.19496507566938298], [1774224000000, 0.20488940628637953], [1774310400000, 0.23357392316647263]]}