{"margin_balance": [[1756080000000, 0.11305], [1756684800000, 0.20305], [1757289600000, 0.185445], [1757894400000, 0.14476], [1758499200000, 0.1296], [1759104000000, 0.11592], [1759708800000, 0.1084], [1760313600000, 0.116875], [1760918400000, 0.10935], [1761523200000, 0.131175], [1762128000000, 0.14916], [1762732800000, 0.153576], [1763337600000, 0.22161], [1763942400000, 0.204269], [1764547200000, 0.4247229999999999], [1765152000000, 0.507484], [1765756800000, 0.56355], [1766361600000, 0.50575], [1766966400000, 0.514017], [1767571200000, 0.456527], [1768176000000, 0.468468], [1768780800000, 0.470756], [1769385600000, 0.49955399999999994], [1769990400000, 0.5522989999999999], [1770595200000, 0.5150570000000001], [1771200000000, 0.49106], [1771804800000, 0.49224], [1771891200000, 0.491946], [1771977600000, 0.67388], [1772064000000, 0.78371], [1772409600000, 0.914375], [1772496000000, 0.901485], [1772582400000, 0.8308440000000001], [1772668800000, 0.85186], [1772755200000, 0.90405], [1773014400000, 0.883395], [1773100800000, 1.01661], [1773187200000, 1.07139], [1773273600000, 1.39113], [1773360000000, 2.10226], [1773619200000, 2.11173], [1773705600000, 2.1268], [1773792000000, 1.93521], [1773878400000, 1.75644], [1773964800000, 1.59962], [1774224000000, 1.4758], [1774310400000, 1.484805], [1774396800000, 1.66698], [1774483200000, 1.48132], [1774569600000, 1.46392], [1774828800000, 1.352325], [1774915200000, 1.21888], [1775001600000, 1.25404], [1775088000000, 1.18545], [1775520000000, 1.26218], [1775606400000, 1.31776], [1775692800000, 1.34652], [1775779200000, 1.31091], [1776038400000, 1.332], [1776124800000, 1.242825], [1776211200000, 1.155625]], "closing_price": [[1750636800000, 127.0], [1751241600000, 127.5], [1751846400000, 113.5], [1752451200000, 114.0], [1753056000000, 113.0], [1753660800000, 113.5], [1754265600000, 112.0], [1754870400000, 112.5], [1755475200000, 120.0], [1756080000000, 133.0], [1756684800000, 155.0], [1757289600000, 158.5], [1757894400000, 154.0], [1758499200000, 144.0], [1759104000000, 138.0], [1759708800000, 135.5], [1760313600000, 137.5], [1760918400000, 135.0], [1761523200000, 132.5], [1762128000000, 113.0], [1762732800000, 94.8], [1763337600000, 89.0], [1763942400000, 82.7], [1764547200000, 88.3], [1765152000000, 87.8], [1765756800000, 85.0], [1766361600000, 87.5], [1766966400000, 86.1], [1767571200000, 86.3], [1768176000000, 81.9], [1768780800000, 82.3], [1769385600000, 84.1], [1769990400000, 85.1], [1770595200000, 85.7], [1771200000000, 86.0], [1771804800000, 87.9], [1771891200000, 90.1], [1771977600000, 99.1], [1772064000000, 109.0], [1772409600000, 104.5], [1772496000000, 103.5], [1772582400000, 94.2], [1772668800000, 95.5], [1772755200000, 105.0], [1773014400000, 100.5], [1773100800000, 103.0], [1773187200000, 106.5], [1773273600000, 117.0], [1773360000000, 128.5], [1773619200000, 129.0], [1773705600000, 130.0], [1773792000000, 128.5], [1773878400000, 123.0], [1773964800000, 121.0], [1774224000000, 117.5], [1774310400000, 118.5], [1774396800000, 126.0], [1774483200000, 116.0], [1774569600000, 116.0], [1774828800000, 109.5], [1774915200000, 104.0], [1775001600000, 107.0], [1775088000000, 105.0], [1775520000000, 111.5], [1775606400000, 116.0], [1775692800000, 114.5], [1775779200000, 111.0], [1776038400000, 112.5], [1776124800000, 109.5], [1776211200000, 107.5]], "margin_ratio": [[1756080000000, 0.32299999999999995], [1756684800000, 0.5801428571428572], [1757289600000, 0.5298428571428571], [1757894400000, 0.41359999999999997], [1758499200000, 0.3702857142857143], [1759104000000, 0.3312], [1759708800000, 0.30971428571428566], [1760313600000, 0.3339285714285714], [1760918400000, 0.31242857142857144], [1761523200000, 0.3747857142857143], [1762128000000, 0.42617142857142853], [1762732800000, 0.4387885714285714], [1763337600000, 0.6331714285714286], [1763942400000, 0.5836257142857143], [1764547200000, 1.2134942857142854], [1765152000000, 1.449954285714286], [1765756800000, 1.6101428571428573], [1766361600000, 1.445], [1766966400000, 1.4686199999999998], [1767571200000, 1.3043628571428574], [1768176000000, 1.3384800000000001], [1768780800000, 1.345017142857143], [1769385600000, 1.4272971428571428], [1769990400000, 1.5779971428571424], [1770595200000, 1.4715914285714289], [1771200000000, 1.4030285714285713], [1771804800000, 1.4064], [1771891200000, 1.40556], [1771977600000, 1.9253714285714287], [1772064000000, 2.2391714285714284], [1772409600000, 2.6125000000000003], [1772496000000, 2.5756714285714284], [1772582400000, 2.3738400000000004], [1772668800000, 2.433885714285714], [1772755200000, 2.583], [1773014400000, 2.5239857142857143], [1773100800000, 2.9046], [1773187200000, 3.061114285714286], [1773273600000, 3.974657142857143], [1773360000000, 6.006457142857142], [1773619200000, 6.033514285714285], [1773705600000, 6.076571428571428], [1773792000000, 5.529171428571429], [1773878400000, 5.0184], [1773964800000, 4.570342857142857], [1774224000000, 4.216571428571428], [1774310400000, 4.242299999999999], [1774396800000, 4.7627999999999995], [1774483200000, 4.232342857142857], [1774569600000, 4.182628571428572], [1774828800000, 3.863785714285714], [1774915200000, 3.4825142857142852], [1775001600000, 3.5829714285714283], [1775088000000, 3.3869999999999996], [1775520000000, 3.6062285714285713], [1775606400000, 3.765028571428571], [1775692800000, 3.8472], [1775779200000, 3.7454571428571426], [1776038400000, 3.805714285714286], [1776124800000, 3.5509285714285714], [1776211200000, 3.301785714285714]]}