{"margin_balance": [[1766361600000, 14.4613], [1766448000000, 11.865], [1766534400000, 4.7428], [1766707200000, 7.50891], [1766966400000, 11.9972], [1767052800000, 5.43165], [1767139200000, 7.38514], [1767312000000, 30.06021], [1767571200000, 9.32756], [1767657600000, 6.10344], [1767744000000, 3.0191], [1767830400000, 4.5152], [1767916800000, 2.52882], [1768176000000, 4.8764], [1768262400000, 8.15262], [1768348800000, 4.43486], [1768435200000, 2.85498], [1768521600000, 2.7192], [1768780800000, 5.06499], [1768867200000, 9.52956], [1768953600000, 6.1124], [1769040000000, 5.44236], [1769126400000, 3.77784], [1769385600000, 2.85428], [1769472000000, 8.22081], [1769558400000, 1.08672], [1769644800000, 4.6656], [1769731200000, 3.2091], [1769990400000, 2.33987], [1770076800000, 7.06176], [1770163200000, 4.624], [1770249600000, 1.83141], [1770336000000, 2.53266], [1770595200000, 1.1058], [1770681600000, 4.63166], [1770768000000, 13.8417], [1771804800000, 19.96576], [1771891200000, 7.29015], [1771977600000, 7.7814], [1772064000000, 5.70657], [1772409600000, 3.47011], [1772496000000, 3.1248]], "closing_price": [[1766361600000, 730.0], [1766448000000, 678.0], [1766534400000, 668.0], [1766707200000, 687.0], [1766966400000, 712.0], [1767052800000, 739.0], [1767139200000, 749.0], [1767312000000, 769.0], [1767571200000, 731.0], [1767657600000, 692.0], [1767744000000, 665.0], [1767830400000, 680.0], [1767916800000, 669.0], [1768176000000, 668.0], [1768262400000, 658.0], [1768348800000, 622.0], [1768435200000, 622.0], [1768521600000, 618.0], [1768780800000, 623.0], [1768867200000, 618.0], [1768953600000, 590.0], [1769040000000, 589.0], [1769126400000, 583.0], [1769385600000, 572.0], [1769472000000, 591.0], [1769558400000, 566.0], [1769644800000, 576.0], [1769731200000, 563.0], [1769990400000, 533.0], [1770076800000, 576.0], [1770163200000, 578.0], [1770249600000, 567.0], [1770336000000, 573.0], [1770595200000, 570.0], [1770681600000, 569.0], [1770768000000, 645.0], [1771804800000, 688.0], [1771891200000, 655.0], [1771977600000, 660.0], [1772064000000, 669.0], [1772409600000, 623.0], [1772496000000, 630.0]], "margin_ratio": [[1766361600000, 7.269907500502715], [1766448000000, 5.964709430927007], [1766534400000, 2.384275085461492], [1766707200000, 3.774839131309069], [1766966400000, 6.031168308867887], [1767052800000, 2.730570078423487], [1767139200000, 3.712618137944903], [1767312000000, 15.111708224411826], [1767571200000, 4.689101146189423], [1767657600000, 3.0682887593002213], [1767744000000, 1.5177458274683289], [1767830400000, 2.269857229036799], [1767916800000, 1.2712748843756285], [1768176000000, 2.4514377639251963], [1768262400000, 4.098441584556607], [1768348800000, 2.2294691333199275], [1768435200000, 1.4352402976070782], [1768521600000, 1.3669817011864067], [1768780800000, 2.5462447214960786], [1768867200000, 4.7906495073396345], [1768953600000, 3.07279308264629], [1769040000000, 2.735954152423085], [1769126400000, 1.8991755479589787], [1769385600000, 1.4348883973456668], [1769472000000, 4.13272169716469], [1769558400000, 0.5463100744017696], [1769644800000, 2.345465513774382], [1769731200000, 1.6132616127086268], [1769990400000, 1.1762869495274482], [1770076800000, 3.550050271465916], [1770163200000, 2.324552583953348], [1770249600000, 0.9206766539312288], [1770336000000, 1.2732053086668007], [1770595200000, 0.5559018700985321], [1770681600000, 2.3284033782425095], [1770768000000, 6.958425497687512], [1771804800000, 10.037080233259603], [1771891200000, 3.6648652724713453], [1771977600000, 3.9118238487834307], [1772064000000, 2.868776392519606], [1772409600000, 1.7444751658958375], [1772496000000, 1.5708827669414842]]}