{"margin_balance": [[1766361600000, 14.4613], [1766448000000, 11.865], [1766534400000, 4.7428], [1766707200000, 7.50891], [1766966400000, 11.9972], [1767052800000, 5.43165], [1767139200000, 7.38514], [1767312000000, 30.06021], [1767571200000, 9.32756], [1767657600000, 6.10344], [1767744000000, 3.0191], [1767830400000, 4.5152], [1767916800000, 2.52882], [1768176000000, 4.8764], [1768262400000, 8.15262], [1768348800000, 4.43486], [1768435200000, 2.85498], [1768521600000, 2.7192], [1768780800000, 5.06499], [1768867200000, 9.52956], [1768953600000, 6.1124], [1769040000000, 5.44236], [1769126400000, 3.77784], [1769385600000, 2.85428], [1769472000000, 8.22081], [1769558400000, 1.08672], [1769644800000, 4.6656], [1769731200000, 3.2091], [1769990400000, 2.33987], [1770076800000, 7.06176], [1770163200000, 4.624], [1770249600000, 1.83141], [1770336000000, 2.53266], [1770595200000, 1.1058], [1770681600000, 4.63166], [1770768000000, 13.8417], [1771804800000, 19.96576], [1771891200000, 7.29015], [1771977600000, 7.7814], [1772064000000, 5.70657], [1772409600000, 3.47011], [1772496000000, 3.1248], [1772582400000, 3.07296], [1772668800000, 2.01335], [1772755200000, 1.16725], [1773014400000, 2.1888], [1773100800000, 1.18125], [1773187200000, 10.35118], [1773273600000, 4.67116], [1773360000000, 4.91579], [1773619200000, 3.80256], [1773705600000, 4.51554], [1773792000000, 4.13055], [1773878400000, 4.26682], [1773964800000, 3.36449], [1774224000000, 2.62908], [1774310400000, 2.27106], [1774396800000, 1.89864], [1774483200000, 6.20576], [1774569600000, 4.4933], [1774828800000, 3.90216], [1774915200000, 3.4237], [1775001600000, 3.03252], [1775088000000, 2.8496], [1775520000000, 3.2332], [1775606400000, 4.4517], [1775692800000, 2.80098], [1775779200000, 3.4496], [1776038400000, 9.3398], [1776124800000, 3.31822], [1776211200000, 3.03448], [1776297600000, 2.29052]], "closing_price": [[1766361600000, 730.0], [1766448000000, 678.0], [1766534400000, 668.0], [1766707200000, 687.0], [1766966400000, 712.0], [1767052800000, 739.0], [1767139200000, 749.0], [1767312000000, 769.0], [1767571200000, 731.0], [1767657600000, 692.0], [1767744000000, 665.0], [1767830400000, 680.0], [1767916800000, 669.0], [1768176000000, 668.0], [1768262400000, 658.0], [1768348800000, 622.0], [1768435200000, 622.0], [1768521600000, 618.0], [1768780800000, 623.0], [1768867200000, 618.0], [1768953600000, 590.0], [1769040000000, 589.0], [1769126400000, 583.0], [1769385600000, 572.0], [1769472000000, 591.0], [1769558400000, 566.0], [1769644800000, 576.0], [1769731200000, 563.0], [1769990400000, 533.0], [1770076800000, 576.0], [1770163200000, 578.0], [1770249600000, 567.0], [1770336000000, 573.0], [1770595200000, 570.0], [1770681600000, 569.0], [1770768000000, 645.0], [1771804800000, 688.0], [1771891200000, 655.0], [1771977600000, 660.0], [1772064000000, 669.0], [1772409600000, 623.0], [1772496000000, 630.0], [1772582400000, 582.0], [1772668800000, 601.0], [1772755200000, 575.0], [1773014400000, 576.0], [1773100800000, 625.0], [1773187200000, 691.0], [1773273600000, 676.0], [1773360000000, 667.0], [1773619200000, 699.0], [1773705600000, 699.0], [1773792000000, 685.0], [1773878400000, 673.0], [1773964800000, 661.0], [1774224000000, 654.0], [1774310400000, 666.0], [1774396800000, 648.0], [1774483200000, 656.0], [1774569600000, 686.0], [1774828800000, 687.0], [1774915200000, 670.0], [1775001600000, 683.0], [1775088000000, 685.0], [1775520000000, 685.0], [1775606400000, 710.0], [1775692800000, 702.0], [1775779200000, 704.0], [1776038400000, 697.0], [1776124800000, 661.0], [1776211200000, 664.0], [1776297600000, 662.0]], "margin_ratio": [[1766361600000, 6.6651149928561555], [1766448000000, 5.4684979490252115], [1766534400000, 2.185924321334747], [1766707200000, 3.460805641332904], [1766966400000, 5.529428031525095], [1767052800000, 2.503410609761718], [1767139200000, 3.4037608886021107], [1767312000000, 13.854546711526941], [1767571200000, 4.299009079596257], [1767657600000, 2.813034060008296], [1767744000000, 1.3914826934599251], [1767830400000, 2.0810250265013597], [1767916800000, 1.1655159699497626], [1768176000000, 2.247499654330092], [1768262400000, 3.7574872102133936], [1768348800000, 2.043996865926165], [1768435200000, 1.3158408996635478], [1768521600000, 1.2532608194681292], [1768780800000, 2.3344195050006915], [1768867200000, 4.392109508226945], [1768953600000, 2.817163663179241], [1769040000000, 2.508346776051989], [1769126400000, 1.7411808084066922], [1769385600000, 1.3155182744158178], [1769472000000, 3.788915518274416], [1769558400000, 0.5008618703046505], [1769644800000, 2.150343365442227], [1769731200000, 1.4790524035580956], [1769990400000, 1.0784301977231876], [1770076800000, 3.2547172420150248], [1770163200000, 2.131170207862838], [1770249600000, 0.8440844356362631], [1770336000000, 1.1672857998801678], [1770595200000, 0.5096557127713508], [1770681600000, 2.1347006498594276], [1770768000000, 6.379545559293912], [1771804800000, 9.202083237313914], [1771891200000, 3.359980642485136], [1771977600000, 3.5863944324100103], [1772064000000, 2.63011937134166], [1772409600000, 1.5993501405724295], [1772496000000, 1.4401991058671706], [1772582400000, 1.4163064018067015], [1772668800000, 0.9279393464534267], [1772755200000, 0.5379776005899433], [1773014400000, 1.0088030603309213], [1773100800000, 0.5444301055445453], [1773187200000, 4.770788588284095], [1773273600000, 2.1529059316956265], [1773360000000, 2.2656542379130755], [1773619200000, 1.7525740885836754], [1773705600000, 2.081181730193114], [1773792000000, 1.9037424528736695], [1773878400000, 1.966548370742499], [1773964800000, 1.5506705996220675], [1774224000000, 1.2117251232889341], [1774310400000, 1.0467161358713184], [1774396800000, 0.8750702862146841], [1774483200000, 2.860192653362216], [1774569600000, 2.0709314651795174], [1774828800000, 1.7984790524035579], [1774915200000, 1.5779600866479238], [1775001600000, 1.3976678803521223], [1775088000000, 1.3133612941881367], [1775520000000, 1.490159929944232], [1775606400000, 2.051758307600129], [1775692800000, 1.290952666267226], [1775779200000, 1.5898972208139375], [1776038400000, 4.3046504124994245], [1776124800000, 1.529345070747108], [1776211200000, 1.3985712310457665], [1776297600000, 1.0556851177582154]]}