{"margin_balance": [[1765152000000, 0.013356000000000002], [1765411200000, 0.05247], [1765497600000, 0.05923099999999999], [1765756800000, 0.064218], [1765843200000, 0.076383], [1765929600000, 0.083085], [1766016000000, 0.077356], [1766102400000, 0.08084], [1766361600000, 0.082476], [1766448000000, 0.08887199999999998], [1766534400000, 0.08645], [1766707200000, 0.077688], [1766966400000, 0.07718], [1767052800000, 0.07152], [1767139200000, 0.07682099999999999], [1767312000000, 0.078144], [1767571200000, 0.07992], [1767657600000, 0.089768], [1767744000000, 0.0895], [1767830400000, 0.089587], [1767916800000, 0.0877], [1768176000000, 0.09129], [1768262400000, 0.08731800000000002], [1768348800000, 0.089587], [1768435200000, 0.09224800000000002], [1768521600000, 0.104666], [1768780800000, 0.11172], [1768867200000, 0.10212], [1768953600000, 0.0963], [1769040000000, 0.09999], [1769126400000, 0.094245], [1769385600000, 0.089964], [1769472000000, 0.086592], [1769558400000, 0.087785], [1769644800000, 0.09016800000000001], [1769731200000, 0.07565], [1769990400000, 0.07425599999999999], [1770076800000, 0.07523999999999999], [1770163200000, 0.08444699999999998], [1770249600000, 0.084105], [1770336000000, 0.082212]], "closing_price": [[1748822400000, 103.5], [1749427200000, 143.0], [1750032000000, 128.0], [1750636800000, 169.5], [1751241600000, 181.0], [1751846400000, 159.5], [1752451200000, 172.0], [1753056000000, 149.0], [1753660800000, 141.0], [1754265600000, 158.5], [1754870400000, 149.5], [1755475200000, 142.0], [1756080000000, 146.5], [1756684800000, 141.5], [1757289600000, 139.0], [1757894400000, 135.5], [1758499200000, 137.5], [1759104000000, 133.5], [1759708800000, 124.0], [1760313600000, 122.5], [1760918400000, 117.0], [1761523200000, 117.0], [1762128000000, 110.0], [1762732800000, 106.5], [1763337600000, 101.0], [1763942400000, 92.8], [1764547200000, 100.5], [1765152000000, 95.4], [1765411200000, 95.4], [1765497600000, 97.1], [1765756800000, 97.3], [1765843200000, 94.3], [1765929600000, 95.5], [1766016000000, 93.2], [1766102400000, 94.0], [1766361600000, 94.8], [1766448000000, 96.6], [1766534400000, 95.0], [1766707200000, 93.6], [1766966400000, 90.8], [1767052800000, 89.4], [1767139200000, 88.3], [1767312000000, 88.8], [1767571200000, 88.8], [1767657600000, 91.6], [1767744000000, 89.5], [1767830400000, 88.7], [1767916800000, 87.7], [1768176000000, 89.5], [1768262400000, 88.2], [1768348800000, 88.7], [1768435200000, 88.7], [1768521600000, 88.7], [1768780800000, 93.1], [1768867200000, 92.0], [1768953600000, 90.0], [1769040000000, 90.9], [1769126400000, 91.5], [1769385600000, 91.8], [1769472000000, 90.2], [1769558400000, 90.5], [1769644800000, 88.4], [1769731200000, 85.0], [1769990400000, 81.6], [1770076800000, 83.6], [1770163200000, 85.3], [1770249600000, 80.1], [1770336000000, 80.6]], "margin_ratio": [[1765152000000, 0.08285359801488834], [1765411200000, 0.3254962779156328], [1765497600000, 0.36743796526054584], [1765756800000, 0.3983746898263027], [1765843200000, 0.4738399503722085], [1765929600000, 0.5154156327543424], [1766016000000, 0.4798759305210918], [1766102400000, 0.5014888337468982], [1766361600000, 0.511637717121588], [1766448000000, 0.5513151364764266], [1766534400000, 0.5362903225806451], [1766707200000, 0.4819354838709677], [1766966400000, 0.47878411910669977], [1767052800000, 0.4436724565756824], [1767139200000, 0.4765570719602976], [1767312000000, 0.48476426799007444], [1767571200000, 0.4957816377171216], [1767657600000, 0.5568734491315136], [1767744000000, 0.5552109181141439], [1767830400000, 0.5557506203473945], [1767916800000, 0.5440446650124069], [1768176000000, 0.5663151364764267], [1768262400000, 0.5416749379652607], [1768348800000, 0.5557506203473945], [1768435200000, 0.5722580645161292], [1768521600000, 0.6492928039702233], [1768780800000, 0.6930521091811414], [1768867200000, 0.6334987593052108], [1768953600000, 0.597394540942928], [1769040000000, 0.6202853598014888], [1769126400000, 0.5846464019851116], [1769385600000, 0.5580893300248139], [1769472000000, 0.5371712158808933], [1769558400000, 0.5445719602977668], [1769644800000, 0.5593548387096774], [1769731200000, 0.46929280397022327], [1769990400000, 0.46064516129032246], [1770076800000, 0.4667493796526053], [1770163200000, 0.5238647642679899], [1770249600000, 0.52174317617866], [1770336000000, 0.5099999999999999]]}