{"margin_balance": [[1766361600000, 14.4613], [1766448000000, 11.865], [1766534400000, 4.7428], [1766707200000, 7.50891], [1766966400000, 11.9972], [1767052800000, 5.43165], [1767139200000, 7.38514], [1767312000000, 30.06021], [1767571200000, 9.32756], [1767657600000, 6.10344], [1767744000000, 3.0191], [1767830400000, 4.5152], [1767916800000, 2.52882], [1768176000000, 4.8764], [1768262400000, 8.15262], [1768348800000, 4.43486], [1768435200000, 2.85498], [1768521600000, 2.7192], [1768780800000, 5.06499], [1768867200000, 9.52956], [1768953600000, 6.1124], [1769040000000, 5.44236], [1769126400000, 3.77784], [1769385600000, 2.85428], [1769472000000, 8.22081], [1769558400000, 1.08672], [1769644800000, 4.6656], [1769731200000, 3.2091], [1769990400000, 2.33987], [1770076800000, 7.06176], [1770163200000, 4.624], [1770249600000, 1.83141], [1770336000000, 2.53266], [1770595200000, 1.1058], [1770681600000, 4.63166], [1770768000000, 13.8417], [1771804800000, 19.96576], [1771891200000, 7.29015], [1771977600000, 7.7814], [1772064000000, 5.70657], [1772409600000, 3.47011], [1772496000000, 3.1248], [1772582400000, 3.07296], [1772668800000, 2.01335], [1772755200000, 1.16725], [1773014400000, 2.1888], [1773100800000, 1.18125], [1773187200000, 10.35118], [1773273600000, 4.67116], [1773360000000, 4.91579], [1773619200000, 3.80256], [1773705600000, 4.51554], [1773792000000, 4.13055], [1773878400000, 4.26682], [1773964800000, 3.36449], [1774224000000, 2.62908], [1774310400000, 2.27106], [1774396800000, 1.89864], [1774483200000, 6.20576], [1774569600000, 4.4933], [1774828800000, 3.90216], [1774915200000, 3.4237], [1775001600000, 3.03252], [1775088000000, 2.8496], [1775520000000, 3.2332], [1775606400000, 4.4517], [1775692800000, 2.80098], [1775779200000, 3.4496], [1776038400000, 9.3398], [1776124800000, 3.31822], [1776211200000, 3.03448], [1776297600000, 2.29052], [1776384000000, 3.0058], [1776643200000, 3.86496], [1776729600000, 12.86924], [1776816000000, 9.84808]], "closing_price": [[1766361600000, 730.0], [1766448000000, 678.0], [1766534400000, 668.0], [1766707200000, 687.0], [1766966400000, 712.0], [1767052800000, 739.0], [1767139200000, 749.0], [1767312000000, 769.0], [1767571200000, 731.0], [1767657600000, 692.0], [1767744000000, 665.0], [1767830400000, 680.0], [1767916800000, 669.0], [1768176000000, 668.0], [1768262400000, 658.0], [1768348800000, 622.0], [1768435200000, 622.0], [1768521600000, 618.0], [1768780800000, 623.0], [1768867200000, 618.0], [1768953600000, 590.0], [1769040000000, 589.0], [1769126400000, 583.0], [1769385600000, 572.0], [1769472000000, 591.0], [1769558400000, 566.0], [1769644800000, 576.0], [1769731200000, 563.0], [1769990400000, 533.0], [1770076800000, 576.0], [1770163200000, 578.0], [1770249600000, 567.0], [1770336000000, 573.0], [1770595200000, 570.0], [1770681600000, 569.0], [1770768000000, 645.0], [1771804800000, 688.0], [1771891200000, 655.0], [1771977600000, 660.0], [1772064000000, 669.0], [1772409600000, 623.0], [1772496000000, 630.0], [1772582400000, 582.0], [1772668800000, 601.0], [1772755200000, 575.0], [1773014400000, 576.0], [1773100800000, 625.0], [1773187200000, 691.0], [1773273600000, 676.0], [1773360000000, 667.0], [1773619200000, 699.0], [1773705600000, 699.0], [1773792000000, 685.0], [1773878400000, 673.0], [1773964800000, 661.0], [1774224000000, 654.0], [1774310400000, 666.0], [1774396800000, 648.0], [1774483200000, 656.0], [1774569600000, 686.0], [1774828800000, 687.0], [1774915200000, 670.0], [1775001600000, 683.0], [1775088000000, 685.0], [1775520000000, 685.0], [1775606400000, 710.0], [1775692800000, 702.0], [1775779200000, 704.0], [1776038400000, 697.0], [1776124800000, 661.0], [1776211200000, 664.0], [1776297600000, 662.0], [1776384000000, 665.0], [1776643200000, 704.0], [1776729600000, 772.0], [1776816000000, 722.0]], "margin_ratio": [[1766361600000, 6.080264043054154], [1766448000000, 4.988647830474269], [1766534400000, 1.9941136898755465], [1766707200000, 3.157126639757821], [1766966400000, 5.044231416078036], [1767052800000, 2.2837411705348134], [1767139200000, 3.1050874537504205], [1767312000000, 12.638837033299696], [1767571200000, 3.921779347460477], [1767657600000, 2.56619576185671], [1767744000000, 1.2693827783383786], [1767830400000, 1.8984191052808612], [1767916800000, 1.0632441977800202], [1768176000000, 2.0502859064917596], [1768262400000, 3.427774974772957], [1768348800000, 1.8646400941809618], [1768435200000, 1.2003784056508575], [1768521600000, 1.143289606458123], [1768780800000, 2.1295787083753783], [1768867200000, 4.006710393541877], [1768953600000, 2.5699630003363607], [1769040000000, 2.28824419778002], [1769126400000, 1.5883955600403632], [1769385600000, 1.200084090144635], [1769472000000, 3.4564455095862763], [1769558400000, 0.456912209889001], [1769644800000, 1.961654894046418], [1769731200000, 1.349268415741675], [1769990400000, 0.9838000336360577], [1770076800000, 2.96912209889001], [1770163200000, 1.9441641439623274], [1770249600000, 0.7700176589303733], [1770336000000, 1.064858728557013], [1770595200000, 0.46493440968718464], [1770681600000, 1.9473847965018503], [1770768000000, 5.819752774974773], [1771804800000, 8.394618230743356], [1771891200000, 3.0651488395560036], [1771977600000, 3.271695257315842], [1772064000000, 2.399331483350151], [1772409600000, 1.4590102589976455], [1772496000000, 1.313824419778002], [1772582400000, 1.2920282542885975], [1772668800000, 0.8465144635048771], [1772755200000, 0.49077110662630336], [1773014400000, 0.9202825428859738], [1773100800000, 0.49665741675075675], [1773187200000, 4.35216111671712], [1773273600000, 1.9639926000672725], [1773360000000, 2.066847460477632], [1773619200000, 1.5987891019172553], [1773705600000, 1.8985620585267406], [1773792000000, 1.7366927346115038], [1773878400000, 1.7939875546585942], [1773964800000, 1.4146022536158762], [1774224000000, 1.10539858728557], [1774310400000, 0.9548688193743693], [1774396800000, 0.7982845610494451], [1774483200000, 2.609216279852001], [1774569600000, 1.8892112344433232], [1774828800000, 1.6406659939455095], [1774915200000, 1.4394971409350825], [1775001600000, 1.2750252270433904], [1775088000000, 1.198116380760175], [1775520000000, 1.3594012781701985], [1775606400000, 1.871720484359233], [1775692800000, 1.1776740665993946], [1775779200000, 1.4503868146653214], [1776038400000, 3.926925664312143], [1776124800000, 1.3951479986545576], [1776211200000, 1.275849310460814], [1776297600000, 0.9630507904473595], [1776384000000, 1.2637907837201479], [1776643200000, 1.6250252270433905], [1776729600000, 5.410881264715775], [1776816000000, 4.140632357887656]]}