{"margin_balance": [[1750636800000, 11.8388], [1751241600000, 12.11778], [1751846400000, 11.97072], [1752451200000, 11.46288], [1753056000000, 12.33028], [1753660800000, 12.2822], [1754265600000, 11.82108], [1754870400000, 12.387985], [1755475200000, 13.02548], [1756080000000, 11.85006], [1756684800000, 15.33419], [1757289600000, 13.80213], [1757894400000, 13.62837], [1758499200000, 12.78825], [1759104000000, 12.1392], [1759708800000, 11.8017], [1760313600000, 11.50935], [1760918400000, 10.2167], [1761523200000, 10.86606], [1762128000000, 10.03608], [1762732800000, 9.351005], [1763337600000, 9.100525], [1763942400000, 8.40849], [1764547200000, 9.527895], [1765152000000, 10.492755], [1765756800000, 9.82768], [1766361600000, 9.0109], [1766966400000, 8.89042], [1767571200000, 9.04161], [1768176000000, 9.62], [1768780800000, 9.882225], [1769385600000, 10.17864], [1769990400000, 10.17852], [1770595200000, 8.65102], [1771200000000, 8.7125], [1771804800000, 8.5785], [1771891200000, 8.6606], [1771977600000, 8.70696], [1772064000000, 8.91725], [1772409600000, 8.89203], [1772496000000, 8.42125], [1772582400000, 7.9254], [1772668800000, 8.04771], [1772755200000, 7.90874], [1773014400000, 7.039955], [1773100800000, 7.51912], [1773187200000, 7.747185], [1773273600000, 7.35904], [1773360000000, 7.3776], [1773619200000, 7.77994], [1773705600000, 7.6284], [1773792000000, 7.560765], [1773878400000, 7.33251], [1773964800000, 7.20252], [1774224000000, 6.97536], [1774310400000, 6.95072], [1774396800000, 7.187565], [1774483200000, 7.09308], [1774569600000, 7.038135], [1774828800000, 6.836635], [1774915200000, 6.614475], [1775001600000, 6.77766], [1775088000000, 6.543525], [1775520000000, 6.57076], [1775606400000, 6.73237], [1775692800000, 6.802875], [1775779200000, 6.708455], [1776038400000, 6.54654], [1776124800000, 7.006255], [1776211200000, 7.13559]], "closing_price": [[1750636800000, 136.0], [1751241600000, 138.0], [1751846400000, 136.0], [1752451200000, 132.0], [1753056000000, 140.5], [1753660800000, 141.5], [1754265600000, 138.0], [1754870400000, 144.5], [1755475200000, 148.0], [1756080000000, 138.0], [1756684800000, 157.0], [1757289600000, 145.5], [1757894400000, 147.0], [1758499200000, 144.5], [1759104000000, 140.5], [1759708800000, 139.5], [1760313600000, 138.5], [1760918400000, 130.0], [1761523200000, 134.0], [1762128000000, 131.5], [1762732800000, 125.5], [1763337600000, 122.5], [1763942400000, 120.5], [1764547200000, 133.5], [1765152000000, 136.5], [1765756800000, 128.5], [1766361600000, 125.5], [1766966400000, 126.5], [1767571200000, 129.0], [1768176000000, 130.0], [1768780800000, 131.5], [1769385600000, 134.0], [1769990400000, 132.0], [1770595200000, 122.0], [1771200000000, 125.0], [1771804800000, 129.0], [1771891200000, 130.0], [1771977600000, 130.5], [1772064000000, 132.5], [1772409600000, 131.5], [1772496000000, 125.0], [1772582400000, 119.0], [1772668800000, 121.0], [1772755200000, 119.0], [1773014400000, 110.5], [1773100800000, 116.0], [1773187200000, 119.5], [1773273600000, 116.0], [1773360000000, 116.0], [1773619200000, 122.0], [1773705600000, 120.0], [1773792000000, 119.5], [1773878400000, 116.5], [1773964800000, 114.0], [1774224000000, 112.0], [1774310400000, 112.0], [1774396800000, 115.5], [1774483200000, 114.0], [1774569600000, 113.5], [1774828800000, 110.5], [1774915200000, 107.5], [1775001600000, 111.0], [1775088000000, 107.5], [1775520000000, 108.5], [1775606400000, 111.5], [1775692800000, 112.5], [1775779200000, 110.5], [1776038400000, 109.0], [1776124800000, 114.5], [1776211200000, 115.5]], "margin_ratio": [[1750636800000, 6.003752725797455], [1751241600000, 6.145230488361478], [1751846400000, 6.0706526700136925], [1752451200000, 5.81311425528678], [1753056000000, 6.252994573761347], [1753660800000, 6.22861199858005], [1754265600000, 5.9947664688878755], [1754870400000, 6.282258228104874], [1755475200000, 6.605547948678939], [1756080000000, 6.0094629545108775], [1756684800000, 7.776352756224961], [1757289600000, 6.999406663623916], [1757894400000, 6.911288604898829], [1758499200000, 6.485242659364065], [1759104000000, 6.156093108169785], [1759708800000, 5.984938384299407], [1760313600000, 5.836680359044577], [1760918400000, 5.181145088493331], [1761523200000, 5.510451848471018], [1762128000000, 5.089548151528982], [1762732800000, 4.742129418327502], [1763337600000, 4.6151047213347525], [1763942400000, 4.264156397383235], [1764547200000, 4.83183477863989], [1765152000000, 5.321139510117146], [1765756800000, 4.983863279070947], [1766361600000, 4.569653633551397], [1766966400000, 4.50855520056798], [1767571200000, 4.585227445610832], [1768176000000, 4.8785435366905014], [1768780800000, 5.01152441807394], [1769385600000, 5.16184390689183], [1769990400000, 5.161783051878899], [1770595200000, 4.387149449769258], [1771200000000, 4.418327501394594], [1771804800000, 4.350372736954207], [1771891200000, 4.392007708301638], [1771977600000, 4.415518028297581], [1772064000000, 4.52216136720929], [1772409600000, 4.509371671991481], [1772496000000, 4.270627313758305], [1772582400000, 4.019169329073483], [1772668800000, 4.0811958010041085], [1772755200000, 4.010720624778133], [1773014400000, 3.5701379380293123], [1773100800000, 3.8131345402910894], [1773187200000, 3.928792027993306], [1773273600000, 3.731953953040215], [1773360000000, 3.7413661950403165], [1773619200000, 3.945402910898119], [1773705600000, 3.8685531720675495], [1773792000000, 3.834253765403925], [1773878400000, 3.7184999239312337], [1773964800000, 3.6525787311729805], [1774224000000, 3.5373801916932908], [1774310400000, 3.524884629037983], [1774396800000, 3.6449946751863687], [1774483200000, 3.597078959379279], [1774569600000, 3.569214970333181], [1774828800000, 3.4670292611187183], [1774915200000, 3.3543663471778484], [1775001600000, 3.4371215578883314], [1775088000000, 3.318385820781987], [1775520000000, 3.332197373091942], [1775606400000, 3.414153861757696], [1775692800000, 3.4499087174806027], [1775779200000, 3.4020259648055178], [1776038400000, 3.319914802981896], [1776124800000, 3.5530478218976627], [1776211200000, 3.61863684771033]]}