{"margin_balance": [[1766361600000, 14.4613], [1766448000000, 11.865], [1766534400000, 4.7428], [1766707200000, 7.50891], [1766966400000, 11.9972], [1767052800000, 5.43165], [1767139200000, 7.38514], [1767312000000, 30.06021], [1767571200000, 9.32756], [1767657600000, 6.10344], [1767744000000, 3.0191], [1767830400000, 4.5152], [1767916800000, 2.52882], [1768176000000, 4.8764], [1768262400000, 8.15262], [1768348800000, 4.43486], [1768435200000, 2.85498], [1768521600000, 2.7192], [1768780800000, 5.06499], [1768867200000, 9.52956], [1768953600000, 6.1124], [1769040000000, 5.44236], [1769126400000, 3.77784], [1769385600000, 2.85428], [1769472000000, 8.22081], [1769558400000, 1.08672], [1769644800000, 4.6656], [1769731200000, 3.2091], [1769990400000, 2.33987], [1770076800000, 7.06176], [1770163200000, 4.624], [1770249600000, 1.83141], [1770336000000, 2.53266], [1770595200000, 1.1058]], "closing_price": [[1766361600000, 730.0], [1766448000000, 678.0], [1766534400000, 668.0], [1766707200000, 687.0], [1766966400000, 712.0], [1767052800000, 739.0], [1767139200000, 749.0], [1767312000000, 769.0], [1767571200000, 731.0], [1767657600000, 692.0], [1767744000000, 665.0], [1767830400000, 680.0], [1767916800000, 669.0], [1768176000000, 668.0], [1768262400000, 658.0], [1768348800000, 622.0], [1768435200000, 622.0], [1768521600000, 618.0], [1768780800000, 623.0], [1768867200000, 618.0], [1768953600000, 590.0], [1769040000000, 589.0], [1769126400000, 583.0], [1769385600000, 572.0], [1769472000000, 591.0], [1769558400000, 566.0], [1769644800000, 576.0], [1769731200000, 563.0], [1769990400000, 533.0], [1770076800000, 576.0], [1770163200000, 578.0], [1770249600000, 567.0], [1770336000000, 573.0], [1770595200000, 570.0]], "margin_ratio": [[1766361600000, 7.838952732003469], [1766448000000, 6.431591500433652], [1766534400000, 2.570901994796184], [1766707200000, 4.0703111448395495], [1766966400000, 6.503252385082393], [1767052800000, 2.9443029054640073], [1767139200000, 4.003219861231569], [1767312000000, 16.2945630962706], [1767571200000, 5.0561361665221165], [1767657600000, 3.3084562012142236], [1767744000000, 1.6365459670424978], [1767830400000, 2.447528187337381], [1767916800000, 1.3707827406764963], [1768176000000, 2.643321769297485], [1768262400000, 4.4192432784041635], [1768348800000, 2.403978751084128], [1768435200000, 1.5475823937554205], [1768521600000, 1.47398091934085], [1768780800000, 2.7455496530789247], [1768867200000, 5.165633130962706], [1768953600000, 3.313313096270599], [1769040000000, 2.9501084128360797], [1769126400000, 2.047831743278404], [1769385600000, 1.5472029488291417], [1769472000000, 4.456206634865569], [1769558400000, 0.5890719861231569], [1769644800000, 2.5290546400693845], [1769731200000, 1.7395381613183003], [1769990400000, 1.2683597137901128], [1770076800000, 3.8279271465741544], [1770163200000, 2.5065047701647876], [1770249600000, 0.992741760624458], [1770336000000, 1.3728642671292282], [1770595200000, 0.5994145706851691]]}