{"margin_balance": [[1763337600000, 0.89352], [1763424000000, 0.18952600000000003], [1763510400000, 0.083664], [1763596800000, 0.07623], [1763683200000, 0.166896], [1763942400000, 0.201985], [1764028800000, 0.08976], [1764115200000, 0.060695], [1764201600000, 0.137], [1764288000000, 0.138305], [1764547200000, 0.03571200000000001], [1764633600000, 0.090545], [1764720000000, 0.270875], [1764806400000, 0.047775], [1764892800000, 0.031072], [1765152000000, 0.069083], [1765238400000, 0.24363899999999997], [1765324800000, 0.072457], [1765411200000, 0.08789], [1765497600000, 0.08303699999999999], [1765756800000, 0.0466], [1765843200000, 0.010043], [1765929600000, 0.08784], [1766016000000, 0.015385], [1766102400000, 0.014912], [1766361600000, 0.04545], [1766448000000, 0.01456], [1766534400000, 0.067379], [1766707200000, 0.02852], [1766966400000, 0.01656], [1767052800000, 0.070528], [1767139200000, 0.02883], [1767312000000, 0.028799], [1767571200000, 0.026796000000000004], [1767657600000, 0.02733], [1767744000000, 0.064255], [1767830400000, 0.02534], [1767916800000, 0.01844], [1768176000000, 0.03185], [1768262400000, 0.024435], [1768348800000, 0.038829], [1768435200000, 0.011856000000000002], [1768521600000, 0.02668], [1768780800000, 0.022875], [1768867200000, 0.017138], [1768953600000, 0.008199], [1769040000000, 0.012683999999999997], [1769126400000, 0.010871999999999998], [1769385600000, 0.04732], [1769472000000, 0.0182], [1769558400000, 0.062376], [1769644800000, 0.0387], [1769731200000, 0.041877], [1769990400000, 0.01068], [1770076800000, 0.007128], [1770163200000, 0.007104], [1770249600000, 0.01232], [1770336000000, 0.01513], [1770595200000, 0.01068], [1770681600000, 0.028384], [1770768000000, 0.032708], [1771804800000, 0.018921], [1771891200000, 0.0099], [1771977600000, 0.03588], [1772064000000, 0.019756], [1772409600000, 0.018963], [1772496000000, 0.0445], [1772582400000, 0.01232], [1772668800000, 0.015504], [1772755200000, 0.01513], [1773014400000, 0.023922], [1773100800000, 0.00908], [1773187200000, 0.024165], [1773273600000, 0.003568], [1773360000000, 0.16213199999999997], [1773619200000, 0.068925], [1773705600000, 0.03276], [1773792000000, 0.04232], [1773878400000, 0.05508], [1773964800000, 0.100171], [1774224000000, 0.125826], [1774310400000, 0.06365], [1774396800000, 0.04788900000000001], [1774483200000, 0.05682], [1774569600000, 0.21984], [1774828800000, 0.148912], [1774915200000, 0.03439], [1775001600000, 0.016488]], "closing_price": [[1763337600000, 102.0], [1763424000000, 98.2], [1763510400000, 99.6], [1763596800000, 99.0], [1763683200000, 97.6], [1763942400000, 101.5], [1764028800000, 102.0], [1764115200000, 99.5], [1764201600000, 100.0], [1764288000000, 99.5], [1764547200000, 99.2], [1764633600000, 99.5], [1764720000000, 98.5], [1764806400000, 97.5], [1764892800000, 97.1], [1765152000000, 97.3], [1765238400000, 96.3], [1765324800000, 94.1], [1765411200000, 93.5], [1765497600000, 93.3], [1765756800000, 93.2], [1765843200000, 91.3], [1765929600000, 91.5], [1766016000000, 90.5], [1766102400000, 93.2], [1766361600000, 90.9], [1766448000000, 91.0], [1766534400000, 92.3], [1766707200000, 92.0], [1766966400000, 92.0], [1767052800000, 92.8], [1767139200000, 93.0], [1767312000000, 92.9], [1767571200000, 92.4], [1767657600000, 91.1], [1767744000000, 90.5], [1767830400000, 90.5], [1767916800000, 92.2], [1768176000000, 91.0], [1768262400000, 90.5], [1768348800000, 90.3], [1768435200000, 91.2], [1768521600000, 92.0], [1768780800000, 91.5], [1768867200000, 90.2], [1768953600000, 91.1], [1769040000000, 90.6], [1769126400000, 90.6], [1769385600000, 91.0], [1769472000000, 91.0], [1769558400000, 90.4], [1769644800000, 90.0], [1769731200000, 89.1], [1769990400000, 89.0], [1770076800000, 89.1], [1770163200000, 88.8], [1770249600000, 88.0], [1770336000000, 89.0], [1770595200000, 89.0], [1770681600000, 88.7], [1770768000000, 88.4], [1771804800000, 90.1], [1771891200000, 90.0], [1771977600000, 89.7], [1772064000000, 89.8], [1772409600000, 90.3], [1772496000000, 89.0], [1772582400000, 88.0], [1772668800000, 91.2], [1772755200000, 89.0], [1773014400000, 88.6], [1773100800000, 90.8], [1773187200000, 89.5], [1773273600000, 89.2], [1773360000000, 91.6], [1773619200000, 91.9], [1773705600000, 91.0], [1773792000000, 92.0], [1773878400000, 91.8], [1773964800000, 91.9], [1774224000000, 93.9], [1774310400000, 95.0], [1774396800000, 93.9], [1774483200000, 94.7], [1774569600000, 96.0], [1774828800000, 90.8], [1774915200000, 90.5], [1775001600000, 91.6]], "margin_ratio": [[1763337600000, 3.229201301048066], [1763424000000, 0.6849512106975064], [1763510400000, 0.30236357065413805], [1763596800000, 0.2754969280809541], [1763683200000, 0.6031658836284784], [1763942400000, 0.7299783158655583], [1764028800000, 0.32439465124683775], [1764115200000, 0.21935308998915792], [1764201600000, 0.49512106975063247], [1764288000000, 0.49983736899168774], [1764547200000, 0.12906396819660285], [1764633600000, 0.32723165883628474], [1764720000000, 0.9789483194795806], [1764806400000, 0.17265992049150702], [1764892800000, 0.11229490422840621], [1765152000000, 0.24966750993856163], [1765238400000, 0.8805168052041922], [1765324800000, 0.2618612215395735], [1765411200000, 0.3176364293458619], [1765497600000, 0.30009757860498726], [1765756800000, 0.1684134441633538], [1765843200000, 0.036295627032887606], [1765929600000, 0.317455728225515], [1766016000000, 0.05560173473075533], [1766102400000, 0.053892302132273216], [1766361600000, 0.16425731839537402], [1766448000000, 0.05262016624503072], [1766534400000, 0.2435092157571377], [1766707200000, 0.10307191904589809], [1766966400000, 0.05984821105890855], [1767052800000, 0.2548897723165883], [1767139200000, 0.10419226599204916], [1767312000000, 0.10408023129743404], [1767571200000, 0.09684134441633539], [1767657600000, 0.09877123238164076], [1767744000000, 0.2322190097578605], [1767830400000, 0.09157932779183231], [1767916800000, 0.06664257318395374], [1768176000000, 0.11510661366100472], [1768262400000, 0.08830863751355257], [1768348800000, 0.14032887603903144], [1768435200000, 0.04284784965666788], [1768521600000, 0.09642211781713046], [1768780800000, 0.08267076255872786], [1768867200000, 0.06193711601011926], [1768953600000, 0.029631369714492227], [1769040000000, 0.045840260209613286], [1769126400000, 0.03929165160823996], [1769385600000, 0.17101554029634983], [1769472000000, 0.0657752078062884], [1769558400000, 0.22542826165522228], [1769644800000, 0.1398626671485363], [1769731200000, 0.15134441633538126], [1769990400000, 0.0385977593061077], [1770076800000, 0.02576075171666064], [1770163200000, 0.02567401517889411], [1770249600000, 0.044524756053487526], [1770336000000, 0.054680159016985905], [1770595200000, 0.0385977593061077], [1770681600000, 0.10258041199855437], [1770768000000, 0.11820744488615828], [1771804800000, 0.06838091796169136], [1771891200000, 0.03577882182869534], [1771977600000, 0.12967112396096855], [1772064000000, 0.07139862667148536], [1772409600000, 0.06853270690278279], [1772496000000, 0.16082399710878206], [1772582400000, 0.044524756053487526], [1772668800000, 0.05603180339718106], [1772755200000, 0.054680159016985905], [1773014400000, 0.08645464401879291], [1773100800000, 0.032815323455005416], [1773187200000, 0.08733285146367907], [1773273600000, 0.012894831947958077], [1773360000000, 0.5859486808818214], [1773619200000, 0.24909649439826526], [1773705600000, 0.11839537405131911], [1773792000000, 0.15294542826165522], [1773878400000, 0.19906035417419587], [1773964800000, 0.3620202385254788], [1774224000000, 0.45473798337549687], [1774310400000, 0.23003252620166242], [1774396800000, 0.1730719190458981], [1774483200000, 0.2053487531622696], [1774569600000, 0.7945066859414528], [1774828800000, 0.5381713046620888], [1774915200000, 0.12428623057462954], [1775001600000, 0.059588001445608954]]}