{"margin_balance": [[1764806400000, 0.012363], [1764892800000, 0.013356000000000002], [1765152000000, 0.032571], [1765238400000, 0.03844], [1765324800000, 0.052808], [1765411200000, 0.05247], [1765497600000, 0.05923099999999999], [1765756800000, 0.064218], [1765843200000, 0.076383], [1765929600000, 0.083085], [1766016000000, 0.077356], [1766102400000, 0.08084], [1766361600000, 0.082476], [1766448000000, 0.08887199999999998], [1766534400000, 0.08645], [1766707200000, 0.077688], [1766966400000, 0.07718], [1767052800000, 0.07152], [1767139200000, 0.07682099999999999], [1767312000000, 0.078144], [1767571200000, 0.07992], [1767657600000, 0.089768], [1767744000000, 0.0895], [1767830400000, 0.089587], [1767916800000, 0.0877], [1768176000000, 0.09129], [1768262400000, 0.08731800000000002], [1768348800000, 0.089587], [1768435200000, 0.09224800000000002], [1768521600000, 0.104666], [1768780800000, 0.11172], [1768867200000, 0.10212], [1768953600000, 0.0963], [1769040000000, 0.09999], [1769126400000, 0.094245], [1769385600000, 0.089964], [1769472000000, 0.086592], [1769558400000, 0.087785], [1769644800000, 0.09016800000000001], [1769731200000, 0.07565], [1769990400000, 0.07425599999999999], [1770076800000, 0.07523999999999999], [1770163200000, 0.08444699999999998], [1770249600000, 0.084105], [1770336000000, 0.082212], [1770595200000, 0.081675], [1770681600000, 0.07298999999999999], [1770768000000, 0.074888], [1771804800000, 0.072956], [1771891200000, 0.0773], [1771977600000, 0.076032], [1772064000000, 0.081641], [1772409600000, 0.08110799999999999], [1772496000000, 0.079025], [1772582400000, 0.07629099999999998], [1772668800000, 0.07581], [1772755200000, 0.07696], [1773014400000, 0.0763], [1773100800000, 0.07803299999999999], [1773187200000, 0.077499], [1773273600000, 0.079809], [1773360000000, 0.093898], [1773619200000, 0.09445099999999998], [1773705600000, 0.091719], [1773792000000, 0.101568], [1773878400000, 0.103694]], "closing_price": [[1748390400000, 74.8], [1748476800000, 103.5], [1748822400000, 114.0], [1748908800000, 103.5], [1748995200000, 122.0], [1749081600000, 134.0], [1749168000000, 143.0], [1749427200000, 143.0], [1749513600000, 133.5], [1749600000000, 125.5], [1749686400000, 137.5], [1749772800000, 128.0], [1750032000000, 119.5], [1750118400000, 128.0], [1750204800000, 140.5], [1750291200000, 154.5], [1750377600000, 169.5], [1750636800000, 182.5], [1750723200000, 175.0], [1750809600000, 169.5], [1750896000000, 180.5], [1750982400000, 181.0], [1751241600000, 167.0], [1751328000000, 178.0], [1751414400000, 169.0], [1751500800000, 167.0], [1751587200000, 159.5], [1751846400000, 166.0], [1751932800000, 173.0], [1752019200000, 166.5], [1752105600000, 169.0], [1752192000000, 172.0], [1752451200000, 167.5], [1752537600000, 160.5], [1752624000000, 155.0], [1752710400000, 155.5], [1752796800000, 149.0], [1753056000000, 151.0], [1753142400000, 142.0], [1753228800000, 143.5], [1753315200000, 140.5], [1753401600000, 141.0], [1753660800000, 140.0], [1753747200000, 133.5], [1753833600000, 146.5], [1753920000000, 155.0], [1754006400000, 158.5], [1754265600000, 161.0], [1754352000000, 157.0], [1754438400000, 156.5], [1754524800000, 150.0], [1754611200000, 149.5], [1754870400000, 145.5], [1754956800000, 147.0], [1755043200000, 145.0], [1755129600000, 142.0], [1755216000000, 142.0], [1755475200000, 139.0], [1755561600000, 152.5], [1755648000000, 143.0], [1755734400000, 150.0], [1755820800000, 146.5], [1756080000000, 146.5], [1756166400000, 144.0], [1756252800000, 146.0], [1756339200000, 144.5], [1756425600000, 141.5], [1756684800000, 142.0], [1756771200000, 143.5], [1756857600000, 140.0], [1756944000000, 139.0], [1757030400000, 139.0], [1757289600000, 136.5], [1757376000000, 134.0], [1757462400000, 147.0], [1757548800000, 135.5], [1757635200000, 135.5], [1757894400000, 133.5], [1757980800000, 136.5], [1758067200000, 137.0], [1758153600000, 134.0], [1758240000000, 137.5], [1758499200000, 136.5], [1758585600000, 138.5], [1758672000000, 136.0], [1758758400000, 134.0], [1758844800000, 133.5], [1759190400000, 133.5], [1759276800000, 132.0], [1759363200000, 128.0], [1759449600000, 124.0], [1759795200000, 125.0], [1759881600000, 124.0], [1759968000000, 122.5], [1760313600000, 123.0], [1760400000000, 119.0], [1760486400000, 120.0], [1760572800000, 120.0], [1760659200000, 117.0], [1760918400000, 117.5], [1761004800000, 118.0], [1761091200000, 122.0], [1761177600000, 117.0], [1761523200000, 113.0], [1761609600000, 113.5], [1761696000000, 110.5], [1761782400000, 110.0], [1761868800000, 110.0], [1762128000000, 112.5], [1762214400000, 109.0], [1762300800000, 108.5], [1762387200000, 109.5], [1762473600000, 106.5], [1762732800000, 102.0], [1762819200000, 103.0], [1762905600000, 108.5], [1762992000000, 105.0], [1763078400000, 101.0], [1763337600000, 97.7], [1763424000000, 95.0], [1763510400000, 94.0], [1763596800000, 96.0], [1763683200000, 92.8], [1763942400000, 96.6], [1764028800000, 96.3], [1764115200000, 98.5], [1764201600000, 97.3], [1764288000000, 100.5], [1764547200000, 95.5], [1764633600000, 93.8], [1764720000000, 95.4], [1764806400000, 95.1], [1764892800000, 95.4], [1765152000000, 98.7], [1765238400000, 96.1], [1765324800000, 94.3], [1765411200000, 95.4], [1765497600000, 97.1], [1765756800000, 97.3], [1765843200000, 94.3], [1765929600000, 95.5], [1766016000000, 93.2], [1766102400000, 94.0], [1766361600000, 94.8], [1766448000000, 96.6], [1766534400000, 95.0], [1766707200000, 93.6], [1766966400000, 90.8], [1767052800000, 89.4], [1767139200000, 88.3], [1767312000000, 88.8], [1767571200000, 88.8], [1767657600000, 91.6], [1767744000000, 89.5], [1767830400000, 88.7], [1767916800000, 87.7], [1768176000000, 89.5], [1768262400000, 88.2], [1768348800000, 88.7], [1768435200000, 88.7], [1768521600000, 88.7], [1768780800000, 93.1], [1768867200000, 92.0], [1768953600000, 90.0], [1769040000000, 90.9], [1769126400000, 91.5], [1769385600000, 91.8], [1769472000000, 90.2], [1769558400000, 90.5], [1769644800000, 88.4], [1769731200000, 85.0], [1769990400000, 81.6], [1770076800000, 83.6], [1770163200000, 85.3], [1770249600000, 80.1], [1770336000000, 80.6], [1770595200000, 82.5], [1770681600000, 81.1], [1770768000000, 81.4], [1771804800000, 79.3], [1771891200000, 77.3], [1771977600000, 76.8], [1772064000000, 74.9], [1772409600000, 75.1], [1772496000000, 72.5], [1772582400000, 71.3], [1772668800000, 72.2], [1772755200000, 74.0], [1773014400000, 70.0], [1773100800000, 70.3], [1773187200000, 71.1], [1773273600000, 71.9], [1773360000000, 70.6], [1773619200000, 72.1], [1773705600000, 71.1], [1773792000000, 73.6], [1773878400000, 74.6]],