{"margin_balance": [[1763337600000, 0.89352], [1763424000000, 0.18952600000000003], [1763510400000, 0.083664], [1763596800000, 0.07623], [1763683200000, 0.166896], [1763942400000, 0.201985], [1764028800000, 0.08976], [1764115200000, 0.060695], [1764201600000, 0.137], [1764288000000, 0.138305], [1764547200000, 0.03571200000000001], [1764633600000, 0.090545], [1764720000000, 0.270875], [1764806400000, 0.047775], [1764892800000, 0.031072], [1765152000000, 0.069083], [1765238400000, 0.24363899999999997], [1765324800000, 0.072457], [1765411200000, 0.08789], [1765497600000, 0.08303699999999999], [1765756800000, 0.0466], [1765843200000, 0.010043], [1765929600000, 0.08784], [1766016000000, 0.015385], [1766102400000, 0.014912], [1766361600000, 0.04545], [1766448000000, 0.01456], [1766534400000, 0.067379], [1766707200000, 0.02852], [1766966400000, 0.01656], [1767052800000, 0.070528], [1767139200000, 0.02883], [1767312000000, 0.028799], [1767571200000, 0.026796000000000004], [1767657600000, 0.02733], [1767744000000, 0.064255], [1767830400000, 0.02534], [1767916800000, 0.01844], [1768176000000, 0.03185], [1768262400000, 0.024435], [1768348800000, 0.038829], [1768435200000, 0.011856000000000002], [1768521600000, 0.02668], [1768780800000, 0.022875], [1768867200000, 0.017138], [1768953600000, 0.008199], [1769040000000, 0.012683999999999997], [1769126400000, 0.010871999999999998], [1769385600000, 0.04732], [1769472000000, 0.0182], [1769558400000, 0.062376], [1769644800000, 0.0387], [1769731200000, 0.041877], [1769990400000, 0.01068], [1770076800000, 0.007128], [1770163200000, 0.007104], [1770249600000, 0.01232], [1770336000000, 0.01513], [1770595200000, 0.01068], [1770681600000, 0.028384], [1770768000000, 0.032708], [1771804800000, 0.018921], [1771891200000, 0.0099], [1771977600000, 0.03588], [1772064000000, 0.019756], [1772409600000, 0.018963], [1772496000000, 0.0445], [1772582400000, 0.01232], [1772668800000, 0.015504], [1772755200000, 0.01513], [1773014400000, 0.023922], [1773100800000, 0.00908], [1773187200000, 0.024165], [1773273600000, 0.003568], [1773360000000, 0.16213199999999997], [1773619200000, 0.068925], [1773705600000, 0.03276], [1773792000000, 0.04232], [1773878400000, 0.05508], [1773964800000, 0.100171], [1774224000000, 0.125826], [1774310400000, 0.06365], [1774396800000, 0.04788900000000001], [1774483200000, 0.05682]], "closing_price": [[1763337600000, 102.0], [1763424000000, 98.2], [1763510400000, 99.6], [1763596800000, 99.0], [1763683200000, 97.6], [1763942400000, 101.5], [1764028800000, 102.0], [1764115200000, 99.5], [1764201600000, 100.0], [1764288000000, 99.5], [1764547200000, 99.2], [1764633600000, 99.5], [1764720000000, 98.5], [1764806400000, 97.5], [1764892800000, 97.1], [1765152000000, 97.3], [1765238400000, 96.3], [1765324800000, 94.1], [1765411200000, 93.5], [1765497600000, 93.3], [1765756800000, 93.2], [1765843200000, 91.3], [1765929600000, 91.5], [1766016000000, 90.5], [1766102400000, 93.2], [1766361600000, 90.9], [1766448000000, 91.0], [1766534400000, 92.3], [1766707200000, 92.0], [1766966400000, 92.0], [1767052800000, 92.8], [1767139200000, 93.0], [1767312000000, 92.9], [1767571200000, 92.4], [1767657600000, 91.1], [1767744000000, 90.5], [1767830400000, 90.5], [1767916800000, 92.2], [1768176000000, 91.0], [1768262400000, 90.5], [1768348800000, 90.3], [1768435200000, 91.2], [1768521600000, 92.0], [1768780800000, 91.5], [1768867200000, 90.2], [1768953600000, 91.1], [1769040000000, 90.6], [1769126400000, 90.6], [1769385600000, 91.0], [1769472000000, 91.0], [1769558400000, 90.4], [1769644800000, 90.0], [1769731200000, 89.1], [1769990400000, 89.0], [1770076800000, 89.1], [1770163200000, 88.8], [1770249600000, 88.0], [1770336000000, 89.0], [1770595200000, 89.0], [1770681600000, 88.7], [1770768000000, 88.4], [1771804800000, 90.1], [1771891200000, 90.0], [1771977600000, 89.7], [1772064000000, 89.8], [1772409600000, 90.3], [1772496000000, 89.0], [1772582400000, 88.0], [1772668800000, 91.2], [1772755200000, 89.0], [1773014400000, 88.6], [1773100800000, 90.8], [1773187200000, 89.5], [1773273600000, 89.2], [1773360000000, 91.6], [1773619200000, 91.9], [1773705600000, 91.0], [1773792000000, 92.0], [1773878400000, 91.8], [1773964800000, 91.9], [1774224000000, 93.9], [1774310400000, 95.0], [1774396800000, 93.9], [1774483200000, 94.7]], "margin_ratio": [[1763337600000, 2.9479379742659186], [1763424000000, 0.625291982843946], [1763510400000, 0.2760277136258661], [1763596800000, 0.2515011547344111], [1763683200000, 0.5506301550643352], [1763942400000, 0.6663972286374135], [1764028800000, 0.2961398878258001], [1764115200000, 0.20024744308808975], [1764201600000, 0.45199604091059065], [1764288000000, 0.4563015506433521], [1764547200000, 0.11782250082481031], [1764633600000, 0.29872979214780604], [1764720000000, 0.8936819531507754], [1764806400000, 0.15762124711316397], [1764892800000, 0.10251402177499176], [1765152000000, 0.22792147806004623], [1765238400000, 0.80382382052128], [1765324800000, 0.2390531177829099], [1765411200000, 0.2899703068294292], [1765497600000, 0.2739590894094358], [1765756800000, 0.1537446387330914], [1765843200000, 0.03313427911580336], [1765929600000, 0.28980534477070274], [1766016000000, 0.05075882547014187], [1766102400000, 0.04919828439458924], [1766361600000, 0.14995051138238205], [1766448000000, 0.04803695150115474], [1766534400000, 0.2222995710986473], [1766707200000, 0.09409435829759155], [1766966400000, 0.05463543385021445], [1767052800000, 0.23268888155724182], [1767139200000, 0.09511712306169581], [1767312000000, 0.09501484658528539], [1767571200000, 0.0884064665127021], [1767657600000, 0.09016826129990103], [1767744000000, 0.21199274166941606], [1767830400000, 0.0836027713625866], [1767916800000, 0.06083800725833059], [1768176000000, 0.105080831408776], [1768262400000, 0.08061695809963708], [1768348800000, 0.12810623556581988], [1768435200000, 0.03911580336522601], [1768521600000, 0.08802375453645662], [1768780800000, 0.0754701418673705], [1768867200000, 0.05654239524909272], [1768953600000, 0.02705047838997031], [1769040000000, 0.041847575057736716], [1769126400000, 0.035869350049488616], [1769385600000, 0.15612009237875288], [1769472000000, 0.060046189376443425], [1769558400000, 0.20579346750247443], [1769644800000, 0.1276806334543055], [1769731200000, 0.13816232266578687], [1769990400000, 0.03523589574397888], [1770076800000, 0.023516991092048828], [1770163200000, 0.023437809303860115], [1770249600000, 0.04064665127020785], [1770336000000, 0.04991751897063675], [1770595200000, 0.03523589574397888], [1770681600000, 0.0936456614978555], [1770768000000, 0.1079115803365226], [1771804800000, 0.06242494226327945], [1771891200000, 0.0326624876278456], [1771977600000, 0.11837677334213131], [1772064000000, 0.06517980864401188], [1772409600000, 0.0625635103926097], [1772496000000, 0.1468162322665787], [1772582400000, 0.04064665127020785], [1772668800000, 0.05115143516991092], [1772755200000, 0.04991751897063675], [1773014400000, 0.07892444737710326], [1773100800000, 0.029957109864731112], [1773187200000, 0.07972616298251402], [1773273600000, 0.011771692510722534], [1773360000000, 0.5349125701088749], [1773619200000, 0.22740019795447047], [1773705600000, 0.10808314087759816], [1773792000000, 0.13962388650610363], [1773878400000, 0.18172220389310456], [1773964800000, 0.33048828769383043], [1774224000000, 0.41513032002639394], [1774310400000, 0.20999670075882546], [1774396800000, 0.1579973606070604], [1774483200000, 0.18746288353678656]]}