{"margin_balance": [[1764201600000, 285.1733], [1764288000000, 244.5521], [1764547200000, 231.66325], [1764633600000, 159.2679], [1764720000000, 236.7828], [1764806400000, 150.9826], [1764892800000, 137.4], [1765152000000, 134.6889], [1765238400000, 79.19515], [1765324800000, 195.041], [1765411200000, 184.5], [1765497600000, 102.6093], [1765756800000, 85.3254], [1765843200000, 156.5832], [1765929600000, 137.49645], [1766016000000, 110.8646], [1766102400000, 96.292], [1766361600000, 64.81265], [1766448000000, 85.008], [1766534400000, 70.7766], [1766707200000, 114.7223], [1766966400000, 106.488], [1767052800000, 107.8224], [1767139200000, 103.86675], [1767312000000, 147.03745], [1767571200000, 182.5032], [1767657600000, 362.181], [1767744000000, 139.682], [1767830400000, 391.8378], [1767916800000, 159.3072], [1768176000000, 211.52], [1768262400000, 162.0928], [1768348800000, 129.72], [1768435200000, 144.6626], [1768521600000, 104.90465], [1768780800000, 107.765], [1768867200000, 74.365], [1768953600000, 116.2437], [1769040000000, 150.048], [1769126400000, 100.1424], [1769385600000, 99.0688], [1769472000000, 116.23225], [1769558400000, 200.9394], [1769644800000, 119.95995], [1769731200000, 100.3749], [1769990400000, 148.3421], [1770076800000, 140.4366], [1770163200000, 184.49], [1770249600000, 208.7625], [1770336000000, 141.35905], [1770595200000, 131.5491], [1770681600000, 182.748], [1770768000000, 412.1097], [1771804800000, 264.2244], [1771891200000, 197.868], [1771977600000, 216.9005], [1772064000000, 389.3312], [1772409600000, 1065.5736], [1772496000000, 631.1408], [1772582400000, 449.9145], [1772668800000, 225.3438], [1772755200000, 179.8348], [1773014400000, 300.1188], [1773100800000, 210.0856], [1773187200000, 229.0968], [1773273600000, 211.13295], [1773360000000, 1104.345], [1773619200000, 279.2505], [1773705600000, 272.6196], [1773792000000, 289.12845], [1773878400000, 530.5245], [1773964800000, 279.136], [1774224000000, 286.26], [1774310400000, 612.56475], [1774396800000, 179.5255], [1774483200000, 168.45735], [1774569600000, 224.0043]], "closing_price": [[1764201600000, 2710.0], [1764288000000, 2990.0], [1764547200000, 2975.0], [1764633600000, 2890.0], [1764720000000, 2920.0], [1764806400000, 3070.0], [1764892800000, 3000.0], [1765152000000, 2955.0], [1765238400000, 2965.0], [1765324800000, 2980.0], [1765411200000, 3125.0], [1765497600000, 3165.0], [1765756800000, 3105.0], [1765843200000, 3180.0], [1765929600000, 3185.0], [1766016000000, 3220.0], [1766102400000, 3325.0], [1766361600000, 3295.0], [1766448000000, 3300.0], [1766534400000, 3295.0], [1766707200000, 3290.0], [1766966400000, 3400.0], [1767052800000, 3360.0], [1767139200000, 3445.0], [1767312000000, 3395.0], [1767571200000, 3410.0], [1767657600000, 3335.0], [1767744000000, 3310.0], [1767830400000, 3310.0], [1767916800000, 3120.0], [1768176000000, 3305.0], [1768262400000, 3440.0], [1768348800000, 3450.0], [1768435200000, 3460.0], [1768521600000, 3505.0], [1768780800000, 3500.0], [1768867200000, 3475.0], [1768953600000, 3495.0], [1769040000000, 3600.0], [1769126400000, 3720.0], [1769385600000, 3730.0], [1769472000000, 3775.0], [1769558400000, 3810.0], [1769644800000, 3795.0], [1769731200000, 3765.0], [1769990400000, 3730.0], [1770076800000, 3810.0], [1770163200000, 3800.0], [1770249600000, 3750.0], [1770336000000, 3665.0], [1770595200000, 3765.0], [1770681600000, 3880.0], [1770768000000, 4065.0], [1771804800000, 4440.0], [1771891200000, 4400.0], [1771977600000, 4610.0], [1772064000000, 4790.0], [1772409600000, 4760.0], [1772496000000, 4330.0], [1772582400000, 4050.0], [1772668800000, 4180.0], [1772755200000, 4190.0], [1773014400000, 3830.0], [1773100800000, 4195.0], [1773187200000, 4230.0], [1773273600000, 4315.0], [1773360000000, 4365.0], [1773619200000, 3995.0], [1773705600000, 4180.0], [1773792000000, 4355.0], [1773878400000, 4345.0], [1773964800000, 4160.0], [1774224000000, 3900.0], [1774310400000, 4005.0], [1774396800000, 3850.0], [1774483200000, 3935.0], [1774569600000, 3705.0]], "margin_ratio": [[1764201600000, 4.1818252472743], [1764288000000, 3.586149706350312], [1764547200000, 3.397145622383365], [1764633600000, 2.335529046023448], [1764720000000, 3.472219493060189], [1764806400000, 2.21403212916187], [1764892800000, 2.014854788212953], [1765152000000, 1.975098799738978], [1765238400000, 1.1613298921451458], [1765324800000, 2.8601113009304404], [1765411200000, 2.705536451421323], [1765497600000, 1.5046785984001407], [1765756800000, 1.2512248234802437], [1765843200000, 2.296160191220571], [1765929600000, 2.016269145886338], [1766016000000, 1.6257355906354711], [1766102400000, 1.4120407370203905], [1766361600000, 0.9504226942450527], [1766448000000, 1.2465704209345463], [1766534400000, 1.0378789767353191], [1766707200000, 1.6823054983246204], [1766966400000, 1.5615564533276631], [1767052800000, 1.5811243007031461], [1767139200000, 1.523118039109299], [1767312000000, 2.15617984118721], [1767571200000, 2.676255068298298], [1767657600000, 5.311078035296619], [1767744000000, 2.048318388116169], [1767830400000, 5.745969923819719], [1767916800000, 2.336105347283832], [1768176000000, 3.1017618981281205], [1768262400000, 2.376953815246321], [1768348800000, 1.902234083893626], [1768435200000, 2.1213546745657577], [1768521600000, 1.5383379647620374], [1768780800000, 1.5802825782515926], [1768867200000, 1.090499827696188], [1768953600000, 1.7046155425370455], [1769040000000, 2.2003270106388437], [1769126400000, 1.4685035963838193], [1769385600000, 1.4527601604258469], [1769472000000, 1.7044476379713607], [1769558400000, 2.9466063481123563], [1769644800000, 1.7591112056134381], [1769731200000, 1.4719130122372366], [1769990400000, 2.175311429974997], [1770076800000, 2.0593839588817118], [1770163200000, 2.705389809879241], [1770249600000, 3.061325492898883], [1770336000000, 2.072910907931108], [1770595200000, 1.9290562883559286], [1770681600000, 2.6798448532484764], [1770768000000, 6.043240191513853], [1771804800000, 3.874627347181183], [1771891200000, 2.9015668648771507], [1771977600000, 3.1806623798455864], [1772064000000, 5.709212754881331], [1772409600000, 15.62573559063547], [1772496000000, 9.255146018315529], [1772582400000, 6.597615608525738], [1772668800000, 3.3044762330720663], [1772755200000, 2.6371252392090154], [1773014400000, 4.400988363993636], [1773100800000, 3.080727635331813], [1773187200000, 3.359510803815613], [1773273600000, 3.096086137241819], [1773360000000, 16.194285379105047], [1773619200000, 4.0949723947297025], [1773705600000, 3.9977358545902466], [1773792000000, 4.239824176791043], [1773878400000, 7.7796930792524215], [1773964800000, 4.093293349072859], [1774224000000, 4.1977607836524005], [1774310400000, 8.982743956535447], [1774396800000, 2.632589616312405], [1774483200000, 2.470284557912411], [1774569600000, 3.2848335985101214]]}