{"margin_balance": [[1764201600000, 285.1733], [1764288000000, 244.5521], [1764547200000, 231.66325], [1764633600000, 159.2679], [1764720000000, 236.7828], [1764806400000, 150.9826], [1764892800000, 137.4], [1765152000000, 134.6889], [1765238400000, 79.19515], [1765324800000, 195.041], [1765411200000, 184.5], [1765497600000, 102.6093], [1765756800000, 85.3254], [1765843200000, 156.5832], [1765929600000, 137.49645], [1766016000000, 110.8646], [1766102400000, 96.292], [1766361600000, 64.81265], [1766448000000, 85.008], [1766534400000, 70.7766], [1766707200000, 114.7223], [1766966400000, 106.488], [1767052800000, 107.8224], [1767139200000, 103.86675], [1767312000000, 147.03745], [1767571200000, 182.5032], [1767657600000, 362.181], [1767744000000, 139.682], [1767830400000, 391.8378], [1767916800000, 159.3072], [1768176000000, 211.52], [1768262400000, 162.0928], [1768348800000, 129.72], [1768435200000, 144.6626], [1768521600000, 104.90465], [1768780800000, 107.765], [1768867200000, 74.365], [1768953600000, 116.2437], [1769040000000, 150.048], [1769126400000, 100.1424], [1769385600000, 99.0688], [1769472000000, 116.23225], [1769558400000, 200.9394], [1769644800000, 119.95995], [1769731200000, 100.3749], [1769990400000, 148.3421], [1770076800000, 140.4366], [1770163200000, 184.49], [1770249600000, 208.7625], [1770336000000, 141.35905], [1770595200000, 131.5491]], "closing_price": [[1764201600000, 2710.0], [1764288000000, 2990.0], [1764547200000, 2975.0], [1764633600000, 2890.0], [1764720000000, 2920.0], [1764806400000, 3070.0], [1764892800000, 3000.0], [1765152000000, 2955.0], [1765238400000, 2965.0], [1765324800000, 2980.0], [1765411200000, 3125.0], [1765497600000, 3165.0], [1765756800000, 3105.0], [1765843200000, 3180.0], [1765929600000, 3185.0], [1766016000000, 3220.0], [1766102400000, 3325.0], [1766361600000, 3295.0], [1766448000000, 3300.0], [1766534400000, 3295.0], [1766707200000, 3290.0], [1766966400000, 3400.0], [1767052800000, 3360.0], [1767139200000, 3445.0], [1767312000000, 3395.0], [1767571200000, 3410.0], [1767657600000, 3335.0], [1767744000000, 3310.0], [1767830400000, 3310.0], [1767916800000, 3120.0], [1768176000000, 3305.0], [1768262400000, 3440.0], [1768348800000, 3450.0], [1768435200000, 3460.0], [1768521600000, 3505.0], [1768780800000, 3500.0], [1768867200000, 3475.0], [1768953600000, 3495.0], [1769040000000, 3600.0], [1769126400000, 3720.0], [1769385600000, 3730.0], [1769472000000, 3775.0], [1769558400000, 3810.0], [1769644800000, 3795.0], [1769731200000, 3765.0], [1769990400000, 3730.0], [1770076800000, 3810.0], [1770163200000, 3800.0], [1770249600000, 3750.0], [1770336000000, 3665.0], [1770595200000, 3765.0]], "margin_ratio": [[1764201600000, 3.9622811648974596], [1764288000000, 3.39787834157728], [1764547200000, 3.2187968932362585], [1764633600000, 2.212914744622909], [1764720000000, 3.2899294169954985], [1764806400000, 2.0977963652531537], [1764892800000, 1.9090757516812096], [1765152000000, 1.8714069360306784], [1765238400000, 1.1003605568832322], [1765324800000, 2.709956649808259], [1765411200000, 2.5634969154671263], [1765497600000, 1.425683599177458], [1765756800000, 1.185536041794031], [1765843200000, 2.1756127382871115], [1765929600000, 1.9104158561662872], [1766016000000, 1.5403851497804701], [1766102400000, 1.3379091869060191], [1766361600000, 0.900525898960707], [1766448000000, 1.181125993441894], [1766534400000, 0.983390763074529], [1766707200000, 1.5939851608959041], [1766966400000, 1.4795753904296116], [1767052800000, 1.4981159339743235], [1767139200000, 1.4431549769354748], [1767312000000, 2.0429812982826654], [1767571200000, 2.5357527927527372], [1767657600000, 5.032248652253654], [1767744000000, 1.940782526538098], [1767830400000, 5.444308897904741], [1767916800000, 2.2134607903073418], [1768176000000, 2.9389206913799812], [1768262400000, 2.252164730728617], [1768348800000, 1.802367587395098], [1768435200000, 2.009984438392708], [1768521600000, 1.4575758628355473], [1768780800000, 1.4973184016006225], [1768867200000, 1.0332490412938364], [1768953600000, 1.615123937086645], [1769040000000, 2.084810759739899], [1769126400000, 1.3914077696882121], [1769385600000, 1.376490857555716], [1769472000000, 1.6149648474406715], [1769558400000, 2.7919107430667482], [1769644800000, 1.6667586005668873], [1769731200000, 1.3946381926304674], [1769990400000, 2.0611084866336906], [1770076800000, 1.9512671594508975], [1770163200000, 2.5633579725448787], [1770249600000, 2.900607180570222], [1770336000000, 1.964083949313622], [1770595200000, 1.827781637303396]]}