{"margin_balance": [[1764201600000, 285.1733], [1764288000000, 244.5521], [1764547200000, 231.66325], [1764633600000, 159.2679], [1764720000000, 236.7828], [1764806400000, 150.9826], [1764892800000, 137.4], [1765152000000, 134.6889], [1765238400000, 79.19515], [1765324800000, 195.041], [1765411200000, 184.5], [1765497600000, 102.6093], [1765756800000, 85.3254], [1765843200000, 156.5832], [1765929600000, 137.49645], [1766016000000, 110.8646], [1766102400000, 96.292], [1766361600000, 64.81265], [1766448000000, 85.008], [1766534400000, 70.7766], [1766707200000, 114.7223], [1766966400000, 106.488], [1767052800000, 107.8224], [1767139200000, 103.86675], [1767312000000, 147.03745], [1767571200000, 182.5032], [1767657600000, 362.181], [1767744000000, 139.682], [1767830400000, 391.8378], [1767916800000, 159.3072], [1768176000000, 211.52], [1768262400000, 162.0928], [1768348800000, 129.72], [1768435200000, 144.6626], [1768521600000, 104.90465], [1768780800000, 107.765], [1768867200000, 74.365], [1768953600000, 116.2437], [1769040000000, 150.048], [1769126400000, 100.1424], [1769385600000, 99.0688], [1769472000000, 116.23225], [1769558400000, 200.9394], [1769644800000, 119.95995], [1769731200000, 100.3749], [1769990400000, 148.3421], [1770076800000, 140.4366], [1770163200000, 184.49], [1770249600000, 208.7625], [1770336000000, 141.35905], [1770595200000, 131.5491], [1770681600000, 182.748], [1770768000000, 412.1097], [1771804800000, 264.2244], [1771891200000, 197.868], [1771977600000, 216.9005], [1772064000000, 389.3312], [1772409600000, 1065.5736], [1772496000000, 631.1408], [1772582400000, 449.9145], [1772668800000, 225.3438], [1772755200000, 179.8348], [1773014400000, 300.1188], [1773100800000, 210.0856], [1773187200000, 229.0968], [1773273600000, 211.13295], [1773360000000, 1104.345], [1773619200000, 279.2505], [1773705600000, 272.6196]], "closing_price": [[1764201600000, 2710.0], [1764288000000, 2990.0], [1764547200000, 2975.0], [1764633600000, 2890.0], [1764720000000, 2920.0], [1764806400000, 3070.0], [1764892800000, 3000.0], [1765152000000, 2955.0], [1765238400000, 2965.0], [1765324800000, 2980.0], [1765411200000, 3125.0], [1765497600000, 3165.0], [1765756800000, 3105.0], [1765843200000, 3180.0], [1765929600000, 3185.0], [1766016000000, 3220.0], [1766102400000, 3325.0], [1766361600000, 3295.0], [1766448000000, 3300.0], [1766534400000, 3295.0], [1766707200000, 3290.0], [1766966400000, 3400.0], [1767052800000, 3360.0], [1767139200000, 3445.0], [1767312000000, 3395.0], [1767571200000, 3410.0], [1767657600000, 3335.0], [1767744000000, 3310.0], [1767830400000, 3310.0], [1767916800000, 3120.0], [1768176000000, 3305.0], [1768262400000, 3440.0], [1768348800000, 3450.0], [1768435200000, 3460.0], [1768521600000, 3505.0], [1768780800000, 3500.0], [1768867200000, 3475.0], [1768953600000, 3495.0], [1769040000000, 3600.0], [1769126400000, 3720.0], [1769385600000, 3730.0], [1769472000000, 3775.0], [1769558400000, 3810.0], [1769644800000, 3795.0], [1769731200000, 3765.0], [1769990400000, 3730.0], [1770076800000, 3810.0], [1770163200000, 3800.0], [1770249600000, 3750.0], [1770336000000, 3665.0], [1770595200000, 3765.0], [1770681600000, 3880.0], [1770768000000, 4065.0], [1771804800000, 4440.0], [1771891200000, 4400.0], [1771977600000, 4610.0], [1772064000000, 4790.0], [1772409600000, 4760.0], [1772496000000, 4330.0], [1772582400000, 4050.0], [1772668800000, 4180.0], [1772755200000, 4190.0], [1773014400000, 3830.0], [1773100800000, 4195.0], [1773187200000, 4230.0], [1773273600000, 4315.0], [1773360000000, 4365.0], [1773619200000, 3995.0], [1773705600000, 4180.0]], "margin_ratio": [[1764201600000, 3.6185234483747477], [1764288000000, 3.103086818433865], [1764547200000, 2.9395420337447487], [1764633600000, 2.020927733148245], [1764720000000, 3.004503275628638], [1764806400000, 1.91579673972488], [1764892800000, 1.7434490599459709], [1765152000000, 1.709048297599395], [1765238400000, 1.004895995777148], [1765324800000, 2.4748475116515434], [1765411200000, 2.3410942617178425], [1765497600000, 1.301994815332708], [1765756800000, 1.082681866226448], [1765843200000, 1.9868619566472483], [1765929600000, 1.7446729002795356], [1766016000000, 1.4067451430224605], [1766102400000, 1.2218354940343334], [1766361600000, 0.8223984986543467], [1766448000000, 1.0786544227648258], [1766534400000, 0.8980742120536536], [1766707200000, 1.4556949497077123], [1766966400000, 1.3512110880314887], [1767052800000, 1.3681430998625796], [1767139200000, 1.3179504195570826], [1767312000000, 1.865737292426148], [1767571200000, 2.3157571504885843], [1767657600000, 4.595663202185529], [1767744000000, 1.7724050334161068], [1767830400000, 4.971974119805657], [1767916800000, 2.0214264052592776], [1768176000000, 2.6839471991249764], [1768262400000, 2.0567724875109916], [1768348800000, 1.6459986321411304], [1768435200000, 1.8356031585104804], [1768521600000, 1.331120185054302], [1768780800000, 1.3674147594256008], [1768867200000, 0.9436069093368421], [1768953600000, 1.4749997779449888], [1769040000000, 1.9039377332370673], [1769126400000, 1.2706926720577394], [1769385600000, 1.257069914337521], [1769472000000, 1.4748544905233263], [1769558400000, 2.549691470422907], [1769644800000, 1.5221547456962568], [1769731200000, 1.2736428314932375], [1769990400000, 1.8822918107380726], [1770076800000, 1.781980045502244], [1770163200000, 2.3409673731399723], [1770249600000, 2.6489576737770792], [1770336000000, 1.7936848823679439], [1770595200000, 1.6692078219194944], [1770681600000, 2.3188633828748637], [1770768000000, 5.229201375979738], [1771804800000, 3.3527058354788077], [1771891200000, 2.510718912615643], [1771977600000, 2.752219598448406], [1772064000000, 4.940168228876542], [1772409600000, 13.520911872076011], [1772496000000, 8.008455854829316], [1772582400000, 5.708901106849065], [1772668800000, 2.859355431402131], [1772755200000, 2.281898202369517], [1773014400000, 3.8081647724316805], [1773100800000, 2.6657463015151763], [1773187200000, 2.9069767146770746], [1773273600000, 2.6790359767184837], [1773360000000, 14.012876652882337], [1773619200000, 3.5433698814733794], [1773705600000, 3.4592313343729733]]}