{"margin_balance": [[1764547200000, 0.0033720000000000004], [1765152000000, 0.007321999999999999], [1765756800000, 0.011396], [1766361600000, 0.01484], [1766966400000, 0.015021999999999997], [1767052800000, 0.016058], [1767139200000, 0.022], [1767312000000, 0.026817999999999995], [1767571200000, 0.020268], [1767657600000, 0.019285], [1767744000000, 0.017696], [1767830400000, 0.018326], [1767916800000, 0.01744], [1768176000000, 0.015834], [1768262400000, 0.015689], [1768348800000, 0.016356], [1768435200000, 0.07854], [1768521600000, 0.100724], [1768780800000, 0.10098], [1768867200000, 0.193288], [1768953600000, 0.193065], [1769040000000, 0.33199199999999995], [1769126400000, 0.296367], [1769385600000, 0.31579199999999996], [1769472000000, 0.29105100000000006], [1769558400000, 0.324084], [1769644800000, 0.312273], [1769731200000, 0.2976], [1769990400000, 0.282593], [1770076800000, 0.156975], [1770163200000, 0.13282], [1770249600000, 0.09193199999999999], [1770336000000, 0.087606], [1770595200000, 0.09056], [1770681600000, 0.083956], [1770768000000, 0.084107], [1771804800000, 0.087216], [1771891200000, 0.085576]], "closing_price": [[1606780800000, 78.0], [1609459200000, 74.0], [1612137600000, 78.7], [1614556800000, 77.7], [1617235200000, 75.2], [1619827200000, 63.8], [1622505600000, 63.0], [1625097600000, 64.3], [1627776000000, 59.0], [1630454400000, 56.8], [1633046400000, 57.7], [1635724800000, 50.2], [1638316800000, 49.7], [1640995200000, 49.1], [1643673600000, 47.3], [1646006400000, 47.3], [1646611200000, 46.5], [1647216000000, 45.25], [1647820800000, 44.25], [1648425600000, 45.0], [1649030400000, 44.2], [1649635200000, 43.45], [1650240000000, 44.0], [1650844800000, 41.75], [1651449600000, 42.0], [1652054400000, 40.85], [1652659200000, 40.2], [1653264000000, 40.2], [1653868800000, 40.7], [1654473600000, 41.5], [1655078400000, 41.85], [1655683200000, 41.0], [1656288000000, 41.1], [1656892800000, 39.0], [1657497600000, 38.45], [1658102400000, 38.2], [1658707200000, 38.5], [1659312000000, 39.1], [1659916800000, 40.0], [1660521600000, 43.65], [1661126400000, 49.5], [1661731200000, 47.2], [1662336000000, 45.9], [1662940800000, 45.4], [1663545600000, 45.9], [1664150400000, 41.75], [1664755200000, 38.95], [1665360000000, 40.15], [1665964800000, 39.25], [1666569600000, 38.8], [1667174400000, 38.5], [1667779200000, 40.75], [1668384000000, 42.95], [1668988800000, 43.4], [1669593600000, 43.6], [1670198400000, 44.85], [1670803200000, 44.25], [1671408000000, 43.5], [1672012800000, 43.7], [1672617600000, 42.9], [1672617600000, 43.9], [1673222400000, 46.2], [1673827200000, 46.0], [1675036800000, 47.5], [1675641600000, 46.55], [1676246400000, 48.25], [1676851200000, 60.6], [1677456000000, 73.6], [1678060800000, 69.5], [1678665600000, 74.0], [1679270400000, 93.4], [1679875200000, 95.0], [1680480000000, 93.1], [1681084800000, 105.0], [1681689600000, 121.0], [1682294400000, 139.0], [1682899200000, 123.5], [1683504000000, 121.5], [1684108800000, 118.0], [1684713600000, 114.0], [1685318400000, 116.0], [1685923200000, 108.0], [1686528000000, 98.1], [1687132800000, 101.5], [1687737600000, 102.0], [1688342400000, 97.2], [1688947200000, 91.5], [1689552000000, 99.0], [1690156800000, 105.5], [1690761600000, 95.0], [1691366400000, 92.4], [1691971200000, 89.0], [1692576000000, 84.9], [1693180800000, 85.0], [1693785600000, 91.7], [1694390400000, 89.0], [1694995200000, 84.5], [1695600000000, 87.5], [1696204800000, 91.3], [1696809600000, 86.0], [1697414400000, 83.3], [1698019200000, 83.2], [1698624000000, 81.7], [1699228800000, 77.9], [1699833600000, 80.3], [1700438400000, 84.5], [1701043200000, 82.8], [1701648000000, 87.0], [1702252800000, 82.8], [1702857600000, 82.0], [1703462400000, 82.8], [1704067200000, 81.2], [1704672000000, 81.2], [1705276800000, 80.1], [1705881600000, 79.5], [1706486400000, 80.1], [1707091200000, 79.0], [1707696000000, 81.0], [1708300800000, 80.9], [1708905600000, 80.4], [1709510400000, 77.7], [1710115200000, 74.9], [1710720000000, 74.2], [1711324800000, 71.2], [1711929600000, 71.5], [1712534400000, 70.9], [1713139200000, 65.8], [1713744000000, 64.4], [1714348800000, 67.3], [1714953600000, 63.8], [1715558400000, 64.5], [1716163200000, 63.2], [1716768000000, 63.8], [1717372800000, 70.1], [1717977600000, 73.6], [1718582400000, 72.0], [1719187200000, 70.0], [1719792000000, 71.3], [1720396800000, 73.5], [1721001600000, 69.9], [1721606400000, 67.0], [1722211200000, 66.5], [1722816000000, 56.4], [1723420800000, 55.6], [1724025600000, 55.8], [1724630400000, 53.5], [1725235200000, 52.7], [1725840000000, 53.4], [1726444800000, 52.9], [1727049600000, 53.5], [1727654400000, 53.5], [1728259200000, 52.8], [1728864000000, 52.9], [1729468800000, 64.6], [1730073600000, 58.2], [1730678400000, 68.5], [1731283200000, 57.3], [1731888000000, 58.7], [1732492800000, 55.6], [1733097600000, 64.2], [1733702400000, 56.0], [1734307200000, 54.5], [1734912000000, 56.1], [1736121600000, 56.2], [1736726400000, 54.7], [1737331200000, 53.6], [1737936000000, 53.8], [1739145600000, 59.3], [1739750400000, 57.7], [1740355200000, 58.5], [1740960000000, 56.2], [1741564800000, 57.3], [1742169600000, 55.7], [1742774400000, 56.4], [1743379200000, 53.9], [1743984000000, 52.6], [1744588800000, 43.3], [1745193600000, 46.8], [1745798400000, 49.5], [1746403200000, 49.15], [1747008000000, 46.75], [1747612800000, 48.7], [1748217600000, 47.9], [1748822400000, 47.4], [1749427200000, 46.05], [1750032000000, 44.8], [1750636800000, 43.3], [1751241600000, 44.0], [1751846400000, 42.35], [1752451200000, 43.0], [1753056000000, 44.5], [1753660800000, 43.2], [1754265600000, 43.65], [1754870400000, 45.05], [1755475200000, 46.7], [1756080000000, 47.8], [1756684800000, 47.5], [1757289600000, 46.1], [1757894400000, 45.85], [1758499200000, 44.9], [1759104000000, 43.8], [1759708800000, 44.05], [1760313600000, 43.7], [1760918400000, 43.55], [1761523200000, 43.25], [1762128000000, 43.8], [1762732800000, 56.6], [1763337600000, 61.9], [1763942400000, 56.9], [1764547200000, 56.2], [1765152000000, 52.3], [1765756800000, 51.8], [1766361600000, 53.0], [1766966400000, 51.8], [1767052800000, 51.8], [1767139200000, 55.0], [1767312000000, 58.3], [1767571200000, 56.3], [1767657600000, 55.1], [1767744000000, 55.3], [1767830400000, 53.9], [1767916800000, 54.5], [1768176000000, 54.6], [1768262400000, 54.1], [1768348800000, 56.4], [1768435200000, 59.5], [1768521600000, 59.6], [1768780800000, 59.4], [1768867200000, 65.3], [1768953600000, 63.3], [1769040000000, 69.6], [1769126400000, 66.9], [1769385600000, 68.8], [1769472000000, 65.7], [1769558400000, 67.8], [1769644800000, 66.3], [1769731200000, 64.0], [1769990400000, 61.3], [1770076800000, 57.5], [1770163200000, 58.0], [1770249600000, 56.4], [1770336000000, 55.8], [1770595200000, 56.6], [1770681600000, 55.6], [1770768000000, 55.7], [1771804800000, 55.2], [1771891200000, 56.3]], "margin_ratio": [[1764547200000, 0.026976000000000003], [1765152000000, 0.05857599999999998], [1765756800000, 0.091168], [1766361600000, 0.11872], [1766966400000, 0.12017599999999999], [1767052800000, 0.128464], [1767139200000, 0.176], [1767312000000, 0.21454399999999998], [1767571200000, 0.162144], [1767657600000, 0.15428], [1767744000000, 0.141568], [1767830400000, 0.146608], [1767916800000, 0.13952], [1768176000000, 0.126672], [1768262400000, 0.125512], [1768348800000, 0.130848], [1768435200000, 0.62832], [1768521600000, 0.805792], [1768780800000, 0.8078399999999999], [1768867200000, 1.546304], [1768953600000, 1.54452], [1769040000000, 2.6559359999999996], [1769126400000, 2.370936], [1769385600000, 2.5263359999999997], [1769472000000, 2.3284080000000005], [1769558400000, 2.592672], [1769644800000, 2.498184], [1769731200000, 2.3808], [1769990400000, 2.260744], [1770076800000, 1.2558], [1770163200000, 1.06256], [1770249600000, 0.7354559999999999], [1770336000000, 0.700848], [1770595200000, 0.72448], [1770681600000, 0.671648], [1770768000000, 0.672856], [1771804800000, 0.697728], [1771891200000, 0.684608]]}