{"margin_balance": [[1756080000000, 0.11305], [1756684800000, 0.20305], [1757289600000, 0.185445], [1757894400000, 0.14476], [1758499200000, 0.1296], [1759104000000, 0.11592], [1759708800000, 0.1084], [1760313600000, 0.116875], [1760918400000, 0.10935], [1761523200000, 0.131175], [1762128000000, 0.14916], [1762732800000, 0.153576], [1763337600000, 0.22161], [1763942400000, 0.204269], [1764547200000, 0.4247229999999999], [1765152000000, 0.507484], [1765756800000, 0.56355], [1766361600000, 0.50575], [1766966400000, 0.514017], [1767571200000, 0.456527], [1768176000000, 0.468468], [1768780800000, 0.470756], [1769385600000, 0.49955399999999994], [1769990400000, 0.5522989999999999], [1770595200000, 0.5150570000000001], [1771200000000, 0.49106], [1771804800000, 0.49224], [1771891200000, 0.491946], [1771977600000, 0.67388], [1772064000000, 0.78371], [1772409600000, 0.914375], [1772496000000, 0.901485], [1772582400000, 0.8308440000000001], [1772668800000, 0.85186], [1772755200000, 0.90405], [1773014400000, 0.883395], [1773100800000, 1.01661], [1773187200000, 1.07139], [1773273600000, 1.39113], [1773360000000, 2.10226], [1773619200000, 2.11173], [1773705600000, 2.1268], [1773792000000, 1.93521], [1773878400000, 1.75644], [1773964800000, 1.59962], [1774224000000, 1.4758], [1774310400000, 1.484805], [1774396800000, 1.66698], [1774483200000, 1.48132], [1774569600000, 1.46392], [1774828800000, 1.352325], [1774915200000, 1.21888], [1775001600000, 1.25404], [1775088000000, 1.18545], [1775520000000, 1.26218], [1775606400000, 1.31776], [1775692800000, 1.34652], [1775779200000, 1.31091], [1776038400000, 1.332], [1776124800000, 1.242825], [1776211200000, 1.155625]], "closing_price": [[1750636800000, 127.0], [1751241600000, 127.5], [1751846400000, 113.5], [1752451200000, 114.0], [1753056000000, 113.0], [1753660800000, 113.5], [1754265600000, 112.0], [1754870400000, 112.5], [1755475200000, 120.0], [1756080000000, 133.0], [1756684800000, 155.0], [1757289600000, 158.5], [1757894400000, 154.0], [1758499200000, 144.0], [1759104000000, 138.0], [1759708800000, 135.5], [1760313600000, 137.5], [1760918400000, 135.0], [1761523200000, 132.5], [1762128000000, 113.0], [1762732800000, 94.8], [1763337600000, 89.0], [1763942400000, 82.7], [1764547200000, 88.3], [1765152000000, 87.8], [1765756800000, 85.0], [1766361600000, 87.5], [1766966400000, 86.1], [1767571200000, 86.3], [1768176000000, 81.9], [1768780800000, 82.3], [1769385600000, 84.1], [1769990400000, 85.1], [1770595200000, 85.7], [1771200000000, 86.0], [1771804800000, 87.9], [1771891200000, 90.1], [1771977600000, 99.1], [1772064000000, 109.0], [1772409600000, 104.5], [1772496000000, 103.5], [1772582400000, 94.2], [1772668800000, 95.5], [1772755200000, 105.0], [1773014400000, 100.5], [1773100800000, 103.0], [1773187200000, 106.5], [1773273600000, 117.0], [1773360000000, 128.5], [1773619200000, 129.0], [1773705600000, 130.0], [1773792000000, 128.5], [1773878400000, 123.0], [1773964800000, 121.0], [1774224000000, 117.5], [1774310400000, 118.5], [1774396800000, 126.0], [1774483200000, 116.0], [1774569600000, 116.0], [1774828800000, 109.5], [1774915200000, 104.0], [1775001600000, 107.0], [1775088000000, 105.0], [1775520000000, 111.5], [1775606400000, 116.0], [1775692800000, 114.5], [1775779200000, 111.0], [1776038400000, 112.5], [1776124800000, 109.5], [1776211200000, 107.5]], "margin_ratio": [[1756080000000, 0.2942477876106194], [1756684800000, 0.5285007808433108], [1757289600000, 0.4826782925559604], [1757894400000, 0.37678292555960435], [1758499200000, 0.3373243102550755], [1759104000000, 0.30171785528370637], [1759708800000, 0.28214471629359705], [1760313600000, 0.30420353982300885], [1760918400000, 0.28461738677771997], [1761523200000, 0.3414237376366476], [1762128000000, 0.388235294117647], [1762732800000, 0.3997293076522644], [1763337600000, 0.5768089536699635], [1763942400000, 0.5316736074960957], [1764547200000, 1.105473711608537], [1765152000000, 1.3208849557522124], [1765756800000, 1.4668141592920352], [1766361600000, 1.3163716814159292], [1766966400000, 1.3378891202498697], [1767571200000, 1.1882535137948986], [1768176000000, 1.2193336803748047], [1768780800000, 1.225288912024987], [1769385600000, 1.3002446642373762], [1769990400000, 1.4375299323269126], [1770595200000, 1.3405960437272257], [1771200000000, 1.278136387298282], [1771804800000, 1.2812077043206662], [1771891200000, 1.280442477876106], [1771977600000, 1.7539823008849555], [1772064000000, 2.0398490369599167], [1772409600000, 2.379945340968246], [1772496000000, 2.3463951067152524], [1772582400000, 2.1625299323269136], [1772668800000, 2.2172306090577822], [1772755200000, 2.353071317022384], [1773014400000, 2.2993102550754814], [1773100800000, 2.6460437272254036], [1773187200000, 2.788625715773035], [1773273600000, 3.6208485163977095], [1773360000000, 5.471785528370639], [1773619200000, 5.496434148880791], [1773705600000, 5.535658511192087], [1773792000000, 5.036985944820406], [1773878400000, 4.571681415929203], [1773964800000, 4.163508589276418], [1774224000000, 3.8412285268089534], [1774310400000, 3.864666840187402], [1774396800000, 4.338833940655908], [1774483200000, 3.855596043727225], [1774569600000, 3.8103071317022383], [1774828800000, 3.5198464341488807], [1774915200000, 3.172514315460697], [1775001600000, 3.2640291514836024], [1775088000000, 3.085502342529932], [1775520000000, 3.285216033315981], [1775606400000, 3.4298802706923475], [1775692800000, 3.504737116085372], [1775779200000, 3.412051015096304], [1776038400000, 3.4669442998438313], [1776124800000, 3.2348386257157733], [1776211200000, 3.007873503383654]]}