{"margin_balance": [[1764201600000, 285.1733], [1764288000000, 244.5521], [1764547200000, 231.66325], [1764633600000, 159.2679], [1764720000000, 236.7828], [1764806400000, 150.9826], [1764892800000, 137.4], [1765152000000, 134.6889], [1765238400000, 79.19515], [1765324800000, 195.041], [1765411200000, 184.5], [1765497600000, 102.6093], [1765756800000, 85.3254], [1765843200000, 156.5832], [1765929600000, 137.49645], [1766016000000, 110.8646], [1766102400000, 96.292], [1766361600000, 64.81265], [1766448000000, 85.008], [1766534400000, 70.7766], [1766707200000, 114.7223], [1766966400000, 106.488], [1767052800000, 107.8224], [1767139200000, 103.86675], [1767312000000, 147.03745], [1767571200000, 182.5032], [1767657600000, 362.181], [1767744000000, 139.682], [1767830400000, 391.8378], [1767916800000, 159.3072], [1768176000000, 211.52], [1768262400000, 162.0928], [1768348800000, 129.72], [1768435200000, 144.6626], [1768521600000, 104.90465], [1768780800000, 107.765], [1768867200000, 74.365]], "closing_price": [[1764201600000, 2710.0], [1764288000000, 2990.0], [1764547200000, 2975.0], [1764633600000, 2890.0], [1764720000000, 2920.0], [1764806400000, 3070.0], [1764892800000, 3000.0], [1765152000000, 2955.0], [1765238400000, 2965.0], [1765324800000, 2980.0], [1765411200000, 3125.0], [1765497600000, 3165.0], [1765756800000, 3105.0], [1765843200000, 3180.0], [1765929600000, 3185.0], [1766016000000, 3220.0], [1766102400000, 3325.0], [1766361600000, 3295.0], [1766448000000, 3300.0], [1766534400000, 3295.0], [1766707200000, 3290.0], [1766966400000, 3400.0], [1767052800000, 3360.0], [1767139200000, 3445.0], [1767312000000, 3395.0], [1767571200000, 3410.0], [1767657600000, 3335.0], [1767744000000, 3310.0], [1767830400000, 3310.0], [1767916800000, 3120.0], [1768176000000, 3305.0], [1768262400000, 3440.0], [1768348800000, 3450.0], [1768435200000, 3460.0], [1768521600000, 3505.0], [1768780800000, 3500.0], [1768867200000, 3475.0]], "margin_ratio": [[1764201600000, 4.534802140398025], [1764288000000, 3.8888471905288178], [1764547200000, 3.6838897679115217], [1764633600000, 2.532664922756438], [1764720000000, 3.765300426966471], [1764806400000, 2.4009127700344273], [1764892800000, 2.184923392514968], [1765152000000, 2.1418117054010857], [1765238400000, 1.2593547002091101], [1765324800000, 3.1015257889338557], [1765411200000, 2.933903682088876], [1765497600000, 1.6316845695748623], [1765756800000, 1.356837426751795], [1765843200000, 2.4899730462507255], [1765929600000, 2.1864571324073117], [1766016000000, 1.76295966478759], [1766102400000, 1.5312273894617996], [1766361600000, 1.0306453793004746], [1766448000000, 1.3517901583035834], [1766534400000, 1.1254836170500355], [1766707200000, 1.8243044899062582], [1766966400000, 1.6933633349500283], [1767052800000, 1.7145828529629246], [1767139200000, 1.6516804350764482], [1767312000000, 2.3381773222762003], [1767571200000, 2.902150734271016], [1767657600000, 5.759372192317783], [1767744000000, 2.221211567054408], [1767830400000, 6.230972163694334], [1767916800000, 2.5332898680935982], [1768176000000, 3.3635734787828673], [1768262400000, 2.577586248022199], [1768348800000, 2.062796670138585], [1768435200000, 2.3004126547455295], [1768521600000, 1.6681850347059337], [1768780800000, 1.7136700829284968], [1768867200000, 1.182546055927042]]}