{"margin_balance": [[1765152000000, 0.013356000000000002], [1765756800000, 0.05923099999999999], [1766361600000, 0.08084], [1766966400000, 0.077688], [1767571200000, 0.078144], [1768176000000, 0.0877], [1768780800000, 0.104666], [1769385600000, 0.094245], [1769990400000, 0.07565], [1770595200000, 0.082212], [1771200000000, 0.074888], [1771804800000, 0.072956], [1771891200000, 0.0773], [1771977600000, 0.076032], [1772064000000, 0.081641], [1772409600000, 0.08110799999999999], [1772496000000, 0.079025], [1772582400000, 0.07629099999999998], [1772668800000, 0.07581], [1772755200000, 0.07696], [1773014400000, 0.0763], [1773100800000, 0.07803299999999999], [1773187200000, 0.077499], [1773273600000, 0.079809], [1773360000000, 0.093898], [1773619200000, 0.09445099999999998], [1773705600000, 0.091719], [1773792000000, 0.101568], [1773878400000, 0.103694], [1773964800000, 0.10724], [1774224000000, 0.09225], [1774310400000, 0.094122], [1774396800000, 0.09906], [1774483200000, 0.1188], [1774569600000, 0.122766], [1774828800000, 0.11325], [1774915200000, 0.10296], [1775001600000, 0.105506], [1775088000000, 0.097065], [1775520000000, 0.09656], [1775606400000, 0.09432], [1775692800000, 0.09074], [1775779200000, 0.094928], [1776038400000, 0.09507800000000002], [1776124800000, 0.08757], [1776211200000, 0.086924]], "closing_price": [[1750636800000, 169.5], [1751241600000, 181.0], [1751846400000, 159.5], [1752451200000, 172.0], [1753056000000, 149.0], [1753660800000, 141.0], [1754265600000, 158.5], [1754870400000, 149.5], [1755475200000, 142.0], [1756080000000, 146.5], [1756684800000, 141.5], [1757289600000, 139.0], [1757894400000, 135.5], [1758499200000, 137.5], [1759104000000, 133.5], [1759708800000, 124.0], [1760313600000, 122.5], [1760918400000, 117.0], [1761523200000, 117.0], [1762128000000, 110.0], [1762732800000, 106.5], [1763337600000, 101.0], [1763942400000, 92.8], [1764547200000, 100.5], [1765152000000, 95.4], [1765756800000, 97.1], [1766361600000, 94.0], [1766966400000, 93.6], [1767571200000, 88.8], [1768176000000, 87.7], [1768780800000, 88.7], [1769385600000, 91.5], [1769990400000, 85.0], [1770595200000, 80.6], [1771200000000, 81.4], [1771804800000, 79.3], [1771891200000, 77.3], [1771977600000, 76.8], [1772064000000, 74.9], [1772409600000, 75.1], [1772496000000, 72.5], [1772582400000, 71.3], [1772668800000, 72.2], [1772755200000, 74.0], [1773014400000, 70.0], [1773100800000, 70.3], [1773187200000, 71.1], [1773273600000, 71.9], [1773360000000, 70.6], [1773619200000, 72.1], [1773705600000, 71.1], [1773792000000, 73.6], [1773878400000, 74.6], [1773964800000, 76.6], [1774224000000, 75.0], [1774310400000, 74.7], [1774396800000, 78.0], [1774483200000, 79.2], [1774569600000, 77.7], [1774828800000, 75.0], [1774915200000, 72.0], [1775001600000, 74.3], [1775088000000, 71.9], [1775520000000, 71.0], [1775606400000, 72.0], [1775692800000, 69.8], [1775779200000, 69.8], [1776038400000, 69.4], [1776124800000, 69.5], [1776211200000, 70.1]], "margin_ratio": [[1765152000000, 0.0952639087018545], [1765756800000, 0.422475035663338], [1766361600000, 0.57660485021398], [1766966400000, 0.5541226818830242], [1767571200000, 0.5573751783166905], [1768176000000, 0.6255349500713268], [1768780800000, 0.7465477888730385], [1769385600000, 0.6722182596291012], [1769990400000, 0.539586305278174], [1770595200000, 0.5863908701854493], [1771200000000, 0.5341512125534951], [1771804800000, 0.5203708987161197], [1771891200000, 0.5513552068473608], [1771977600000, 0.5423109843081313], [1772064000000, 0.582318116975749], [1772409600000, 0.5785164051355206], [1772496000000, 0.5636590584878745], [1772582400000, 0.5441583452211126], [1772668800000, 0.5407275320970043], [1772755200000, 0.5489300998573466], [1773014400000, 0.544222539229672], [1773100800000, 0.5565834522111269], [1773187200000, 0.5527746077032811], [1773273600000, 0.5692510699001426], [1773360000000, 0.6697432239657632], [1773619200000, 0.6736875891583451], [1773705600000, 0.6542011412268188], [1773792000000, 0.7244507845934379], [1773878400000, 0.7396148359486447], [1773964800000, 0.7649072753209701], [1774224000000, 0.6579885877318117], [1774310400000, 0.6713409415121255], [1774396800000, 0.7065620542082739], [1774483200000, 0.8473609129814551], [1774569600000, 0.8756490727532098], [1774828800000, 0.8077746077032811], [1774915200000, 0.7343794579172611], [1775001600000, 0.7525392296718973], [1775088000000, 0.6923323823109843], [1775520000000, 0.6887303851640514], [1775606400000, 0.672753209700428], [1775692800000, 0.6472182596291013], [1775779200000, 0.677089871611983], [1776038400000, 0.6781597717546365], [1776124800000, 0.6246077032810271], [1776211200000, 0.6200000000000001]]}