{"margin_balance": [[1750636800000, 0.15222], [1751241600000, 0.12852], [1751846400000, 0.11658], [1752451200000, 0.147], [1753056000000, 0.162285], [1753660800000, 0.16464], [1754265600000, 0.13475], [1754870400000, 0.08875], [1755475200000, 0.091875], [1756080000000, 0.0895], [1756684800000, 0.08487], [1757289600000, 0.106305], [1757894400000, 0.11776], [1758499200000, 0.0864], [1759104000000, 0.094325], [1759708800000, 0.09632], [1760313600000, 0.09516], [1760918400000, 0.09918], [1761523200000, 0.08874], [1762128000000, 0.093545], [1762732800000, 0.101775], [1763337600000, 0.100595], [1763942400000, 0.0966], [1764547200000, 0.10647], [1765152000000, 0.09396], [1765756800000, 0.0897], [1766361600000, 0.09063], [1766966400000, 0.092675], [1767571200000, 0.10492], [1768176000000, 0.119], [1768780800000, 0.133905], [1769385600000, 0.13193], [1769990400000, 0.14344], [1770595200000, 0.130815], [1771200000000, 0.13284], [1771804800000, 0.13366], [1771891200000, 0.14329], [1771977600000, 0.15105], [1772064000000, 0.165], [1772409600000, 0.191535], [1772496000000, 0.18425], [1772582400000, 0.1755], [1772668800000, 0.17869], [1772755200000, 0.17869], [1773014400000, 0.17172], [1773100800000, 0.16848], [1773187200000, 0.1617], [1773273600000, 0.161025], [1773360000000, 0.156705], [1773619200000, 0.15717], [1773705600000, 0.14916], [1773792000000, 0.14706], [1773878400000, 0.14616], [1773964800000, 0.14535], [1774224000000, 0.1445], [1774310400000, 0.141525], [1774396800000, 0.1407], [1774483200000, 0.14405], [1774569600000, 0.14703], [1774828800000, 0.14405], [1774915200000, 0.140505], [1775001600000, 0.14388], [1775088000000, 0.14344], [1775520000000, 0.14476], [1775606400000, 0.14491], [1775692800000, 0.14196], [1775779200000, 0.143225], [1776038400000, 0.15594], [1776124800000, 0.15886], [1776211200000, 0.16393]], "closing_price": [[1569888000000, 138.5], [1572566400000, 118.5], [1575158400000, 108.0], [1577836800000, 102.0], [1580515200000, 110.0], [1583020800000, 112.5], [1585699200000, 144.5], [1588291200000, 130.0], [1590969600000, 176.0], [1593561600000, 183.0], [1596240000000, 170.0], [1598918400000, 160.0], [1601510400000, 150.0], [1604188800000, 147.0], [1606780800000, 143.0], [1609459200000, 122.5], [1612137600000, 131.0], [1614556800000, 133.5], [1617235200000, 125.0], [1619827200000, 107.5], [1622505600000, 105.0], [1625097600000, 110.5], [1627776000000, 108.5], [1630454400000, 113.0], [1633046400000, 110.5], [1635724800000, 124.0], [1638316800000, 129.5], [1640995200000, 124.0], [1643673600000, 121.0], [1646092800000, 116.0], [1648771200000, 118.0], [1750636800000, 177.0], [1751241600000, 178.5], [1751846400000, 174.0], [1752451200000, 175.0], [1753056000000, 174.5], [1753660800000, 171.5], [1754265600000, 175.0], [1754870400000, 177.5], [1755475200000, 187.5], [1756080000000, 179.0], [1756684800000, 184.5], [1757289600000, 186.5], [1757894400000, 184.0], [1758499200000, 180.0], [1759104000000, 171.5], [1759708800000, 172.0], [1760313600000, 183.0], [1760918400000, 174.0], [1761523200000, 174.0], [1762128000000, 176.5], [1762732800000, 172.5], [1763337600000, 170.5], [1763942400000, 161.0], [1764547200000, 169.0], [1765152000000, 174.0], [1765756800000, 172.5], [1766361600000, 171.0], [1766966400000, 168.5], [1767571200000, 172.0], [1768176000000, 170.0], [1768780800000, 169.5], [1769385600000, 167.0], [1769990400000, 163.0], [1770595200000, 161.5], [1771200000000, 162.0], [1771804800000, 163.0], [1771891200000, 161.0], [1771977600000, 159.0], [1772064000000, 165.0], [1772409600000, 169.5], [1772496000000, 167.5], [1772582400000, 162.5], [1772668800000, 167.0], [1772755200000, 167.0], [1773014400000, 162.0], [1773100800000, 162.0], [1773187200000, 165.0], [1773273600000, 169.5], [1773360000000, 168.5], [1773619200000, 169.0], [1773705600000, 169.5], [1773792000000, 171.0], [1773878400000, 174.0], [1773964800000, 171.0], [1774224000000, 170.0], [1774310400000, 166.5], [1774396800000, 167.5], [1774483200000, 167.5], [1774569600000, 169.0], [1774828800000, 167.5], [1774915200000, 161.5], [1775001600000, 163.5], [1775088000000, 163.0], [1775520000000, 164.5], [1775606400000, 168.5], [1775692800000, 169.0], [1775779200000, 168.5], [1776038400000, 169.5], [1776124800000, 169.0], [1776211200000, 169.0]], "margin_ratio": [[1750636800000, 0.3002366863905325], [1751241600000, 0.253491124260355], [1751846400000, 0.22994082840236685], [1752451200000, 0.28994082840236685], [1753056000000, 0.3200887573964497], [1753660800000, 0.3247337278106509], [1754265600000, 0.2657790927021696], [1754870400000, 0.17504930966469429], [1755475200000, 0.18121301775147927], [1756080000000, 0.17652859960552267], [1756684800000, 0.167396449704142], [1757289600000, 0.20967455621301773], [1757894400000, 0.23226824457593687], [1758499200000, 0.17041420118343195], [1759104000000, 0.18604536489151874], [1759708800000, 0.18998027613412227], [1760313600000, 0.18769230769230769], [1760918400000, 0.19562130177514792], [1761523200000, 0.17502958579881656], [1762128000000, 0.1845069033530572], [1762732800000, 0.2007396449704142], [1763337600000, 0.19841222879684417], [1763942400000, 0.1905325443786982], [1764547200000, 0.21], [1765152000000, 0.18532544378698224], [1765756800000, 0.17692307692307693], [1766361600000, 0.17875739644970415], [1766966400000, 0.18279092702169622], [1767571200000, 0.2069428007889546], [1768176000000, 0.23471400394477318], [1768780800000, 0.26411242603550295], [1769385600000, 0.2602169625246548], [1769990400000, 0.2829191321499014], [1770595200000, 0.2580177514792899], [1771200000000, 0.2620118343195266], [1771804800000, 0.263629191321499], [1771891200000, 0.2826232741617357], [1771977600000, 0.29792899408284024], [1772064000000, 0.3254437869822485], [1772409600000, 0.37778106508875736], [1772496000000, 0.36341222879684415], [1772582400000, 0.34615384615384615], [1772668800000, 0.3524457593688362], [1772755200000, 0.3524457593688362], [1773014400000, 0.338698224852071], [1773100800000, 0.33230769230769225], [1773187200000, 0.3189349112426036], [1773273600000, 0.31760355029585796], [1773360000000, 0.3090828402366864], [1773619200000, 0.31], [1773705600000, 0.2942011834319526], [1773792000000, 0.2900591715976331], [1773878400000, 0.2882840236686391], [1773964800000, 0.2866863905325444], [1774224000000, 0.2850098619329388], [1774310400000, 0.2791420118343195], [1774396800000, 0.2775147928994083], [1774483200000, 0.2841222879684418], [1774569600000, 0.29], [1774828800000, 0.2841222879684418], [1774915200000, 0.27713017751479285], [1775001600000, 0.28378698224852067], [1775088000000, 0.2829191321499014], [1775520000000, 0.28552268244575935], [1775606400000, 0.2858185404339251], [1775692800000, 0.27999999999999997], [1775779200000, 0.28249506903353055], [1776038400000, 0.3075739644970414], [1776124800000, 0.3133333333333333], [1776211200000, 0.3233333333333333]]}