{"margin_balance": [[1771200000000, 0.034869], [1771804800000, 0.064375], [1771891200000, 0.077714], [1771977600000, 0.074778], [1772064000000, 0.094088], [1772409600000, 0.096696], [1772496000000, 0.088335], [1772582400000, 0.080785], [1772668800000, 0.084552], [1772755200000, 0.08547], [1773014400000, 0.08219200000000002], [1773100800000, 0.08259299999999999], [1773187200000, 0.08911199999999998], [1773273600000, 0.0814], [1773360000000, 0.0847], [1773619200000, 0.079968], [1773705600000, 0.095844], [1773792000000, 0.08381], [1773878400000, 0.089586], [1773964800000, 0.084258], [1774224000000, 0.086736], [1774310400000, 0.08748], [1774396800000, 0.090804], [1774483200000, 0.10602], [1774569600000, 0.26796], [1774828800000, 0.46318799999999993], [1774915200000, 0.554958], [1775001600000, 0.512575], [1775088000000, 0.37169], [1775520000000, 0.3423920000000001], [1775606400000, 0.412737], [1775692800000, 0.47212], [1775779200000, 0.4856939999999999], [1776038400000, 0.541647], [1776124800000, 0.562304], [1776211200000, 0.582176]], "closing_price": [[1750636800000, 42.1], [1751241600000, 41.0], [1751846400000, 41.3], [1752451200000, 40.0], [1753056000000, 40.0], [1753660800000, 39.55], [1754265600000, 39.5], [1754870400000, 39.0], [1755475200000, 36.5], [1756080000000, 37.5], [1756684800000, 39.0], [1757289600000, 39.5], [1757894400000, 39.7], [1758499200000, 38.3], [1759104000000, 37.3], [1759708800000, 37.7], [1760313600000, 39.0], [1760918400000, 38.0], [1761523200000, 38.3], [1762128000000, 38.95], [1762732800000, 38.2], [1763337600000, 38.1], [1763942400000, 36.85], [1764547200000, 37.5], [1765152000000, 38.0], [1765756800000, 38.2], [1766361600000, 37.5], [1766966400000, 37.55], [1767571200000, 37.65], [1768176000000, 39.3], [1768780800000, 39.35], [1769385600000, 44.95], [1769990400000, 63.1], [1770595200000, 70.6], [1771200000000, 59.1], [1771804800000, 62.5], [1771891200000, 63.7], [1771977600000, 61.8], [1772064000000, 61.9], [1772409600000, 61.2], [1772496000000, 58.5], [1772582400000, 53.5], [1772668800000, 54.2], [1772755200000, 51.8], [1773014400000, 46.7], [1773100800000, 51.3], [1773187200000, 56.4], [1773273600000, 55.0], [1773360000000, 55.0], [1773619200000, 54.4], [1773705600000, 58.8], [1773792000000, 57.8], [1773878400000, 56.7], [1773964800000, 55.8], [1774224000000, 55.6], [1774310400000, 54.0], [1774396800000, 56.4], [1774483200000, 62.0], [1774569600000, 66.0], [1774828800000, 72.6], [1774915200000, 77.4], [1775001600000, 72.5], [1775088000000, 68.2], [1775520000000, 67.4], [1775606400000, 74.1], [1775692800000, 74.0], [1775779200000, 72.6], [1776038400000, 74.3], [1776124800000, 76.4], [1776211200000, 79.1]], "margin_ratio": [[1771200000000, 0.12019648397104445], [1771804800000, 0.22190623922785246], [1771891200000, 0.26788693553946913], [1771977600000, 0.2577662874870734], [1772064000000, 0.3243295415374009], [1772409600000, 0.3333195449844881], [1772496000000, 0.3044984488107549], [1772582400000, 0.2784729403653912], [1772668800000, 0.2914581178903826], [1772755200000, 0.29462254395036197], [1773014400000, 0.2833229920716994], [1773100800000, 0.28470527404343327], [1773187200000, 0.30717683557394], [1773273600000, 0.2805928990003447], [1773360000000, 0.29196828679765596], [1773619200000, 0.27565667011375383], [1773705600000, 0.330382626680455], [1773792000000, 0.2889003791795932], [1773878400000, 0.30881075491209925], [1773964800000, 0.29044467425025855], [1774224000000, 0.29898655635987587], [1774310400000, 0.3015511892450879], [1774396800000, 0.31300930713547054], [1774483200000, 0.3654601861427094], [1774569600000, 0.9236814891416752], [1774828800000, 1.5966494312306099], [1774915200000, 1.9129886246122023], [1775001600000, 1.7668907273354013], [1775088000000, 1.281247845570493], [1775520000000, 1.180255084453637], [1775606400000, 1.4227404343329886], [1775692800000, 1.627438814201999], [1775779200000, 1.6742295760082726], [1776038400000, 1.8671044467425024], [1776124800000, 1.9383109272664598], [1776211200000, 2.0068114443295415]]}