{"margin_balance": [[1764547200000, 0.10548], [1765152000000, 0.24084], [1765756800000, 0.32819], [1766361600000, 0.354], [1766966400000, 0.3496], [1767571200000, 0.7485], [1768176000000, 0.7469], [1768780800000, 1.0395], [1769385600000, 1.0302], [1769990400000, 4.3362], [1770595200000, 7.11375], [1771200000000, 9.6084], [1771804800000, 9.04365], [1771891200000, 9.2261], [1771977600000, 11.3378], [1772064000000, 15.9505], [1772409600000, 15.123], [1772496000000, 15.33855], [1772582400000, 14.0182], [1772668800000, 14.0384], [1772755200000, 14.81115], [1773014400000, 12.7296], [1773100800000, 12.8296], [1773187200000, 14.97305], [1773273600000, 13.8096], [1773360000000, 13.3245], [1773619200000, 14.0996], [1773705600000, 13.51245], [1773792000000, 14.668], [1773878400000, 14.35665], [1773964800000, 14.82145], [1774224000000, 13.9392], [1774310400000, 12.45], [1774396800000, 13.87], [1774483200000, 13.65], [1774569600000, 13.70835], [1774828800000, 17.31375], [1774915200000, 18.232], [1775001600000, 19.6885], [1775088000000, 19.411], [1775520000000, 18.53025], [1775606400000, 20.618], [1775692800000, 20.7515], [1775779200000, 23.8777], [1776038400000, 22.87925], [1776124800000, 22.2855], [1776211200000, 21.9672]], "closing_price": [[1750636800000, 1050.0], [1751241600000, 1155.0], [1751846400000, 1120.0], [1752451200000, 1215.0], [1753056000000, 1290.0], [1753660800000, 1320.0], [1754265600000, 1020.0], [1754870400000, 1095.0], [1755475200000, 1075.0], [1756080000000, 1035.0], [1756684800000, 1030.0], [1757289600000, 1035.0], [1757894400000, 1085.0], [1758499200000, 1085.0], [1759104000000, 1045.0], [1759708800000, 1050.0], [1760313600000, 1050.0], [1760918400000, 962.0], [1761523200000, 1020.0], [1762128000000, 1020.0], [1762732800000, 999.0], [1763337600000, 871.0], [1763942400000, 795.0], [1764547200000, 879.0], [1765152000000, 892.0], [1765756800000, 887.0], [1766361600000, 885.0], [1766966400000, 874.0], [1767571200000, 998.0], [1768176000000, 970.0], [1768780800000, 990.0], [1769385600000, 1010.0], [1769990400000, 1095.0], [1770595200000, 1355.0], [1771200000000, 1570.0], [1771804800000, 1485.0], [1771891200000, 1510.0], [1771977600000, 1660.0], [1772064000000, 1825.0], [1772409600000, 1775.0], [1772496000000, 1745.0], [1772582400000, 1615.0], [1772668800000, 1640.0], [1772755200000, 1685.0], [1773014400000, 1560.0], [1773100800000, 1580.0], [1773187200000, 1735.0], [1773273600000, 1680.0], [1773360000000, 1645.0], [1773619200000, 1745.0], [1773705600000, 1785.0], [1773792000000, 1900.0], [1773878400000, 1815.0], [1773964800000, 1855.0], [1774224000000, 1760.0], [1774310400000, 1660.0], [1774396800000, 1825.0], [1774483200000, 1820.0], [1774569600000, 1845.0], [1774828800000, 2025.0], [1774915200000, 2150.0], [1775001600000, 2330.0], [1775088000000, 2350.0], [1775520000000, 2325.0], [1775606400000, 2440.0], [1775692800000, 2450.0], [1775779200000, 2695.0], [1776038400000, 2645.0], [1776124800000, 2490.0], [1776211200000, 2430.0]], "margin_ratio": [[1764547200000, 0.016522556390977446], [1765152000000, 0.03772556390977443], [1765756800000, 0.05140820802005012], [1766361600000, 0.05545112781954887], [1766966400000, 0.05476190476190476], [1767571200000, 0.11724624060150378], [1768176000000, 0.11699561403508772], [1768780800000, 0.16282894736842107], [1769385600000, 0.1613721804511278], [1769990400000, 0.6792293233082707], [1770595200000, 1.1143092105263157], [1771200000000, 1.505075187969925], [1771804800000, 1.4166118421052631], [1771891200000, 1.4451911027568924], [1771977600000, 1.7759711779448621], [1772064000000, 2.4985119047619047], [1772409600000, 2.368890977443609], [1772496000000, 2.40265507518797], [1772582400000, 2.1958333333333333], [1772668800000, 2.198997493734336], [1772755200000, 2.320042293233083], [1773014400000, 1.993984962406015], [1773100800000, 2.0096491228070175], [1773187200000, 2.345402568922306], [1773273600000, 2.1631578947368424], [1773360000000, 2.087171052631579], [1773619200000, 2.20858395989975], [1773705600000, 2.116611842105263], [1773792000000, 2.2976190476190474], [1773878400000, 2.248848684210526], [1773964800000, 2.321655701754386], [1774224000000, 2.1834586466165415], [1774310400000, 1.9501879699248121], [1774396800000, 2.1726190476190474], [1774483200000, 2.138157894736842], [1774569600000, 2.1472979323308268], [1774828800000, 2.7120535714285716], [1774915200000, 2.855889724310777], [1775001600000, 3.0840382205513786], [1775088000000, 3.0405701754385968], [1775520000000, 2.9026080827067666], [1775606400000, 3.229636591478697], [1775692800000, 3.250548245614035], [1775779200000, 3.740241228070176], [1776038400000, 3.5838424185463658], [1776124800000, 3.490836466165413], [1776211200000, 3.4409774436090226]]}