{"margin_balance": [[1764201600000, 285.1733], [1764288000000, 244.5521], [1764547200000, 231.66325], [1764633600000, 159.2679], [1764720000000, 236.7828], [1764806400000, 150.9826], [1764892800000, 137.4], [1765152000000, 134.6889], [1765238400000, 79.19515], [1765324800000, 195.041], [1765411200000, 184.5], [1765497600000, 102.6093], [1765756800000, 85.3254], [1765843200000, 156.5832], [1765929600000, 137.49645], [1766016000000, 110.8646], [1766102400000, 96.292], [1766361600000, 64.81265], [1766448000000, 85.008], [1766534400000, 70.7766], [1766707200000, 114.7223], [1766966400000, 106.488], [1767052800000, 107.8224], [1767139200000, 103.86675], [1767312000000, 147.03745], [1767571200000, 182.5032], [1767657600000, 362.181], [1767744000000, 139.682], [1767830400000, 391.8378], [1767916800000, 159.3072], [1768176000000, 211.52], [1768262400000, 162.0928], [1768348800000, 129.72], [1768435200000, 144.6626], [1768521600000, 104.90465], [1768780800000, 107.765], [1768867200000, 74.365], [1768953600000, 116.2437], [1769040000000, 150.048], [1769126400000, 100.1424], [1769385600000, 99.0688], [1769472000000, 116.23225], [1769558400000, 200.9394], [1769644800000, 119.95995], [1769731200000, 100.3749], [1769990400000, 148.3421], [1770076800000, 140.4366], [1770163200000, 184.49], [1770249600000, 208.7625], [1770336000000, 141.35905], [1770595200000, 131.5491], [1770681600000, 182.748], [1770768000000, 412.1097], [1771804800000, 264.2244], [1771891200000, 197.868], [1771977600000, 216.9005], [1772064000000, 389.3312], [1772409600000, 1065.5736], [1772496000000, 631.1408]], "closing_price": [[1764201600000, 2710.0], [1764288000000, 2990.0], [1764547200000, 2975.0], [1764633600000, 2890.0], [1764720000000, 2920.0], [1764806400000, 3070.0], [1764892800000, 3000.0], [1765152000000, 2955.0], [1765238400000, 2965.0], [1765324800000, 2980.0], [1765411200000, 3125.0], [1765497600000, 3165.0], [1765756800000, 3105.0], [1765843200000, 3180.0], [1765929600000, 3185.0], [1766016000000, 3220.0], [1766102400000, 3325.0], [1766361600000, 3295.0], [1766448000000, 3300.0], [1766534400000, 3295.0], [1766707200000, 3290.0], [1766966400000, 3400.0], [1767052800000, 3360.0], [1767139200000, 3445.0], [1767312000000, 3395.0], [1767571200000, 3410.0], [1767657600000, 3335.0], [1767744000000, 3310.0], [1767830400000, 3310.0], [1767916800000, 3120.0], [1768176000000, 3305.0], [1768262400000, 3440.0], [1768348800000, 3450.0], [1768435200000, 3460.0], [1768521600000, 3505.0], [1768780800000, 3500.0], [1768867200000, 3475.0], [1768953600000, 3495.0], [1769040000000, 3600.0], [1769126400000, 3720.0], [1769385600000, 3730.0], [1769472000000, 3775.0], [1769558400000, 3810.0], [1769644800000, 3795.0], [1769731200000, 3765.0], [1769990400000, 3730.0], [1770076800000, 3810.0], [1770163200000, 3800.0], [1770249600000, 3750.0], [1770336000000, 3665.0], [1770595200000, 3765.0], [1770681600000, 3880.0], [1770768000000, 4065.0], [1771804800000, 4440.0], [1771891200000, 4400.0], [1771977600000, 4610.0], [1772064000000, 4790.0], [1772409600000, 4760.0], [1772496000000, 4330.0]], "margin_ratio": [[1764201600000, 3.819063625771718], [1764288000000, 3.275061268765652], [1764547200000, 3.1024527594380684], [1764633600000, 2.132928446116966], [1764720000000, 3.171014182212639], [1764806400000, 2.021971046323204], [1764892800000, 1.8400717815483925], [1765152000000, 1.8037645136666174], [1765238400000, 1.0605877783878612], [1765324800000, 2.612004660443813], [1765411200000, 2.4708387459656356], [1765497600000, 1.374151946538817], [1765756800000, 1.1426845763415516], [1765843200000, 2.0969747291451837], [1765929600000, 1.8413634476570555], [1766016000000, 1.4847075839348607], [1766102400000, 1.289550160035355], [1766361600000, 0.8679761888818953], [1766448000000, 1.1384339301736952], [1766534400000, 0.9478458839442353], [1766707200000, 1.536370210657417], [1766966400000, 1.4260958069397758], [1767052800000, 1.4439661983902718], [1767139200000, 1.3909918174391662], [1767312000000, 1.9691372822113], [1767571200000, 2.4440974407735263], [1767657600000, 4.850356898929972], [1767744000000, 1.8706325079348072], [1767830400000, 5.247523134818068], [1767916800000, 2.1334547548579765], [1768176000000, 2.8326927455103053], [1768262400000, 2.170759732694085], [1768348800000, 1.737220607732587], [1768435200000, 1.9373331012039479], [1768521600000, 1.4048914571922164], [1768780800000, 1.4431974930026383], [1768867200000, 0.9959020235432764], [1768953600000, 1.5567449210536888], [1769040000000, 2.0094548084262964], [1769126400000, 1.3411150245744665], [1769385600000, 1.326737287568132], [1769472000000, 1.5565915817385596], [1769558400000, 2.69099650466714], [1769644800000, 1.606513238071005], [1769731200000, 1.344228683156781], [1769990400000, 1.9866092592840592], [1770076800000, 1.880738171445407], [1770163200000, 2.4707048251663966], [1770249600000, 2.79576408512006], [1770336000000, 1.893091695571239], [1770595200000, 1.7617160611214526], [1770681600000, 2.447375821938905], [1770768000000, 5.519006039828045], [1771804800000, 3.5385142826532388], [1771891200000, 2.649864070388772], [1771977600000, 2.9047488315410264], [1772064000000, 5.213954547280738], [1772409600000, 14.270246816032998], [1772496000000, 8.452288036855004]]}