{"margin_balance": [[1774828800000, 0.07888], [1774915200000, 0.0765], [1775001600000, 0.08154], [1775088000000, 0.066], [1775520000000, 0.05694], [1775606400000, 0.061695], [1775692800000, 0.06102], [1775779200000, 0.06612], [1776038400000, 0.07458], [1776124800000, 0.05508], [1776211200000, 0.0529]], "closing_price": [[1757894400000, 329.0], [1758499200000, 313.0], [1759104000000, 301.5], [1759708800000, 293.5], [1760313600000, 305.0], [1760918400000, 294.0], [1761523200000, 292.0], [1762128000000, 283.0], [1762732800000, 290.5], [1763337600000, 273.5], [1763942400000, 269.0], [1764547200000, 281.0], [1765152000000, 272.5], [1765756800000, 277.0], [1766361600000, 270.5], [1766966400000, 273.5], [1767571200000, 287.5], [1768176000000, 278.5], [1768780800000, 269.0], [1769385600000, 263.5], [1769990400000, 257.0], [1770595200000, 263.5], [1771200000000, 263.5], [1771804800000, 265.0], [1771891200000, 262.0], [1771977600000, 258.0], [1772064000000, 262.5], [1772409600000, 260.0], [1772496000000, 255.5], [1772582400000, 249.0], [1772668800000, 251.5], [1772755200000, 253.5], [1773014400000, 243.0], [1773100800000, 239.0], [1773187200000, 240.5], [1773273600000, 233.5], [1773360000000, 230.0], [1773619200000, 227.0], [1773705600000, 226.0], [1773792000000, 228.5], [1773878400000, 228.0], [1773964800000, 227.5], [1774224000000, 223.5], [1774310400000, 222.5], [1774396800000, 222.0], [1774483200000, 221.0], [1774569600000, 220.0], [1774828800000, 232.0], [1774915200000, 225.0], [1775001600000, 226.5], [1775088000000, 220.0], [1775520000000, 219.0], [1775606400000, 228.5], [1775692800000, 226.0], [1775779200000, 228.0], [1776038400000, 226.0], [1776124800000, 229.5], [1776211200000, 230.0]], "margin_ratio": [[1774828800000, 0.08430953398888415], [1774915200000, 0.0817657118426678], [1775001600000, 0.08715262932877298], [1775088000000, 0.0705429670799487], [1775520000000, 0.06085934159897391], [1775606400000, 0.06594164172723385], [1775692800000, 0.06522017956391621], [1775779200000, 0.07067122702009405], [1776038400000, 0.07971355280034202], [1776124800000, 0.05887131252672082], [1776211200000, 0.056541256947413424]]}