{"margin_balance": [[1764201600000, 285.1733], [1764288000000, 244.5521], [1764547200000, 231.66325], [1764633600000, 159.2679], [1764720000000, 236.7828], [1764806400000, 150.9826], [1764892800000, 137.4], [1765152000000, 134.6889], [1765238400000, 79.19515], [1765324800000, 195.041], [1765411200000, 184.5], [1765497600000, 102.6093], [1765756800000, 85.3254], [1765843200000, 156.5832], [1765929600000, 137.49645], [1766016000000, 110.8646], [1766102400000, 96.292], [1766361600000, 64.81265], [1766448000000, 85.008], [1766534400000, 70.7766], [1766707200000, 114.7223], [1766966400000, 106.488], [1767052800000, 107.8224], [1767139200000, 103.86675], [1767312000000, 147.03745], [1767571200000, 182.5032], [1767657600000, 362.181], [1767744000000, 139.682], [1767830400000, 391.8378], [1767916800000, 159.3072], [1768176000000, 211.52], [1768262400000, 162.0928], [1768348800000, 129.72], [1768435200000, 144.6626], [1768521600000, 104.90465], [1768780800000, 107.765], [1768867200000, 74.365], [1768953600000, 116.2437], [1769040000000, 150.048], [1769126400000, 100.1424], [1769385600000, 99.0688], [1769472000000, 116.23225], [1769558400000, 200.9394], [1769644800000, 119.95995], [1769731200000, 100.3749], [1769990400000, 148.3421], [1770076800000, 140.4366], [1770163200000, 184.49]], "closing_price": [[1764201600000, 2710.0], [1764288000000, 2990.0], [1764547200000, 2975.0], [1764633600000, 2890.0], [1764720000000, 2920.0], [1764806400000, 3070.0], [1764892800000, 3000.0], [1765152000000, 2955.0], [1765238400000, 2965.0], [1765324800000, 2980.0], [1765411200000, 3125.0], [1765497600000, 3165.0], [1765756800000, 3105.0], [1765843200000, 3180.0], [1765929600000, 3185.0], [1766016000000, 3220.0], [1766102400000, 3325.0], [1766361600000, 3295.0], [1766448000000, 3300.0], [1766534400000, 3295.0], [1766707200000, 3290.0], [1766966400000, 3400.0], [1767052800000, 3360.0], [1767139200000, 3445.0], [1767312000000, 3395.0], [1767571200000, 3410.0], [1767657600000, 3335.0], [1767744000000, 3310.0], [1767830400000, 3310.0], [1767916800000, 3120.0], [1768176000000, 3305.0], [1768262400000, 3440.0], [1768348800000, 3450.0], [1768435200000, 3460.0], [1768521600000, 3505.0], [1768780800000, 3500.0], [1768867200000, 3475.0], [1768953600000, 3495.0], [1769040000000, 3600.0], [1769126400000, 3720.0], [1769385600000, 3730.0], [1769472000000, 3775.0], [1769558400000, 3810.0], [1769644800000, 3795.0], [1769731200000, 3765.0], [1769990400000, 3730.0], [1770076800000, 3810.0], [1770163200000, 3800.0]], "margin_ratio": [[1764201600000, 4.165339436837785], [1764288000000, 3.5720121992188525], [1764547200000, 3.383753217047357], [1764633600000, 2.326321801137542], [1764720000000, 3.458531127580576], [1764806400000, 2.2053038557827973], [1764892800000, 2.0069117221756443], [1765152000000, 1.967312461840925], [1765238400000, 1.1567516366408914], [1765324800000, 2.848836020413827], [1765411200000, 2.6948705439694782], [1765497600000, 1.4987467756494712], [1765756800000, 1.246292179471075], [1765843200000, 2.2871081482952937], [1765929600000, 2.0083205040941583], [1766016000000, 1.6193265306718625], [1766102400000, 1.406474116097068], [1766361600000, 0.946675888138772], [1766448000000, 1.241656125754783], [1766534400000, 1.0337873958932802], [1766707200000, 1.6756734255091041], [1766966400000, 1.5554004037193596], [1767052800000, 1.5748911097024105], [1767139200000, 1.517113523430037], [1767312000000, 2.147679636126748], [1767571200000, 2.6657045954480787], [1767657600000, 5.290140425395174], [1767744000000, 2.0402434001232774], [1767830400000, 5.723317860345819], [1767916800000, 2.326895830472924], [1768176000000, 3.0895339699751987], [1768262400000, 2.3675832634663196], [1768348800000, 1.8947349970933374], [1768435200000, 2.1129917591004825], [1768521600000, 1.5322734482950013], [1768780800000, 1.5740527055331754], [1768867200000, 1.086200802180435], [1768953600000, 1.697895517897154], [1769040000000, 2.1916527662955683], [1769126400000, 1.4627143846201034], [1769385600000, 1.4470330132596394], [1769472000000, 1.6977282752536391], [1769558400000, 2.9349900822921446], [1769644800000, 1.7521763453173522], [1769731200000, 1.4661103596958374], [1769990400000, 2.1667358033635487], [1770076800000, 2.0512653476163907], [1770163200000, 2.6947244805253607]]}