{"margin_balance": [[1764288000000, 0.10548], [1764547200000, 0.11401], [1764633600000, 0.15079], [1764720000000, 0.19404], [1764806400000, 0.23814], [1764892800000, 0.24084], [1765152000000, 0.23088], [1765238400000, 0.21045], [1765324800000, 0.229], [1765411200000, 0.3143], [1765497600000, 0.32819], [1765756800000, 0.33744], [1765843200000, 0.34515], [1765929600000, 0.3432], [1766016000000, 0.3492], [1766102400000, 0.354], [1766361600000, 0.3528], [1766448000000, 0.36162], [1766534400000, 0.3567], [1766707200000, 0.3496], [1766966400000, 0.3504], [1767052800000, 0.3567], [1767139200000, 0.83259], [1767312000000, 0.7485], [1767571200000, 0.812], [1767657600000, 0.76461], [1767744000000, 0.84745], [1767830400000, 0.80114], [1767916800000, 0.7469], [1768176000000, 0.75], [1768262400000, 0.82705], [1768348800000, 0.79704], [1768435200000, 0.8989], [1768521600000, 1.0395], [1768780800000, 0.9888], [1768867200000, 1.0807], [1768953600000, 1.04539], [1769040000000, 1.05]], "closing_price": [[1740528000000, 1560.0], [1740614400000, 1580.0], [1740960000000, 1530.0], [1741046400000, 1510.0], [1741132800000, 1480.0], [1741219200000, 1450.0], [1741305600000, 1415.0], [1741564800000, 1365.0], [1741651200000, 1355.0], [1741737600000, 1350.0], [1741824000000, 1290.0], [1741910400000, 1295.0], [1742169600000, 1355.0], [1742256000000, 1325.0], [1742342400000, 1300.0], [1742428800000, 1325.0], [1742515200000, 1305.0], [1742774400000, 1305.0], [1742860800000, 1305.0], [1742947200000, 1305.0], [1743033600000, 1295.0], [1743120000000, 1250.0], [1743379200000, 1135.0], [1743465600000, 1080.0], [1743552000000, 1125.0], [1743984000000, 1015.0], [1744070400000, 914.0], [1744156800000, 823.0], [1744243200000, 882.0], [1744329600000, 819.0], [1744588800000, 873.0], [1744675200000, 960.0], [1744761600000, 951.0], [1744848000000, 1000.0], [1744934400000, 988.0], [1745193600000, 942.0], [1745280000000, 933.0], [1745366400000, 978.0], [1745452800000, 986.0], [1745539200000, 1020.0], [1745798400000, 1050.0], [1745884800000, 1065.0], [1745971200000, 1025.0], [1746144000000, 1060.0], [1746403200000, 996.0], [1746489600000, 1025.0], [1746576000000, 1030.0], [1746662400000, 1075.0], [1746748800000, 1060.0], [1747008000000, 1150.0], [1747094400000, 1130.0], [1747180800000, 1155.0], [1747267200000, 1145.0], [1747353600000, 1135.0], [1747612800000, 1090.0], [1747699200000, 1095.0], [1747785600000, 1130.0], [1747872000000, 1175.0], [1747958400000, 1225.0], [1748217600000, 1190.0], [1748304000000, 1170.0], [1748390400000, 1180.0], [1748476800000, 1200.0], [1748822400000, 1140.0], [1748908800000, 1145.0], [1748995200000, 1185.0], [1749081600000, 1215.0], [1749168000000, 1225.0], [1749427200000, 1225.0], [1749513600000, 1270.0], [1749600000000, 1185.0], [1749686400000, 1155.0], [1749772800000, 1090.0], [1750032000000, 1070.0], [1750118400000, 1125.0], [1750204800000, 1110.0], [1750291200000, 1075.0], [1750377600000, 1050.0], [1750636800000, 1100.0], [1750723200000, 1135.0], [1750809600000, 1145.0], [1750896000000, 1180.0], [1750982400000, 1155.0], [1751241600000, 1125.0], [1751328000000, 1140.0], [1751414400000, 1130.0], [1751500800000, 1140.0], [1751587200000, 1120.0], [1751846400000, 1120.0], [1751932800000, 1120.0], [1752019200000, 1175.0], [1752105600000, 1200.0], [1752192000000, 1215.0], [1752451200000, 1205.0], [1752537600000, 1220.0], [1752624000000, 1225.0], [1752710400000, 1230.0], [1752796800000, 1290.0], [1753056000000, 1415.0], [1753142400000, 1320.0], [1753228800000, 1310.0], [1753315200000, 1305.0], [1753401600000, 1320.0], [1753660800000, 1360.0], [1753747200000, 1035.0], [1753833600000, 1045.0], [1753920000000, 1015.0], [1754006400000, 1020.0], [1754265600000, 997.0], [1754352000000, 1035.0], [1754438400000, 1035.0], [1754524800000, 1070.0], [1754611200000, 1095.0], [1754870400000, 1080.0], [1754956800000, 1170.0], [1755043200000, 1105.0], [1755129600000, 1080.0], [1755216000000, 1075.0], [1755475200000, 1080.0], [1755561600000, 1080.0], [1755648000000, 1040.0], [1755734400000, 1035.0], [1755820800000, 1035.0], [1756080000000, 1060.0], [1756166400000, 1105.0], [1756252800000, 1105.0], [1756339200000, 1060.0], [1756425600000, 1030.0], [1756684800000, 996.0], [1756771200000, 1000.0], [1756857600000, 1000.0], [1756944000000, 1035.0], [1757030400000, 1035.0], [1757289600000, 1060.0], [1757376000000, 1140.0], [1757462400000, 1125.0], [1757548800000, 1125.0], [1757635200000, 1085.0], [1757894400000, 1040.0], [1757980800000, 1110.0], [1758067200000, 1080.0], [1758153600000, 1080.0], [1758240000000, 1085.0], [1758499200000, 1145.0], [1758585600000, 1125.0], [1758672000000, 1125.0], [1758758400000, 1085.0], [1758844800000, 1045.0], [1759190400000, 1070.0], [1759276800000, 1045.0], [1759363200000, 1050.0], [1759449600000, 1050.0], [1759795200000, 1045.0], [1759881600000, 1050.0], [1759968000000, 1050.0], [1760313600000, 1020.0], [1760400000000, 996.0], [1760486400000, 1005.0], [1760572800000, 991.0], [1760659200000, 962.0], [1760918400000, 970.0], [1761004800000, 991.0], [1761091200000, 995.0], [1761177600000, 1020.0], [1761523200000, 1055.0], [1761609600000, 1115.0], [1761696000000, 1115.0], [1761782400000, 1040.0], [1761868800000, 1020.0], [1762128000000, 1020.0], [1762214400000, 999.0], [1762300800000, 993.0], [1762387200000, 1025.0], [1762473600000, 999.0], [1762732800000, 934.0], [1762819200000, 910.0], [1762905600000, 890.0], [1762992000000, 875.0], [1763078400000, 871.0], [1763337600000, 872.0], [1763424000000, 829.0], [1763510400000, 800.0], [1763596800000, 814.0], [1763683200000, 795.0], [1763942400000, 811.0], [1764028800000, 826.0], [1764115200000, 877.0], [1764201600000, 873.0], [1764288000000, 879.0], [1764547200000, 877.0], [1764633600000, 887.0], [1764720000000, 882.0], [1764806400000, 882.0], [1764892800000, 892.0], [1765152000000, 888.0], [1765238400000, 915.0], [1765324800000, 916.0], [1765411200000, 898.0], [1765497600000, 887.0], [1765756800000, 888.0], [1765843200000, 885.0], [1765929600000, 880.0], [1766016000000, 873.0], [1766102400000, 885.0], [1766361600000, 882.0], [1766448000000, 882.0], [1766534400000, 870.0], [1766707200000, 874.0], [1766966400000, 876.0], [1767052800000, 870.0], [1767139200000, 957.0], [1767312000000, 998.0], [1767571200000, 1015.0], [1767657600000, 993.0], [1767744000000, 997.0], [1767830400000, 977.0], [1767916800000, 970.0], [1768176000000, 1000.0], [1768262400000, 973.0], [1768348800000, 984.0], [1768435200000, 1010.0], [1768521600000, 990.0], [1768780800000, 960.0], [1768867200000, 1010.0], [1768953600000, 977.0], [1769040000000, 1000.0]], "margin_ratio": [[1764288000000, 0.03767142857142857], [1764547200000, 0.04071785714285714], [1764633600000, 0.053853571428571424], [1764720000000, 0.06929999999999999], [1764806400000, 0.08505], [1764892800000, 0.08601428571428572], [1765152000000, 0.08245714285714285], [1765238400000, 0.07516071428571429], [1765324800000, 0.08178571428571428], [1765411200000, 0.11225], [1765497600000, 0.11721071428571427], [1765756800000, 0.12051428571428571], [1765843200000, 0.12326785714285714], [1765929600000, 0.12257142857142857], [1766016000000, 0.12471428571428572], [1766102400000, 0.12642857142857145], [1766361600000, 0.126], [1766448000000, 0.12915], [1766534400000, 0.12739285714285714], [1766707200000, 0.12485714285714287], [1766966400000, 0.12514285714285714], [1767052800000, 0.12739285714285714], [1767139200000, 0.29735357142857144], [1767312000000, 0.2673214285714286], [1767571200000, 0.29000000000000004], [1767657600000, 0.273075], [1767744000000, 0.3026607142857143], [1767830400000, 0.2861214285714285], [1767916800000, 0.26675000000000004], [1768176000000, 0.26785714285714285], [1768262400000, 0.295375], [1768348800000, 0.28465714285714283], [1768435200000, 0.32103571428571426], [1768521600000, 0.3712500000000001], [1768780800000, 0.35314285714285715], [1768867200000, 0.3859642857142857], [1768953600000, 0.37335357142857145], [1769040000000, 0.37500000000000006]]}