{"margin_balance": [[1766361600000, 0.001732], [1766966400000, 0.006944], [1767571200000, 0.00684], [1768176000000, 0.0058730000000000015], [1768780800000, 0.00498], [1769385600000, 0.012976], [1769990400000, 0.020775], [1770595200000, 0.019228], [1771200000000, 0.021554], [1771804800000, 0.023058], [1771891200000, 0.026816], [1771977600000, 0.027264], [1772064000000, 0.026071], [1772409600000, 0.025885], [1772496000000, 0.022167], [1772582400000, 0.020592000000000003], [1772668800000, 0.021267999999999995], [1772755200000, 0.01932], [1773014400000, 0.0163], [1773100800000, 0.01642], [1773187200000, 0.0168], [1773273600000, 0.01676], [1773360000000, 0.01859], [1773619200000, 0.029995], [1773705600000, 0.02989], [1773792000000, 0.0323], [1773878400000, 0.03211], [1773964800000, 0.028492], [1774224000000, 0.04314599999999999], [1774310400000, 0.04483799999999999], [1774396800000, 0.047152], [1774483200000, 0.06035], [1774569600000, 0.055476], [1774828800000, 0.055476], [1774915200000, 0.045124], [1775001600000, 0.04547200000000001], [1775088000000, 0.04553], [1775520000000, 0.04466], [1775606400000, 0.048384], [1775692800000, 0.030955], [1775779200000, 0.025466000000000006], [1776038400000, 0.026712000000000003], [1776124800000, 0.02384], [1776211200000, 0.027898]], "closing_price": [[1750636800000, 106.0], [1751241600000, 100.0], [1751846400000, 96.2], [1752451200000, 103.5], [1753056000000, 99.5], [1753660800000, 100.5], [1754265600000, 100.5], [1754870400000, 101.0], [1755475200000, 98.8], [1756080000000, 97.3], [1756684800000, 97.1], [1757289600000, 96.7], [1757894400000, 93.4], [1758499200000, 90.2], [1759104000000, 89.3], [1759708800000, 89.4], [1760313600000, 88.9], [1760918400000, 87.9], [1761523200000, 86.5], [1762128000000, 84.6], [1762732800000, 90.3], [1763337600000, 87.9], [1763942400000, 85.1], [1764547200000, 87.9], [1765152000000, 86.8], [1765756800000, 89.3], [1766361600000, 86.6], [1766966400000, 86.8], [1767571200000, 85.5], [1768176000000, 83.9], [1768780800000, 83.0], [1769385600000, 81.1], [1769990400000, 83.1], [1770595200000, 83.6], [1771200000000, 82.9], [1771804800000, 85.4], [1771891200000, 83.8], [1771977600000, 85.2], [1772064000000, 84.1], [1772409600000, 83.5], [1772496000000, 82.1], [1772582400000, 79.2], [1772668800000, 81.8], [1772755200000, 84.0], [1773014400000, 81.5], [1773100800000, 82.1], [1773187200000, 84.0], [1773273600000, 83.8], [1773360000000, 84.5], [1773619200000, 85.7], [1773705600000, 85.4], [1773792000000, 85.0], [1773878400000, 84.5], [1773964800000, 83.8], [1774224000000, 84.6], [1774310400000, 84.6], [1774396800000, 84.2], [1774483200000, 85.0], [1774569600000, 80.4], [1774828800000, 80.4], [1774915200000, 77.8], [1775001600000, 78.4], [1775088000000, 78.5], [1775520000000, 77.0], [1775606400000, 76.8], [1775692800000, 75.5], [1775779200000, 74.9], [1776038400000, 74.2], [1776124800000, 74.5], [1776211200000, 75.4]], "margin_ratio": [[1766361600000, 0.0067079783113865215], [1766966400000, 0.02689388071262587], [1767571200000, 0.026491092176607278], [1768176000000, 0.022745933384972897], [1768780800000, 0.019287374128582495], [1769385600000, 0.0502556158017041], [1769990400000, 0.08046088303640589], [1770595200000, 0.07446940356312935], [1771200000000, 0.08347792408985283], [1771804800000, 0.08930286599535243], [1771891200000, 0.1038574748257165], [1771977600000, 0.10559256390395043], [1772064000000, 0.10097211463981409], [1772409600000, 0.1002517428350116], [1772496000000, 0.08585205267234702], [1772582400000, 0.07975213013168088], [1772668800000, 0.08237025561580168], [1772755200000, 0.07482571649883811], [1773014400000, 0.06312935708752904], [1773100800000, 0.06359411309062742], [1773187200000, 0.06506584043377227], [1773273600000, 0.06491092176607281], [1773360000000, 0.07199845081332301], [1773619200000, 0.11616963594113092], [1773705600000, 0.11576297443841982], [1773792000000, 0.12509682416731216], [1773878400000, 0.12436096049573972], [1773964800000, 0.11034856700232379], [1774224000000, 0.1671030209140201], [1774310400000, 0.17365608055770718], [1774396800000, 0.18261812548412082], [1774483200000, 0.23373353989155693], [1774569600000, 0.21485670023237796], [1774828800000, 0.21485670023237796], [1774915200000, 0.17476374903175831], [1775001600000, 0.17611154144074365], [1775088000000, 0.17633617350890785], [1775520000000, 0.1729666924864446], [1775606400000, 0.18738962044926416], [1775692800000, 0.1198876839659179], [1775779200000, 0.0986289697908598], [1776038400000, 0.10345468628969792], [1776124800000, 0.09233152594887685], [1776211200000, 0.10804802478698683]]}