{"margin_balance": [[1763337600000, 0.89352], [1763424000000, 0.18952600000000003], [1763510400000, 0.083664], [1763596800000, 0.07623], [1763683200000, 0.166896], [1763942400000, 0.201985], [1764028800000, 0.08976], [1764115200000, 0.060695], [1764201600000, 0.137], [1764288000000, 0.138305], [1764547200000, 0.03571200000000001], [1764633600000, 0.090545], [1764720000000, 0.270875], [1764806400000, 0.047775], [1764892800000, 0.031072], [1765152000000, 0.069083], [1765238400000, 0.24363899999999997], [1765324800000, 0.072457], [1765411200000, 0.08789], [1765497600000, 0.08303699999999999], [1765756800000, 0.0466], [1765843200000, 0.010043], [1765929600000, 0.08784], [1766016000000, 0.015385], [1766102400000, 0.014912], [1766361600000, 0.04545], [1766448000000, 0.01456], [1766534400000, 0.067379], [1766707200000, 0.02852], [1766966400000, 0.01656], [1767052800000, 0.070528], [1767139200000, 0.02883], [1767312000000, 0.028799], [1767571200000, 0.026796000000000004], [1767657600000, 0.02733], [1767744000000, 0.064255], [1767830400000, 0.02534], [1767916800000, 0.01844], [1768176000000, 0.03185], [1768262400000, 0.024435], [1768348800000, 0.038829], [1768435200000, 0.011856000000000002], [1768521600000, 0.02668], [1768780800000, 0.022875], [1768867200000, 0.017138], [1768953600000, 0.008199], [1769040000000, 0.012683999999999997], [1769126400000, 0.010871999999999998], [1769385600000, 0.04732], [1769472000000, 0.0182], [1769558400000, 0.062376], [1769644800000, 0.0387], [1769731200000, 0.041877], [1769990400000, 0.01068], [1770076800000, 0.007128], [1770163200000, 0.007104], [1770249600000, 0.01232], [1770336000000, 0.01513], [1770595200000, 0.01068], [1770681600000, 0.028384], [1770768000000, 0.032708], [1771804800000, 0.018921], [1771891200000, 0.0099], [1771977600000, 0.03588], [1772064000000, 0.019756], [1772409600000, 0.018963], [1772496000000, 0.0445], [1772582400000, 0.01232], [1772668800000, 0.015504], [1772755200000, 0.01513], [1773014400000, 0.023922]], "closing_price": [[1763337600000, 102.0], [1763424000000, 98.2], [1763510400000, 99.6], [1763596800000, 99.0], [1763683200000, 97.6], [1763942400000, 101.5], [1764028800000, 102.0], [1764115200000, 99.5], [1764201600000, 100.0], [1764288000000, 99.5], [1764547200000, 99.2], [1764633600000, 99.5], [1764720000000, 98.5], [1764806400000, 97.5], [1764892800000, 97.1], [1765152000000, 97.3], [1765238400000, 96.3], [1765324800000, 94.1], [1765411200000, 93.5], [1765497600000, 93.3], [1765756800000, 93.2], [1765843200000, 91.3], [1765929600000, 91.5], [1766016000000, 90.5], [1766102400000, 93.2], [1766361600000, 90.9], [1766448000000, 91.0], [1766534400000, 92.3], [1766707200000, 92.0], [1766966400000, 92.0], [1767052800000, 92.8], [1767139200000, 93.0], [1767312000000, 92.9], [1767571200000, 92.4], [1767657600000, 91.1], [1767744000000, 90.5], [1767830400000, 90.5], [1767916800000, 92.2], [1768176000000, 91.0], [1768262400000, 90.5], [1768348800000, 90.3], [1768435200000, 91.2], [1768521600000, 92.0], [1768780800000, 91.5], [1768867200000, 90.2], [1768953600000, 91.1], [1769040000000, 90.6], [1769126400000, 90.6], [1769385600000, 91.0], [1769472000000, 91.0], [1769558400000, 90.4], [1769644800000, 90.0], [1769731200000, 89.1], [1769990400000, 89.0], [1770076800000, 89.1], [1770163200000, 88.8], [1770249600000, 88.0], [1770336000000, 89.0], [1770595200000, 89.0], [1770681600000, 88.7], [1770768000000, 88.4], [1771804800000, 90.1], [1771891200000, 90.0], [1771977600000, 89.7], [1772064000000, 89.8], [1772409600000, 90.3], [1772496000000, 89.0], [1772582400000, 88.0], [1772668800000, 91.2], [1772755200000, 89.0], [1773014400000, 88.6]], "margin_ratio": [[1763337600000, 3.2129449838187703], [1763424000000, 0.6815030564545129], [1763510400000, 0.3008414239482201], [1763596800000, 0.27411003236245957], [1763683200000, 0.6001294498381876], [1763942400000, 0.7263034879539734], [1764028800000, 0.32276159654800435], [1764115200000, 0.2182488313556275], [1764201600000, 0.4926285508809781], [1764288000000, 0.4973211075152823], [1764547200000, 0.12841423948220068], [1764633600000, 0.32558432218626393], [1764720000000, 0.9740201366414958], [1764806400000, 0.17179072276159654], [1764892800000, 0.11172959367134125], [1765152000000, 0.2484106436533621], [1765238400000, 0.8760841423948219], [1765324800000, 0.26054297015462063], [1765411200000, 0.3160373966199209], [1765497600000, 0.2985868392664509], [1765756800000, 0.16756562387630353], [1765843200000, 0.03611290902553038], [1765929600000, 0.31585760517799355], [1766016000000, 0.055321826681049985], [1766102400000, 0.05362099964041711], [1766361600000, 0.1634304207119741], [1766448000000, 0.05235526788924847], [1766534400000, 0.2422833513124775], [1766707200000, 0.10255303847536856], [1766966400000, 0.059546925566343036], [1767052800000, 0.25360661632506293], [1767139200000, 0.10366774541531824], [1767312000000, 0.10355627472132328], [1767571200000, 0.09635382955771307], [1767657600000, 0.0982740021574973], [1767744000000, 0.23104998202085583], [1767830400000, 0.09111830276878821], [1767916800000, 0.06630708378281194], [1768176000000, 0.11452714850773106], [1768262400000, 0.08786407766990291], [1768348800000, 0.13962243797195256], [1768435200000, 0.04263214670981662], [1768521600000, 0.09593671341244157], [1768780800000, 0.08225458468176916], [1768867200000, 0.06162531463502338], [1768953600000, 0.02948220064724919], [1769040000000, 0.04560949298813376], [1769126400000, 0.03909385113268608], [1769385600000, 0.17015462064005754], [1769472000000, 0.0654440848615606], [1769558400000, 0.22429341963322547], [1769644800000, 0.13915857605177995], [1769731200000, 0.15058252427184465], [1769990400000, 0.03840345199568501], [1770076800000, 0.025631067961165047], [1770163200000, 0.02554476806903991], [1770249600000, 0.04430061129090255], [1770336000000, 0.05440489032722042], [1770595200000, 0.03840345199568501], [1770681600000, 0.10206400575332615], [1770768000000, 0.1176123696512046], [1771804800000, 0.06803667745415319], [1771891200000, 0.03559870550161813], [1771977600000, 0.1290183387270766], [1772064000000, 0.07103919453434017], [1772409600000, 0.06818770226537219], [1772496000000, 0.1600143833153542], [1772582400000, 0.04430061129090255], [1772668800000, 0.055749730312837115], [1772755200000, 0.05440489032722042], [1773014400000, 0.08601941747572815]]}