{"margin_balance": [[1766361600000, 14.4613], [1766448000000, 11.865], [1766534400000, 4.7428], [1766707200000, 7.50891], [1766966400000, 11.9972], [1767052800000, 5.43165], [1767139200000, 7.38514], [1767312000000, 30.06021], [1767571200000, 9.32756], [1767657600000, 6.10344], [1767744000000, 3.0191], [1767830400000, 4.5152], [1767916800000, 2.52882], [1768176000000, 4.8764], [1768262400000, 8.15262], [1768348800000, 4.43486], [1768435200000, 2.85498], [1768521600000, 2.7192], [1768780800000, 5.06499], [1768867200000, 9.52956], [1768953600000, 6.1124], [1769040000000, 5.44236], [1769126400000, 3.77784], [1769385600000, 2.85428], [1769472000000, 8.22081], [1769558400000, 1.08672], [1769644800000, 4.6656], [1769731200000, 3.2091], [1769990400000, 2.33987], [1770076800000, 7.06176], [1770163200000, 4.624], [1770249600000, 1.83141], [1770336000000, 2.53266], [1770595200000, 1.1058], [1770681600000, 4.63166], [1770768000000, 13.8417], [1771804800000, 19.96576], [1771891200000, 7.29015], [1771977600000, 7.7814], [1772064000000, 5.70657], [1772409600000, 3.47011], [1772496000000, 3.1248], [1772582400000, 3.07296], [1772668800000, 2.01335], [1772755200000, 1.16725], [1773014400000, 2.1888], [1773100800000, 1.18125], [1773187200000, 10.35118], [1773273600000, 4.67116], [1773360000000, 4.91579], [1773619200000, 3.80256], [1773705600000, 4.51554], [1773792000000, 4.13055], [1773878400000, 4.26682], [1773964800000, 3.36449], [1774224000000, 2.62908], [1774310400000, 2.27106], [1774396800000, 1.89864], [1774483200000, 6.20576], [1774569600000, 4.4933], [1774828800000, 3.90216], [1774915200000, 3.4237], [1775001600000, 3.03252], [1775088000000, 2.8496], [1775520000000, 3.2332], [1775606400000, 4.4517], [1775692800000, 2.80098], [1775779200000, 3.4496], [1776038400000, 9.3398]], "closing_price": [[1766361600000, 730.0], [1766448000000, 678.0], [1766534400000, 668.0], [1766707200000, 687.0], [1766966400000, 712.0], [1767052800000, 739.0], [1767139200000, 749.0], [1767312000000, 769.0], [1767571200000, 731.0], [1767657600000, 692.0], [1767744000000, 665.0], [1767830400000, 680.0], [1767916800000, 669.0], [1768176000000, 668.0], [1768262400000, 658.0], [1768348800000, 622.0], [1768435200000, 622.0], [1768521600000, 618.0], [1768780800000, 623.0], [1768867200000, 618.0], [1768953600000, 590.0], [1769040000000, 589.0], [1769126400000, 583.0], [1769385600000, 572.0], [1769472000000, 591.0], [1769558400000, 566.0], [1769644800000, 576.0], [1769731200000, 563.0], [1769990400000, 533.0], [1770076800000, 576.0], [1770163200000, 578.0], [1770249600000, 567.0], [1770336000000, 573.0], [1770595200000, 570.0], [1770681600000, 569.0], [1770768000000, 645.0], [1771804800000, 688.0], [1771891200000, 655.0], [1771977600000, 660.0], [1772064000000, 669.0], [1772409600000, 623.0], [1772496000000, 630.0], [1772582400000, 582.0], [1772668800000, 601.0], [1772755200000, 575.0], [1773014400000, 576.0], [1773100800000, 625.0], [1773187200000, 691.0], [1773273600000, 676.0], [1773360000000, 667.0], [1773619200000, 699.0], [1773705600000, 699.0], [1773792000000, 685.0], [1773878400000, 673.0], [1773964800000, 661.0], [1774224000000, 654.0], [1774310400000, 666.0], [1774396800000, 648.0], [1774483200000, 656.0], [1774569600000, 686.0], [1774828800000, 687.0], [1774915200000, 670.0], [1775001600000, 683.0], [1775088000000, 685.0], [1775520000000, 685.0], [1775606400000, 710.0], [1775692800000, 702.0], [1775779200000, 704.0], [1776038400000, 697.0]], "margin_ratio": [[1766361600000, 6.263556826056826], [1766448000000, 5.139033264033264], [1766534400000, 2.0542273042273043], [1766707200000, 3.2522998960498963], [1766966400000, 5.196292446292446], [1767052800000, 2.352585758835759], [1767139200000, 3.1986919611919613], [1767312000000, 13.019841476091475], [1767571200000, 4.0400034650034655], [1767657600000, 2.6435550935550935], [1767744000000, 1.3076489951489951], [1767830400000, 1.9556479556479558], [1767916800000, 1.095296257796258], [1768176000000, 2.112092862092862], [1768262400000, 3.5311070686070685], [1768348800000, 1.9208506583506584], [1768435200000, 1.236564449064449], [1768521600000, 1.1777546777546777], [1768780800000, 2.1937759875259877], [1768867200000, 4.127494802494803], [1768953600000, 2.6474358974358974], [1769040000000, 2.3572245322245324], [1769126400000, 1.636278586278586], [1769385600000, 1.2362612612612613], [1769472000000, 3.5606418918918923], [1769558400000, 0.47068607068607066], [1769644800000, 2.020790020790021], [1769731200000, 1.3899428274428274], [1769990400000, 1.0134572072072072], [1770076800000, 3.0586278586278586], [1770163200000, 2.002772002772003], [1770249600000, 0.7932302494802494], [1770336000000, 1.0969594594594594], [1770595200000, 0.47895010395010396], [1770681600000, 2.006089743589744], [1770768000000, 5.9951923076923075], [1771804800000, 8.647678447678448], [1771891200000, 3.157549376299376], [1771977600000, 3.370322245322245], [1772064000000, 2.4716606029106027], [1772409600000, 1.5029928967428967], [1772496000000, 1.3534303534303536], [1772582400000, 1.330977130977131], [1772668800000, 0.8720330907830908], [1772755200000, 0.5055656618156618], [1773014400000, 0.9480249480249481], [1773100800000, 0.5116294178794178], [1773187200000, 4.483359320859321], [1773273600000, 2.0231981981981986], [1773360000000, 2.129153672903673], [1773619200000, 1.646985446985447], [1773705600000, 1.955795218295218], [1773792000000, 1.789046257796258], [1773878400000, 1.8480682605682606], [1773964800000, 1.4572461884961885], [1774224000000, 1.1387214137214137], [1774310400000, 0.9836538461538461], [1774396800000, 0.8223492723492725], [1774483200000, 2.687872487872488], [1774569600000, 1.9461625086625085], [1774828800000, 1.6901247401247401], [1774915200000, 1.4828915453915454], [1775001600000, 1.3134615384615385], [1775088000000, 1.2342342342342343], [1775520000000, 1.4003811503811505], [1775606400000, 1.9281444906444907], [1775692800000, 1.2131756756756757], [1775779200000, 1.4941094941094941], [1776038400000, 4.045304920304921]]}