{"margin_balance": [[1766361600000, 14.4613], [1766448000000, 11.865], [1766534400000, 4.7428], [1766707200000, 7.50891], [1766966400000, 11.9972], [1767052800000, 5.43165], [1767139200000, 7.38514], [1767312000000, 30.06021], [1767571200000, 9.32756], [1767657600000, 6.10344], [1767744000000, 3.0191], [1767830400000, 4.5152], [1767916800000, 2.52882], [1768176000000, 4.8764], [1768262400000, 8.15262], [1768348800000, 4.43486], [1768435200000, 2.85498], [1768521600000, 2.7192], [1768780800000, 5.06499], [1768867200000, 9.52956], [1768953600000, 6.1124], [1769040000000, 5.44236], [1769126400000, 3.77784], [1769385600000, 2.85428], [1769472000000, 8.22081], [1769558400000, 1.08672], [1769644800000, 4.6656], [1769731200000, 3.2091], [1769990400000, 2.33987], [1770076800000, 7.06176], [1770163200000, 4.624], [1770249600000, 1.83141], [1770336000000, 2.53266], [1770595200000, 1.1058], [1770681600000, 4.63166], [1770768000000, 13.8417], [1771804800000, 19.96576], [1771891200000, 7.29015], [1771977600000, 7.7814], [1772064000000, 5.70657]], "closing_price": [[1766361600000, 730.0], [1766448000000, 678.0], [1766534400000, 668.0], [1766707200000, 687.0], [1766966400000, 712.0], [1767052800000, 739.0], [1767139200000, 749.0], [1767312000000, 769.0], [1767571200000, 731.0], [1767657600000, 692.0], [1767744000000, 665.0], [1767830400000, 680.0], [1767916800000, 669.0], [1768176000000, 668.0], [1768262400000, 658.0], [1768348800000, 622.0], [1768435200000, 622.0], [1768521600000, 618.0], [1768780800000, 623.0], [1768867200000, 618.0], [1768953600000, 590.0], [1769040000000, 589.0], [1769126400000, 583.0], [1769385600000, 572.0], [1769472000000, 591.0], [1769558400000, 566.0], [1769644800000, 576.0], [1769731200000, 563.0], [1769990400000, 533.0], [1770076800000, 576.0], [1770163200000, 578.0], [1770249600000, 567.0], [1770336000000, 573.0], [1770595200000, 570.0], [1770681600000, 569.0], [1770768000000, 645.0], [1771804800000, 688.0], [1771891200000, 655.0], [1771977600000, 660.0], [1772064000000, 669.0]], "margin_ratio": [[1766361600000, 6.798599031545296], [1766448000000, 5.578017018475859], [1766534400000, 2.229702411734286], [1766707200000, 3.530116120539702], [1766966400000, 5.640167364016736], [1767052800000, 2.5535470828827984], [1767139200000, 3.471928917305251], [1767312000000, 14.132015420055474], [1767571200000, 4.38510648300503], [1767657600000, 2.8693714446899534], [1767744000000, 1.41935028912604], [1767830400000, 2.1227022706971934], [1767916800000, 1.1888580696723237], [1768176000000, 2.2925109303746884], [1768262400000, 3.832739410464953], [1768348800000, 2.0849325372572984], [1768435200000, 1.3421935969159886], [1768521600000, 1.278360208734897], [1768780800000, 2.381171548117155], [1768867200000, 4.480071458793663], [1768953600000, 2.8735837525269146], [1769040000000, 2.558582107094166], [1769126400000, 1.7760519016501337], [1769385600000, 1.3418645103662263], [1769472000000, 3.8647971416482534], [1769558400000, 0.5108927647971416], [1769644800000, 2.193408866531898], [1769731200000, 1.5086737812044566], [1769990400000, 1.100028207418551], [1770076800000, 3.3199003337877855], [1770163200000, 2.1738517230031498], [1770249600000, 0.8609891401438579], [1770336000000, 1.1906633444595927], [1770595200000, 0.5198627238963847], [1770681600000, 2.1774528701048377], [1770768000000, 6.507310422641154], [1771804800000, 9.386375816839829], [1771891200000, 3.427271872502468], [1771977600000, 3.6582201118894266], [1772064000000, 2.6827934746838418]]}