{"margin_balance": [[1764201600000, 285.1733], [1764288000000, 244.5521], [1764547200000, 231.66325], [1764633600000, 159.2679], [1764720000000, 236.7828], [1764806400000, 150.9826], [1764892800000, 137.4], [1765152000000, 134.6889], [1765238400000, 79.19515], [1765324800000, 195.041], [1765411200000, 184.5], [1765497600000, 102.6093], [1765756800000, 85.3254], [1765843200000, 156.5832], [1765929600000, 137.49645], [1766016000000, 110.8646], [1766102400000, 96.292], [1766361600000, 64.81265], [1766448000000, 85.008], [1766534400000, 70.7766], [1766707200000, 114.7223], [1766966400000, 106.488], [1767052800000, 107.8224], [1767139200000, 103.86675], [1767312000000, 147.03745], [1767571200000, 182.5032], [1767657600000, 362.181], [1767744000000, 139.682], [1767830400000, 391.8378], [1767916800000, 159.3072], [1768176000000, 211.52], [1768262400000, 162.0928], [1768348800000, 129.72], [1768435200000, 144.6626], [1768521600000, 104.90465], [1768780800000, 107.765], [1768867200000, 74.365], [1768953600000, 116.2437], [1769040000000, 150.048], [1769126400000, 100.1424], [1769385600000, 99.0688]], "closing_price": [[1764201600000, 2710.0], [1764288000000, 2990.0], [1764547200000, 2975.0], [1764633600000, 2890.0], [1764720000000, 2920.0], [1764806400000, 3070.0], [1764892800000, 3000.0], [1765152000000, 2955.0], [1765238400000, 2965.0], [1765324800000, 2980.0], [1765411200000, 3125.0], [1765497600000, 3165.0], [1765756800000, 3105.0], [1765843200000, 3180.0], [1765929600000, 3185.0], [1766016000000, 3220.0], [1766102400000, 3325.0], [1766361600000, 3295.0], [1766448000000, 3300.0], [1766534400000, 3295.0], [1766707200000, 3290.0], [1766966400000, 3400.0], [1767052800000, 3360.0], [1767139200000, 3445.0], [1767312000000, 3395.0], [1767571200000, 3410.0], [1767657600000, 3335.0], [1767744000000, 3310.0], [1767830400000, 3310.0], [1767916800000, 3120.0], [1768176000000, 3305.0], [1768262400000, 3440.0], [1768348800000, 3450.0], [1768435200000, 3460.0], [1768521600000, 3505.0], [1768780800000, 3500.0], [1768867200000, 3475.0], [1768953600000, 3495.0], [1769040000000, 3600.0], [1769126400000, 3720.0], [1769385600000, 3730.0]], "margin_ratio": [[1764201600000, 4.176319574010667], [1764288000000, 3.5814282827158572], [1764547200000, 3.392673036199135], [1764633600000, 2.3324541543039743], [1764720000000, 3.4676480667336427], [1764806400000, 2.211117196858973], [1764892800000, 2.012202087183708], [1765152000000, 1.9724984403237094], [1765238400000, 1.1598009179390598], [1765324800000, 2.8563457589985264], [1765411200000, 2.7019744183798697], [1765497600000, 1.502697580964041], [1765756800000, 1.2495774961410826], [1765843200000, 2.293137131425793], [1765929600000, 2.0136145827536414], [1766016000000, 1.6235951929751593], [1766102400000, 1.4101816839817582], [1766361600000, 0.949171394511697], [1766448000000, 1.2449292214506014], [1766534400000, 1.0365125345252286], [1766707200000, 1.6800906223181624], [1766966400000, 1.5595005521107619], [1767052800000, 1.5790426370098736], [1767139200000, 1.521112744825243], [1767312000000, 2.1533410755762015], [1767571200000, 2.6727315863006234], [1767657600000, 5.304085619638155], [1767744000000, 2.0456216298544008], [1767830400000, 5.73840494175744], [1767916800000, 2.333029696822361], [1768176000000, 3.0976782058304067], [1768262400000, 2.3738243848431684], [1768348800000, 1.899729656109684], [1768435200000, 2.118561758787641], [1768521600000, 1.536312632352812], [1768780800000, 1.5782020227463773], [1768867200000, 1.0890641063567426], [1768953600000, 1.7023712937551438], [1769040000000, 2.197430122108741], [1769126400000, 1.4665702059358496], [1769385600000, 1.45084749734196]]}