{"margin_balance": [[1750636800000, 1.13752], [1751241600000, 1.13005], [1751846400000, 1.10448], [1752451200000, 1.12995], [1753056000000, 1.205085], [1753660800000, 1.19505], [1754265600000, 1.175805], [1754870400000, 1.134265], [1755475200000, 1.08537], [1756080000000, 0.95013], [1756684800000, 1.0257], [1757289600000, 1.026375], [1757894400000, 0.93585], [1758499200000, 0.9462], [1759104000000, 0.91868], [1759708800000, 0.813855], [1760313600000, 0.791245], [1760918400000, 0.729225], [1761523200000, 0.74253], [1762128000000, 0.7176], [1762732800000, 0.716855], [1763337600000, 0.711015], [1763942400000, 0.7904], [1764547200000, 0.8453], [1765152000000, 0.87571], [1765756800000, 0.91287], [1766361600000, 0.910025], [1766966400000, 0.942205], [1767571200000, 0.78727], [1768176000000, 0.82485], [1768780800000, 0.788895], [1769385600000, 0.767745], [1769990400000, 0.79323], [1770595200000, 0.84456], [1771200000000, 0.82346], [1771804800000, 0.79576], [1771891200000, 0.815955], [1771977600000, 0.799995], [1772064000000, 0.81789], [1772409600000, 0.80586], [1772496000000, 0.80595], [1772582400000, 0.78376], [1772668800000, 0.79398], [1772755200000, 0.77212], [1773014400000, 0.7144], [1773100800000, 0.718185], [1773187200000, 0.72912], [1773273600000, 0.73905], [1773360000000, 0.741], [1773619200000, 0.72369], [1773705600000, 0.732725], [1773792000000, 0.7289], [1773878400000, 0.68129], [1773964800000, 0.68129], [1774224000000, 0.67125], [1774310400000, 0.673365], [1774396800000, 0.6822], [1774483200000, 0.67875], [1774569600000, 0.68056], [1774828800000, 0.6586], [1774915200000, 0.6278], [1775001600000, 0.63984], [1775088000000, 0.63135], [1775520000000, 0.63112], [1775606400000, 0.65236], [1775692800000, 0.649985], [1775779200000, 0.650325], [1776038400000, 0.6417], [1776124800000, 0.65131], [1776211200000, 0.65664]], "closing_price": [[1750636800000, 236.0], [1751241600000, 242.5], [1751846400000, 234.0], [1752451200000, 243.0], [1753056000000, 241.5], [1753660800000, 232.5], [1754265600000, 238.5], [1754870400000, 251.5], [1755475200000, 253.0], [1756080000000, 243.0], [1756684800000, 263.0], [1757289600000, 262.5], [1757894400000, 255.0], [1758499200000, 249.0], [1759104000000, 238.0], [1759708800000, 241.5], [1760313600000, 240.5], [1760918400000, 231.5], [1761523200000, 233.5], [1762128000000, 230.0], [1762732800000, 230.5], [1763337600000, 221.5], [1763942400000, 208.0], [1764547200000, 214.0], [1765152000000, 209.0], [1765756800000, 207.0], [1766361600000, 204.5], [1766966400000, 203.5], [1767571200000, 210.5], [1768176000000, 211.5], [1768780800000, 211.5], [1769385600000, 211.5], [1769990400000, 205.5], [1770595200000, 207.0], [1771200000000, 209.0], [1771804800000, 203.0], [1771891200000, 199.5], [1771977600000, 199.5], [1772064000000, 205.5], [1772409600000, 203.5], [1772496000000, 199.0], [1772582400000, 194.0], [1772668800000, 198.0], [1772755200000, 194.0], [1773014400000, 188.0], [1773100800000, 190.5], [1773187200000, 196.0], [1773273600000, 195.0], [1773360000000, 195.0], [1773619200000, 193.5], [1773705600000, 197.5], [1773792000000, 197.0], [1773878400000, 193.0], [1773964800000, 193.0], [1774224000000, 187.5], [1774310400000, 185.5], [1774396800000, 189.5], [1774483200000, 187.5], [1774569600000, 188.0], [1774828800000, 185.0], [1774915200000, 182.5], [1775001600000, 186.0], [1775088000000, 183.0], [1775520000000, 184.0], [1775606400000, 188.0], [1775692800000, 189.5], [1775779200000, 188.5], [1776038400000, 186.0], [1776124800000, 191.0], [1776211200000, 192.0]], "margin_ratio": [[1750636800000, 1.407299270072993], [1751241600000, 1.3980576518619325], [1751846400000, 1.3664233576642335], [1752451200000, 1.3979339354200173], [1753056000000, 1.4908882840529505], [1753660800000, 1.4784733391067673], [1754265600000, 1.4546641098602004], [1754870400000, 1.4032722998886553], [1755475200000, 1.342781145614252], [1756080000000, 1.1754670295682297], [1756684800000, 1.2689595447234938], [1757289600000, 1.269794630706421], [1757894400000, 1.157800321662749], [1758499200000, 1.1706049734009651], [1759104000000, 1.1365582085859212], [1759708800000, 1.0068724483483855], [1760313600000, 0.9789001608313745], [1760918400000, 0.9021712235556105], [1761523200000, 0.9186316961524187], [1762128000000, 0.8877891871829767], [1762732800000, 0.886867499690709], [1763337600000, 0.8796424594828652], [1763942400000, 0.9778547568971917], [1764547200000, 1.0457750835085984], [1765152000000, 1.0833972534949894], [1765756800000, 1.1293702833106518], [1766361600000, 1.1258505505381666], [1766966400000, 1.1656625015464555], [1767571200000, 0.973982432265248], [1768176000000, 1.0204750711369541], [1768780800000, 0.975992824446369], [1769385600000, 0.9498267969813189], [1769990400000, 0.9813559322033899], [1770595200000, 1.0448595818384263], [1771200000000, 1.0187554125943337], [1771804800000, 0.9844859581838428], [1771891200000, 1.0094704936286032], [1771977600000, 0.9897253494989485], [1772064000000, 1.011864406779661], [1772409600000, 0.9969813188172709], [1772496000000, 0.9970926636149945], [1772582400000, 0.969639985154027], [1772668800000, 0.9822838055177533], [1772755200000, 0.9552393913151057], [1773014400000, 0.8838302610416925], [1773100800000, 0.8885129283681801], [1773187200000, 0.9020413212915998], [1773273600000, 0.9143263639737722], [1773360000000, 0.9167388345911172], [1773619200000, 0.8953235184956082], [1773705600000, 0.9065012990226402], [1773792000000, 0.9017691451193863], [1773878400000, 0.8428677471235926], [1773964800000, 0.8428677471235926], [1774224000000, 0.8304466163553136], [1774310400000, 0.8330632191018187], [1774396800000, 0.8439935667450206], [1774483200000, 0.8397253494989484], [1774569600000, 0.8419646170976123], [1774828800000, 0.8147964864530497], [1774915200000, 0.7766918223431895], [1775001600000, 0.791587281949771], [1775088000000, 0.7810837560311765], [1775520000000, 0.7807992082147718], [1775606400000, 0.8070765804775455], [1775692800000, 0.8041383149820611], [1775779200000, 0.8045589508845726], [1776038400000, 0.7938884077693926], [1776124800000, 0.8057775578374365], [1776211200000, 0.8123716441915131]]}