{"margin_balance": [[1764201600000, 285.1733], [1764288000000, 244.5521], [1764547200000, 231.66325], [1764633600000, 159.2679], [1764720000000, 236.7828], [1764806400000, 150.9826], [1764892800000, 137.4], [1765152000000, 134.6889], [1765238400000, 79.19515], [1765324800000, 195.041], [1765411200000, 184.5], [1765497600000, 102.6093], [1765756800000, 85.3254], [1765843200000, 156.5832], [1765929600000, 137.49645], [1766016000000, 110.8646], [1766102400000, 96.292], [1766361600000, 64.81265], [1766448000000, 85.008], [1766534400000, 70.7766], [1766707200000, 114.7223], [1766966400000, 106.488], [1767052800000, 107.8224], [1767139200000, 103.86675], [1767312000000, 147.03745], [1767571200000, 182.5032], [1767657600000, 362.181], [1767744000000, 139.682], [1767830400000, 391.8378], [1767916800000, 159.3072], [1768176000000, 211.52], [1768262400000, 162.0928], [1768348800000, 129.72], [1768435200000, 144.6626], [1768521600000, 104.90465], [1768780800000, 107.765], [1768867200000, 74.365], [1768953600000, 116.2437], [1769040000000, 150.048], [1769126400000, 100.1424], [1769385600000, 99.0688], [1769472000000, 116.23225], [1769558400000, 200.9394], [1769644800000, 119.95995], [1769731200000, 100.3749], [1769990400000, 148.3421], [1770076800000, 140.4366], [1770163200000, 184.49], [1770249600000, 208.7625], [1770336000000, 141.35905], [1770595200000, 131.5491], [1770681600000, 182.748], [1770768000000, 412.1097], [1771804800000, 264.2244], [1771891200000, 197.868], [1771977600000, 216.9005], [1772064000000, 389.3312], [1772409600000, 1065.5736], [1772496000000, 631.1408], [1772582400000, 449.9145], [1772668800000, 225.3438], [1772755200000, 179.8348], [1773014400000, 300.1188], [1773100800000, 210.0856], [1773187200000, 229.0968], [1773273600000, 211.13295], [1773360000000, 1104.345], [1773619200000, 279.2505], [1773705600000, 272.6196], [1773792000000, 289.12845], [1773878400000, 530.5245], [1773964800000, 279.136], [1774224000000, 286.26], [1774310400000, 612.56475], [1774396800000, 179.5255], [1774483200000, 168.45735]], "closing_price": [[1764201600000, 2710.0], [1764288000000, 2990.0], [1764547200000, 2975.0], [1764633600000, 2890.0], [1764720000000, 2920.0], [1764806400000, 3070.0], [1764892800000, 3000.0], [1765152000000, 2955.0], [1765238400000, 2965.0], [1765324800000, 2980.0], [1765411200000, 3125.0], [1765497600000, 3165.0], [1765756800000, 3105.0], [1765843200000, 3180.0], [1765929600000, 3185.0], [1766016000000, 3220.0], [1766102400000, 3325.0], [1766361600000, 3295.0], [1766448000000, 3300.0], [1766534400000, 3295.0], [1766707200000, 3290.0], [1766966400000, 3400.0], [1767052800000, 3360.0], [1767139200000, 3445.0], [1767312000000, 3395.0], [1767571200000, 3410.0], [1767657600000, 3335.0], [1767744000000, 3310.0], [1767830400000, 3310.0], [1767916800000, 3120.0], [1768176000000, 3305.0], [1768262400000, 3440.0], [1768348800000, 3450.0], [1768435200000, 3460.0], [1768521600000, 3505.0], [1768780800000, 3500.0], [1768867200000, 3475.0], [1768953600000, 3495.0], [1769040000000, 3600.0], [1769126400000, 3720.0], [1769385600000, 3730.0], [1769472000000, 3775.0], [1769558400000, 3810.0], [1769644800000, 3795.0], [1769731200000, 3765.0], [1769990400000, 3730.0], [1770076800000, 3810.0], [1770163200000, 3800.0], [1770249600000, 3750.0], [1770336000000, 3665.0], [1770595200000, 3765.0], [1770681600000, 3880.0], [1770768000000, 4065.0], [1771804800000, 4440.0], [1771891200000, 4400.0], [1771977600000, 4610.0], [1772064000000, 4790.0], [1772409600000, 4760.0], [1772496000000, 4330.0], [1772582400000, 4050.0], [1772668800000, 4180.0], [1772755200000, 4190.0], [1773014400000, 3830.0], [1773100800000, 4195.0], [1773187200000, 4230.0], [1773273600000, 4315.0], [1773360000000, 4365.0], [1773619200000, 3995.0], [1773705600000, 4180.0], [1773792000000, 4355.0], [1773878400000, 4345.0], [1773964800000, 4160.0], [1774224000000, 3900.0], [1774310400000, 4005.0], [1774396800000, 3850.0], [1774483200000, 3935.0]], "margin_ratio": [[1764201600000, 4.100681737459898], [1764288000000, 3.5165645953792546], [1764547200000, 3.3312279183065416], [1764633600000, 2.290210790749307], [1764720000000, 3.4048450668580115], [1764806400000, 2.1710713818376854], [1764892800000, 1.9757588481354675], [1765152000000, 1.936774278898349], [1765238400000, 1.1387956211202006], [1765324800000, 2.8046141302706675], [1765411200000, 2.653038627954831], [1765497600000, 1.4754820405821443], [1765756800000, 1.2269462446921253], [1765843200000, 2.2516058432996036], [1765929600000, 1.9771457618247155], [1766016000000, 1.5941900610989763], [1766102400000, 1.3846417103687079], [1766361600000, 0.9319808348515809], [1766448000000, 1.2223821554752534], [1766534400000, 1.0177401287550563], [1766707200000, 1.6496622947849457], [1766966400000, 1.531256246144466], [1767052800000, 1.5504444019446988], [1767139200000, 1.493563685149742], [1767312000000, 2.114341650980905], [1767571200000, 2.6243254163976477], [1767657600000, 5.20802267377403], [1767744000000, 2.008573125365781], [1767830400000, 5.634475985327043], [1767916800000, 2.2907759095464812], [1768176000000, 3.0415757755284867], [1768262400000, 2.330831759963994], [1768348800000, 1.8653234190693802], [1768435200000, 2.080192226668718], [1768521600000, 1.5084882856481396], [1768780800000, 1.5496190121493352], [1768867200000, 1.0693399326171327], [1768953600000, 1.6715394382460325], [1769040000000, 2.15763219537868], [1769126400000, 1.4400089728786116], [1769385600000, 1.4245710201904147], [1769472000000, 1.6713747916753543], [1769558400000, 2.8894308405315283], [1769644800000, 1.7249776756505697], [1769731200000, 1.4433522329382296], [1769990400000, 2.1331020132896383], [1770076800000, 2.019423981456051], [1770163200000, 2.652894831823234], [1770249600000, 3.0019239922407603], [1770336000000, 2.032688455615167], [1770595200000, 1.8916251694996902], [1770681600000, 2.6278455456991296], [1770768000000, 5.925978065338086], [1771804800000, 3.799444659339774], [1771891200000, 2.8452652966729888], [1771977600000, 3.118945284133966], [1772064000000, 5.598432046981072], [1772409600000, 15.322536161132192], [1772496000000, 9.075560553269996], [1772582400000, 6.4695964649159], [1772668800000, 3.2403566719248116], [1772755200000, 2.5859548566424464], [1773014400000, 4.315592245937401], [1773100800000, 3.0209496584122895], [1773187200000, 3.2943233601129664], [1773273600000, 3.0360101462550455], [1773360000000, 15.880053894790121], [1773619200000, 4.015514164637943], [1773705600000, 3.920164387737641], [1773792000000, 4.157555264448275], [1773878400000, 7.628737081715027], [1773964800000, 4.013867698931164], [1774224000000, 4.116308063080487], [1774310400000, 8.80844414023574], [1774396800000, 2.581507242292168], [1774483200000, 2.4223515268992233]]}