{"margin_balance": [[1763337600000, 0.89352], [1763424000000, 0.18952600000000003], [1763510400000, 0.083664], [1763596800000, 0.07623], [1763683200000, 0.166896], [1763942400000, 0.201985], [1764028800000, 0.08976], [1764115200000, 0.060695], [1764201600000, 0.137], [1764288000000, 0.138305], [1764547200000, 0.03571200000000001], [1764633600000, 0.090545], [1764720000000, 0.270875], [1764806400000, 0.047775], [1764892800000, 0.031072], [1765152000000, 0.069083], [1765238400000, 0.24363899999999997], [1765324800000, 0.072457], [1765411200000, 0.08789], [1765497600000, 0.08303699999999999], [1765756800000, 0.0466], [1765843200000, 0.010043], [1765929600000, 0.08784], [1766016000000, 0.015385], [1766102400000, 0.014912], [1766361600000, 0.04545], [1766448000000, 0.01456], [1766534400000, 0.067379], [1766707200000, 0.02852], [1766966400000, 0.01656], [1767052800000, 0.070528], [1767139200000, 0.02883], [1767312000000, 0.028799], [1767571200000, 0.026796000000000004], [1767657600000, 0.02733], [1767744000000, 0.064255], [1767830400000, 0.02534], [1767916800000, 0.01844], [1768176000000, 0.03185], [1768262400000, 0.024435], [1768348800000, 0.038829], [1768435200000, 0.011856000000000002], [1768521600000, 0.02668], [1768780800000, 0.022875], [1768867200000, 0.017138], [1768953600000, 0.008199], [1769040000000, 0.012683999999999997], [1769126400000, 0.010871999999999998], [1769385600000, 0.04732], [1769472000000, 0.0182], [1769558400000, 0.062376], [1769644800000, 0.0387], [1769731200000, 0.041877]], "closing_price": [[1763337600000, 102.0], [1763424000000, 98.2], [1763510400000, 99.6], [1763596800000, 99.0], [1763683200000, 97.6], [1763942400000, 101.5], [1764028800000, 102.0], [1764115200000, 99.5], [1764201600000, 100.0], [1764288000000, 99.5], [1764547200000, 99.2], [1764633600000, 99.5], [1764720000000, 98.5], [1764806400000, 97.5], [1764892800000, 97.1], [1765152000000, 97.3], [1765238400000, 96.3], [1765324800000, 94.1], [1765411200000, 93.5], [1765497600000, 93.3], [1765756800000, 93.2], [1765843200000, 91.3], [1765929600000, 91.5], [1766016000000, 90.5], [1766102400000, 93.2], [1766361600000, 90.9], [1766448000000, 91.0], [1766534400000, 92.3], [1766707200000, 92.0], [1766966400000, 92.0], [1767052800000, 92.8], [1767139200000, 93.0], [1767312000000, 92.9], [1767571200000, 92.4], [1767657600000, 91.1], [1767744000000, 90.5], [1767830400000, 90.5], [1767916800000, 92.2], [1768176000000, 91.0], [1768262400000, 90.5], [1768348800000, 90.3], [1768435200000, 91.2], [1768521600000, 92.0], [1768780800000, 91.5], [1768867200000, 90.2], [1768953600000, 91.1], [1769040000000, 90.6], [1769126400000, 90.6], [1769385600000, 91.0], [1769472000000, 91.0], [1769558400000, 90.4], [1769644800000, 90.0], [1769731200000, 89.1]], "margin_ratio": [[1763337600000, 3.300775766531215], [1763424000000, 0.7001329885482084], [1763510400000, 0.3090653860362024], [1763596800000, 0.28160325083117843], [1763683200000, 0.6165349094939047], [1763942400000, 0.7461581086073144], [1764028800000, 0.33158478019948284], [1764115200000, 0.22421499815293683], [1764201600000, 0.5060953084595494], [1764288000000, 0.510916143332102], [1764547200000, 0.13192463982268196], [1764633600000, 0.33448466937569266], [1764720000000, 1.000646472109346], [1764806400000, 0.1764868858514961], [1764892800000, 0.11478389360916144], [1765152000000, 0.2552013298854821], [1765238400000, 0.9000332471370519], [1765324800000, 0.2676653121536756], [1765411200000, 0.3246767639453269], [1765497600000, 0.30674916882157366], [1765756800000, 0.1721462874030292], [1765843200000, 0.037100110823790174], [1765929600000, 0.32449205762837086], [1766016000000, 0.056834133727373476], [1766102400000, 0.05508681196896934], [1766361600000, 0.16789804211304024], [1766448000000, 0.053786479497598814], [1766534400000, 0.24890653860362022], [1766707200000, 0.10535648319172515], [1766966400000, 0.06117473217584041], [1767052800000, 0.26053934244551163], [1767139200000, 0.1065016623568526], [1767312000000, 0.10638714444033986], [1767571200000, 0.09898780938308092], [1767657600000, 0.1009604728481714], [1767744000000, 0.2373660879202069], [1767830400000, 0.09360916143332103], [1767916800000, 0.06811968969338751], [1768176000000, 0.11765792390099743], [1768262400000, 0.09026597709641669], [1768348800000, 0.14343923162172148], [1768435200000, 0.04379756187661619], [1768521600000, 0.09855929072774287], [1768780800000, 0.08450314000738826], [1768867200000, 0.06330993719985224], [1768953600000, 0.030288141854451424], [1769040000000, 0.04685629848540819], [1769126400000, 0.04016254155892131], [1769385600000, 0.17480605836719615], [1769472000000, 0.06723309937199853], [1769558400000, 0.2304248245289989], [1769644800000, 0.14296268932397488], [1769731200000, 0.15469892870336163]]}