{"margin_balance": [[1763337600000, 0.89352], [1763424000000, 0.18952600000000003], [1763510400000, 0.083664], [1763596800000, 0.07623], [1763683200000, 0.166896], [1763942400000, 0.201985], [1764028800000, 0.08976], [1764115200000, 0.060695], [1764201600000, 0.137], [1764288000000, 0.138305], [1764547200000, 0.03571200000000001], [1764633600000, 0.090545], [1764720000000, 0.270875], [1764806400000, 0.047775], [1764892800000, 0.031072], [1765152000000, 0.069083], [1765238400000, 0.24363899999999997], [1765324800000, 0.072457], [1765411200000, 0.08789], [1765497600000, 0.08303699999999999], [1765756800000, 0.0466], [1765843200000, 0.010043], [1765929600000, 0.08784], [1766016000000, 0.015385], [1766102400000, 0.014912], [1766361600000, 0.04545], [1766448000000, 0.01456], [1766534400000, 0.067379], [1766707200000, 0.02852], [1766966400000, 0.01656], [1767052800000, 0.070528], [1767139200000, 0.02883], [1767312000000, 0.028799], [1767571200000, 0.026796000000000004], [1767657600000, 0.02733], [1767744000000, 0.064255], [1767830400000, 0.02534], [1767916800000, 0.01844], [1768176000000, 0.03185], [1768262400000, 0.024435], [1768348800000, 0.038829], [1768435200000, 0.011856000000000002], [1768521600000, 0.02668], [1768780800000, 0.022875], [1768867200000, 0.017138], [1768953600000, 0.008199], [1769040000000, 0.012683999999999997], [1769126400000, 0.010871999999999998], [1769385600000, 0.04732], [1769472000000, 0.0182], [1769558400000, 0.062376], [1769644800000, 0.0387], [1769731200000, 0.041877], [1769990400000, 0.01068], [1770076800000, 0.007128], [1770163200000, 0.007104], [1770249600000, 0.01232], [1770336000000, 0.01513], [1770595200000, 0.01068], [1770681600000, 0.028384], [1770768000000, 0.032708], [1771804800000, 0.018921], [1771891200000, 0.0099], [1771977600000, 0.03588], [1772064000000, 0.019756], [1772409600000, 0.018963], [1772496000000, 0.0445], [1772582400000, 0.01232], [1772668800000, 0.015504], [1772755200000, 0.01513], [1773014400000, 0.023922], [1773100800000, 0.00908], [1773187200000, 0.024165], [1773273600000, 0.003568], [1773360000000, 0.16213199999999997], [1773619200000, 0.068925], [1773705600000, 0.03276], [1773792000000, 0.04232], [1773878400000, 0.05508]], "closing_price": [[1763337600000, 102.0], [1763424000000, 98.2], [1763510400000, 99.6], [1763596800000, 99.0], [1763683200000, 97.6], [1763942400000, 101.5], [1764028800000, 102.0], [1764115200000, 99.5], [1764201600000, 100.0], [1764288000000, 99.5], [1764547200000, 99.2], [1764633600000, 99.5], [1764720000000, 98.5], [1764806400000, 97.5], [1764892800000, 97.1], [1765152000000, 97.3], [1765238400000, 96.3], [1765324800000, 94.1], [1765411200000, 93.5], [1765497600000, 93.3], [1765756800000, 93.2], [1765843200000, 91.3], [1765929600000, 91.5], [1766016000000, 90.5], [1766102400000, 93.2], [1766361600000, 90.9], [1766448000000, 91.0], [1766534400000, 92.3], [1766707200000, 92.0], [1766966400000, 92.0], [1767052800000, 92.8], [1767139200000, 93.0], [1767312000000, 92.9], [1767571200000, 92.4], [1767657600000, 91.1], [1767744000000, 90.5], [1767830400000, 90.5], [1767916800000, 92.2], [1768176000000, 91.0], [1768262400000, 90.5], [1768348800000, 90.3], [1768435200000, 91.2], [1768521600000, 92.0], [1768780800000, 91.5], [1768867200000, 90.2], [1768953600000, 91.1], [1769040000000, 90.6], [1769126400000, 90.6], [1769385600000, 91.0], [1769472000000, 91.0], [1769558400000, 90.4], [1769644800000, 90.0], [1769731200000, 89.1], [1769990400000, 89.0], [1770076800000, 89.1], [1770163200000, 88.8], [1770249600000, 88.0], [1770336000000, 89.0], [1770595200000, 89.0], [1770681600000, 88.7], [1770768000000, 88.4], [1771804800000, 90.1], [1771891200000, 90.0], [1771977600000, 89.7], [1772064000000, 89.8], [1772409600000, 90.3], [1772496000000, 89.0], [1772582400000, 88.0], [1772668800000, 91.2], [1772755200000, 89.0], [1773014400000, 88.6], [1773100800000, 90.8], [1773187200000, 89.5], [1773273600000, 89.2], [1773360000000, 91.6], [1773619200000, 91.9], [1773705600000, 91.0], [1773792000000, 92.0], [1773878400000, 91.8]], "margin_ratio": [[1763337600000, 3.174138543516874], [1763424000000, 0.6732717584369451], [1763510400000, 0.29720781527531087], [1763596800000, 0.2707992895204263], [1763683200000, 0.5928809946714032], [1763942400000, 0.71753108348135], [1764028800000, 0.3188632326820604], [1764115200000, 0.2156127886323268], [1764201600000, 0.48667850799289525], [1764288000000, 0.4913143872113677], [1764547200000, 0.12686323268206043], [1764633600000, 0.32165186500888104], [1764720000000, 0.9622557726465364], [1764806400000, 0.1697158081705151], [1764892800000, 0.11038010657193607], [1765152000000, 0.24541030195381888], [1765238400000, 0.8655026642984013], [1765324800000, 0.25739609236234456], [1765411200000, 0.3122202486678508], [1765497600000, 0.2949804618117229], [1765756800000, 0.1655417406749556], [1765843200000, 0.03567673179396092], [1765929600000, 0.3120426287744228], [1766016000000, 0.054653641207815275], [1766102400000, 0.052973357015985795], [1766361600000, 0.1614564831261101], [1766448000000, 0.05172291296625223], [1766534400000, 0.2393570159857904], [1766707200000, 0.10131438721136768], [1766966400000, 0.058827708703374774], [1767052800000, 0.25054351687388987], [1767139200000, 0.10241563055062167], [1767312000000, 0.10230550621669629], [1767571200000, 0.09519005328596804], [1767657600000, 0.09708703374777976], [1767744000000, 0.228259325044405], [1767830400000, 0.09001776198934282], [1767916800000, 0.06550621669626999], [1768176000000, 0.11314387211367676], [1768262400000, 0.08680284191829485], [1768348800000, 0.1379360568383659], [1768435200000, 0.04211722912966253], [1768521600000, 0.09477797513321493], [1768780800000, 0.08126110124333927], [1768867200000, 0.060880994671403205], [1768953600000, 0.029126110124333925], [1769040000000, 0.045058614564831255], [1769126400000, 0.03862166962699822], [1769385600000, 0.16809946714031973], [1769472000000, 0.06465364120781528], [1769558400000, 0.22158436944937834], [1769644800000, 0.13747779751332148], [1769731200000, 0.14876376554174067], [1769990400000, 0.03793960923623446], [1770076800000, 0.025321492007104797], [1770163200000, 0.025236234458259326], [1770249600000, 0.04376554174067495], [1770336000000, 0.05374777975133215], [1770595200000, 0.03793960923623446], [1770681600000, 0.10083126110124335], [1770768000000, 0.11619182948490231], [1771804800000, 0.06721492007104796], [1771891200000, 0.035168738898756664], [1771977600000, 0.12746003552397872], [1772064000000, 0.07018117229129663], [1772409600000, 0.06736412078152754], [1772496000000, 0.15808170515097691], [1772582400000, 0.04376554174067495], [1772668800000, 0.05507637655417407], [1772755200000, 0.05374777975133215], [1773014400000, 0.08498046181172292], [1773100800000, 0.03225577264653641], [1773187200000, 0.0858436944937833], [1773273600000, 0.012674955595026642], [1773360000000, 0.5759573712255772], [1773619200000, 0.24484902309058615], [1773705600000, 0.11637655417406749], [1773792000000, 0.15033747779751333], [1773878400000, 0.19566607460035526]]}