{"margin_balance": [[1764201600000, 285.1733], [1764288000000, 244.5521], [1764547200000, 231.66325], [1764633600000, 159.2679], [1764720000000, 236.7828], [1764806400000, 150.9826], [1764892800000, 137.4], [1765152000000, 134.6889], [1765238400000, 79.19515], [1765324800000, 195.041], [1765411200000, 184.5], [1765497600000, 102.6093], [1765756800000, 85.3254], [1765843200000, 156.5832], [1765929600000, 137.49645], [1766016000000, 110.8646], [1766102400000, 96.292], [1766361600000, 64.81265], [1766448000000, 85.008], [1766534400000, 70.7766], [1766707200000, 114.7223], [1766966400000, 106.488], [1767052800000, 107.8224], [1767139200000, 103.86675], [1767312000000, 147.03745], [1767571200000, 182.5032], [1767657600000, 362.181], [1767744000000, 139.682], [1767830400000, 391.8378], [1767916800000, 159.3072], [1768176000000, 211.52], [1768262400000, 162.0928], [1768348800000, 129.72], [1768435200000, 144.6626], [1768521600000, 104.90465], [1768780800000, 107.765], [1768867200000, 74.365], [1768953600000, 116.2437], [1769040000000, 150.048], [1769126400000, 100.1424], [1769385600000, 99.0688], [1769472000000, 116.23225], [1769558400000, 200.9394], [1769644800000, 119.95995], [1769731200000, 100.3749], [1769990400000, 148.3421], [1770076800000, 140.4366], [1770163200000, 184.49], [1770249600000, 208.7625], [1770336000000, 141.35905], [1770595200000, 131.5491], [1770681600000, 182.748], [1770768000000, 412.1097], [1771804800000, 264.2244]], "closing_price": [[1764201600000, 2710.0], [1764288000000, 2990.0], [1764547200000, 2975.0], [1764633600000, 2890.0], [1764720000000, 2920.0], [1764806400000, 3070.0], [1764892800000, 3000.0], [1765152000000, 2955.0], [1765238400000, 2965.0], [1765324800000, 2980.0], [1765411200000, 3125.0], [1765497600000, 3165.0], [1765756800000, 3105.0], [1765843200000, 3180.0], [1765929600000, 3185.0], [1766016000000, 3220.0], [1766102400000, 3325.0], [1766361600000, 3295.0], [1766448000000, 3300.0], [1766534400000, 3295.0], [1766707200000, 3290.0], [1766966400000, 3400.0], [1767052800000, 3360.0], [1767139200000, 3445.0], [1767312000000, 3395.0], [1767571200000, 3410.0], [1767657600000, 3335.0], [1767744000000, 3310.0], [1767830400000, 3310.0], [1767916800000, 3120.0], [1768176000000, 3305.0], [1768262400000, 3440.0], [1768348800000, 3450.0], [1768435200000, 3460.0], [1768521600000, 3505.0], [1768780800000, 3500.0], [1768867200000, 3475.0], [1768953600000, 3495.0], [1769040000000, 3600.0], [1769126400000, 3720.0], [1769385600000, 3730.0], [1769472000000, 3775.0], [1769558400000, 3810.0], [1769644800000, 3795.0], [1769731200000, 3765.0], [1769990400000, 3730.0], [1770076800000, 3810.0], [1770163200000, 3800.0], [1770249600000, 3750.0], [1770336000000, 3665.0], [1770595200000, 3765.0], [1770681600000, 3880.0], [1770768000000, 4065.0], [1771804800000, 4440.0]], "margin_ratio": [[1764201600000, 3.4417194277424694], [1764288000000, 2.9514674538788137], [1764547200000, 2.7959136013748855], [1764633600000, 1.9221835481994451], [1764720000000, 2.8577007837524047], [1764806400000, 1.8221893412569485], [1764892800000, 1.6582627103302283], [1765152000000, 1.6255427974191927], [1765238400000, 0.9557959540320886], [1765324800000, 2.353924434392417], [1765411200000, 2.2267064778451755], [1765497600000, 1.23837828182742], [1765756800000, 1.0297811431150719], [1765843200000, 1.8897822534510933], [1765929600000, 1.6594267528223052], [1766016000000, 1.338010422675958], [1766102400000, 1.1621356106486052], [1766361600000, 0.7822154341534533], [1766448000000, 1.02595048384099], [1766534400000, 0.854193570188926], [1766707200000, 1.38456850169809], [1766966400000, 1.2851898071153227], [1767052800000, 1.3012945069745996], [1767139200000, 1.253554282155693], [1767312000000, 1.7745758395709275], [1767571200000, 2.202607358631293], [1767657600000, 4.371115332533569], [1767744000000, 1.6858038712106764], [1767830400000, 4.729039390377249], [1767916800000, 1.9226578547825306], [1768176000000, 2.5528073398038567], [1768262400000, 1.9562768984935637], [1768348800000, 1.5655737902768356], [1768435200000, 1.7459140841296774], [1768521600000, 1.2660805621196796], [1768780800000, 1.3006017538481591], [1768867200000, 0.8975015025742898], [1768953600000, 1.4029300802097087], [1769040000000, 1.8109097755431594], [1769126400000, 1.2086055869212071], [1769385600000, 1.1956484483054097], [1769472000000, 1.4027918916505142], [1769558400000, 2.42511145601259], [1769644800000, 1.447781017598826], [1769731200000, 1.211411599149386], [1769990400000, 1.790321490553695], [1770076800000, 1.6949110403607142], [1770163200000, 2.2265857891471894], [1770249600000, 2.519527431334165], [1770336000000, 1.7060439693064502], [1770595200000, 1.5876489600254895], [1770681600000, 2.205561817957995], [1770768000000, 4.973698312047869], [1771804800000, 3.1888898812181834]]}