{"margin_balance": [[1759708800000, 0.03838], [1760313600000, 0.013622], [1760918400000, 0.01536], [1761523200000, 0.01536], [1762128000000, 0.00943], [1762732800000, 0.00935], [1763337600000, 0.00918], [1763942400000, 0.00901], [1764547200000, 0.00828], [1765152000000, 0.008289], [1765756800000, 0.006391], [1766361600000, 0.00448], [1766966400000, 0.004475], [1767571200000, 0.004495], [1768176000000, 0.006904], [1768780800000, 0.050128], [1769385600000, 0.02205], [1769990400000, 0.02616], [1770595200000, 0.022307999999999995], [1771200000000, 0.022032], [1771804800000, 0.02581], [1771891200000, 0.026071000000000004], [1771977600000, 0.02697], [1772064000000, 0.02759], [1772409600000, 0.0306], [1772496000000, 0.0315], [1772582400000, 0.031104], [1772668800000, 0.03476], [1772755200000, 0.03612], [1773014400000, 0.036034], [1773100800000, 0.035732999999999994], [1773187200000, 0.036765], [1773273600000, 0.035991], [1773360000000, 0.036034], [1773619200000, 0.03652], [1773705600000, 0.039237999999999995], [1773792000000, 0.038962000000000004], [1773878400000, 0.038134], [1773964800000, 0.03818], [1774224000000, 0.038134], [1774310400000, 0.036476], [1774396800000, 0.037305000000000005], [1774483200000, 0.037306], [1774569600000, 0.037214], [1774828800000, 0.03716799999999999], [1774915200000, 0.037632000000000006], [1775001600000, 0.038493], [1775088000000, 0.0376], [1775520000000, 0.037882], [1775606400000, 0.036388], [1775692800000, 0.037035], [1775779200000, 0.036938], [1776038400000, 0.037214], [1776124800000, 0.036708], [1776211200000, 0.03591]], "closing_price": [[1750636800000, 103.5], [1751241600000, 103.5], [1751846400000, 101.5], [1752451200000, 99.8], [1753056000000, 98.5], [1753660800000, 101.5], [1754265600000, 100.5], [1754870400000, 98.6], [1755475200000, 95.5], [1756080000000, 89.8], [1756684800000, 94.6], [1757289600000, 90.7], [1757894400000, 98.0], [1758499200000, 92.5], [1759104000000, 92.2], [1759708800000, 101.0], [1760313600000, 97.3], [1760918400000, 96.0], [1761523200000, 96.0], [1762128000000, 94.3], [1762732800000, 93.5], [1763337600000, 91.8], [1763942400000, 90.1], [1764547200000, 92.0], [1765152000000, 92.1], [1765756800000, 91.3], [1766361600000, 89.6], [1766966400000, 89.5], [1767571200000, 89.9], [1768176000000, 86.3], [1768780800000, 96.4], [1769385600000, 88.2], [1769990400000, 87.2], [1770595200000, 85.8], [1771200000000, 91.8], [1771804800000, 89.0], [1771891200000, 89.9], [1771977600000, 89.9], [1772064000000, 89.0], [1772409600000, 90.0], [1772496000000, 90.0], [1772582400000, 86.4], [1772668800000, 86.9], [1772755200000, 86.0], [1773014400000, 83.8], [1773100800000, 83.1], [1773187200000, 85.5], [1773273600000, 83.7], [1773360000000, 83.8], [1773619200000, 83.0], [1773705600000, 85.3], [1773792000000, 84.7], [1773878400000, 82.9], [1773964800000, 83.0], [1774224000000, 82.9], [1774310400000, 82.9], [1774396800000, 82.9], [1774483200000, 81.1], [1774569600000, 80.9], [1774828800000, 80.8], [1774915200000, 78.4], [1775001600000, 81.9], [1775088000000, 80.0], [1775520000000, 80.6], [1775606400000, 82.7], [1775692800000, 82.3], [1775779200000, 80.3], [1776038400000, 80.9], [1776124800000, 79.8], [1776211200000, 79.8]], "margin_ratio": [[1759708800000, 0.06265099575579497], [1760313600000, 0.022236369572314726], [1760918400000, 0.025073457394711066], [1761523200000, 0.025073457394711066], [1762128000000, 0.015393405158341495], [1762732800000, 0.01526281423441071], [1763337600000, 0.014985308521057788], [1763942400000, 0.014707802807704867], [1764547200000, 0.013516160626836433], [1765152000000, 0.01353085210577865], [1765756800000, 0.010432582435520732], [1766361600000, 0.007313091740124062], [1766966400000, 0.007304929807378387], [1767571200000, 0.0073375775383610845], [1768176000000, 0.011269996735226903], [1768780800000, 0.081828272935031], [1769385600000, 0.03599412340842312], [1769990400000, 0.04270323212536729], [1770595200000, 0.036415279138099894], [1771200000000, 0.035964740450538685], [1771804800000, 0.0421318968331701], [1771891200000, 0.0425579497224943], [1771977600000, 0.044025465230166504], [1772064000000, 0.0450375448906301], [1772409600000, 0.04995102840352595], [1772496000000, 0.05142017629774731], [1772582400000, 0.05077375122428991], [1772668800000, 0.056741756447926874], [1772755200000, 0.05896180215475025], [1773014400000, 0.05882141691152464], [1773100800000, 0.05833006856023505], [1773187200000, 0.060014691478942214], [1773273600000, 0.058751224289911856], [1773360000000, 0.05882141691152464], [1773619200000, 0.05961475677440418], [1773705600000, 0.06405158341495265], [1773792000000, 0.06360104472739145], [1773878400000, 0.062249428664707805], [1773964800000, 0.06232451844596801], [1774224000000, 0.062249428664707805], [1774310400000, 0.05954293176624225], [1774396800000, 0.060896180215475035], [1774483200000, 0.06089781260202416], [1774569600000, 0.06074763303950375], [1774828800000, 0.06067254325824354], [1774915200000, 0.06142997061704213], [1775001600000, 0.06283545543584722], [1775088000000, 0.061377734247469805], [1775520000000, 0.06183806725432583], [1775606400000, 0.05939928174991838], [1775692800000, 0.06045543584720862], [1775779200000, 0.06029709435194255], [1776038400000, 0.06074763303950375], [1776124800000, 0.059921645445641526], [1776211200000, 0.05861900097943193]]}