{"margin_balance": [[1751241600000, 0.05642], [1751846400000, 0.108794], [1752451200000, 0.14261800000000002], [1753056000000, 0.14514], [1753660800000, 0.12214800000000002], [1754265600000, 0.150288], [1754870400000, 0.153819], [1755475200000, 0.180575], [1756080000000, 0.196322], [1756684800000, 0.244655], [1757289600000, 0.254696], [1757894400000, 0.24547600000000003], [1758499200000, 0.267288], [1759104000000, 0.268858], [1759708800000, 0.28236], [1760313600000, 0.279531], [1760918400000, 0.294476], [1761523200000, 0.279747], [1762128000000, 0.272586], [1762732800000, 0.27412499999999995], [1763337600000, 0.243873], [1763942400000, 0.27125], [1764547200000, 0.27945], [1765152000000, 0.270825], [1765756800000, 0.2816], [1766361600000, 0.273462], [1766966400000, 0.27315399999999995], [1767571200000, 0.27703500000000003], [1768176000000, 0.274155], [1768780800000, 0.281615], [1769385600000, 0.39105], [1769472000000, 0.394515], [1769558400000, 0.401098], [1769644800000, 0.3975], [1769731200000, 0.396705], [1769990400000, 0.3937110000000001], [1770076800000, 0.3947089999999999], [1770163200000, 0.39620600000000006], [1770249600000, 0.3947879999999999], [1770336000000, 0.381808], [1770595200000, 0.381321], [1770681600000, 0.38151], [1770768000000, 0.383454], [1771804800000, 0.38042399999999993], [1771891200000, 0.37908], [1771977600000, 0.367104], [1772064000000, 0.34277], [1772409600000, 0.3345], [1772496000000, 0.336284], [1772582400000, 0.32648], [1772668800000, 0.33868799999999993], [1772755200000, 0.359568], [1773014400000, 0.35189], [1773100800000, 0.3544920000000001], [1773187200000, 0.31212], [1773273600000, 0.311762], [1773360000000, 0.32873800000000003], [1773619200000, 0.324064], [1773705600000, 0.321625], [1773792000000, 0.319758], [1773878400000, 0.31529], [1773964800000, 0.31334399999999996], [1774224000000, 0.312528], [1774310400000, 0.304906]], "closing_price": [[1688947200000, 260.0], [1689552000000, 225.0], [1690156800000, 222.0], [1690761600000, 182.0], [1691366400000, 170.5], [1691971200000, 172.0], [1692576000000, 167.5], [1693180800000, 170.0], [1693785600000, 170.0], [1694390400000, 170.0], [1694995200000, 165.0], [1695600000000, 160.5], [1696204800000, 153.0], [1696809600000, 149.5], [1697414400000, 148.0], [1698019200000, 142.0], [1698624000000, 140.0], [1699228800000, 142.0], [1699833600000, 171.5], [1700438400000, 180.0], [1701043200000, 189.0], [1701648000000, 184.5], [1702252800000, 182.0], [1702857600000, 187.5], [1703462400000, 170.0], [1704067200000, 170.0], [1704672000000, 184.5], [1705276800000, 169.0], [1705881600000, 170.0], [1706486400000, 168.0], [1707091200000, 168.0], [1707696000000, 161.5], [1708300800000, 160.0], [1708905600000, 154.0], [1709510400000, 154.0], [1710115200000, 152.0], [1710720000000, 155.0], [1711324800000, 150.5], [1711929600000, 148.0], [1712534400000, 158.0], [1713139200000, 155.0], [1713744000000, 153.0], [1714348800000, 157.0], [1714953600000, 163.5], [1715558400000, 153.5], [1716163200000, 154.0], [1716768000000, 145.0], [1717372800000, 159.5], [1717977600000, 174.0], [1718582400000, 169.0], [1719187200000, 159.0], [1719792000000, 155.5], [1720396800000, 147.0], [1721001600000, 152.5], [1721606400000, 147.0], [1722211200000, 147.5], [1722816000000, 154.0], [1723420800000, 146.5], [1724025600000, 148.0], [1724630400000, 144.5], [1725235200000, 139.0], [1725840000000, 139.5], [1726444800000, 140.0], [1727049600000, 150.0], [1727654400000, 154.0], [1728259200000, 147.0], [1728864000000, 164.0], [1729468800000, 151.0], [1730073600000, 150.0], [1730678400000, 146.0], [1731283200000, 140.0], [1731888000000, 144.5], [1732492800000, 147.0], [1733097600000, 138.0], [1733702400000, 133.0], [1734307200000, 125.0], [1734912000000, 125.0], [1736121600000, 118.5], [1736726400000, 121.0], [1737331200000, 118.0], [1737936000000, 117.0], [1739145600000, 115.0], [1739750400000, 115.0], [1740355200000, 135.0], [1740960000000, 137.5], [1741564800000, 126.5], [1742169600000, 126.0], [1742774400000, 125.0], [1743379200000, 125.0], [1743984000000, 124.0], [1744588800000, 105.0], [1745193600000, 99.5], [1745798400000, 105.5], [1746403200000, 98.5], [1747008000000, 99.5], [1747612800000, 93.6], [1748217600000, 89.6], [1748822400000, 90.7], [1749427200000, 87.9], [1750032000000, 85.5], [1750636800000, 84.5], [1751241600000, 80.6], [1751846400000, 81.8], [1752451200000, 85.4], [1753056000000, 82.0], [1753660800000, 75.4], [1754265600000, 74.4], [1754870400000, 72.9], [1755475200000, 77.5], [1756080000000, 75.8], [1756684800000, 83.5], [1757289600000, 80.6], [1757894400000, 79.7], [1758499200000, 77.7], [1759104000000, 75.1], [1759708800000, 78.0], [1760313600000, 78.3], [1760918400000, 80.9], [1761523200000, 79.7], [1762128000000, 75.3], [1762732800000, 73.1], [1763337600000, 71.1], [1763942400000, 77.5], [1764547200000, 81.0], [1765152000000, 78.5], [1765756800000, 80.0], [1766361600000, 76.6], [1766966400000, 76.3], [1767571200000, 75.9], [1768176000000, 73.5], [1768780800000, 75.5], [1769385600000, 79.0], [1769472000000, 79.7], [1769558400000, 79.9], [1769644800000, 79.5], [1769731200000, 79.5], [1769990400000, 78.9], [1770076800000, 79.1], [1770163200000, 79.4], [1770249600000, 78.8], [1770336000000, 78.4], [1770595200000, 78.3], [1770681600000, 78.5], [1770768000000, 78.9], [1771804800000, 78.6], [1771891200000, 78.0], [1771977600000, 76.8], [1772064000000, 75.5], [1772409600000, 75.0], [1772496000000, 75.4], [1772582400000, 74.2], [1772668800000, 75.6], [1772755200000, 79.2], [1773014400000, 77.0], [1773100800000, 77.4], [1773187200000, 76.5], [1773273600000, 76.6], [1773360000000, 77.9], [1773619200000, 77.9], [1773705600000, 77.5], [1773792000000, 77.8], [1773878400000, 76.9], [1773964800000, 76.8], [1774224000000, 76.6], [1774310400000, 75.1]],