{"margin_balance": [[1751241600000, 0.05642], [1751846400000, 0.108794], [1752451200000, 0.14261800000000002], [1753056000000, 0.14514], [1753660800000, 0.12214800000000002], [1754265600000, 0.150288], [1754870400000, 0.153819], [1755475200000, 0.180575], [1756080000000, 0.196322], [1756684800000, 0.244655], [1757289600000, 0.254696], [1757894400000, 0.24547600000000003], [1758499200000, 0.267288], [1759104000000, 0.268858], [1759708800000, 0.28236], [1760313600000, 0.279531], [1760918400000, 0.294476], [1761523200000, 0.279747], [1762128000000, 0.272586], [1762732800000, 0.27412499999999995], [1763337600000, 0.243873], [1763942400000, 0.27125], [1764547200000, 0.27945], [1765152000000, 0.270825], [1765756800000, 0.2816], [1766361600000, 0.273462], [1766966400000, 0.27315399999999995], [1767571200000, 0.27703500000000003], [1768176000000, 0.274155], [1768780800000, 0.281615], [1769385600000, 0.3976], [1769990400000, 0.396705], [1770595200000, 0.381808], [1771200000000, 0.383454], [1771804800000, 0.38042399999999993], [1771891200000, 0.37908], [1771977600000, 0.367104], [1772064000000, 0.34277], [1772409600000, 0.3345], [1772496000000, 0.336284], [1772582400000, 0.32648], [1772668800000, 0.33868799999999993], [1772755200000, 0.359568], [1773014400000, 0.35189], [1773100800000, 0.3544920000000001], [1773187200000, 0.31212], [1773273600000, 0.311762], [1773360000000, 0.32873800000000003], [1773619200000, 0.324064], [1773705600000, 0.321625], [1773792000000, 0.319758], [1773878400000, 0.31529], [1773964800000, 0.31334399999999996], [1774224000000, 0.312528], [1774310400000, 0.304906], [1774396800000, 0.30865600000000004], [1774483200000, 0.29898], [1774569600000, 0.29406000000000004], [1774828800000, 0.29367], [1774915200000, 0.288949], [1775001600000, 0.29396399999999995], [1775088000000, 0.29008], [1775520000000, 0.288904], [1775606400000, 0.294392], [1775692800000, 0.30810800000000005], [1775779200000, 0.323049], [1776038400000, 0.333594], [1776124800000, 0.337995], [1776211200000, 0.36978200000000006]], "closing_price": [[1750636800000, 84.5], [1751241600000, 80.6], [1751846400000, 81.8], [1752451200000, 85.4], [1753056000000, 82.0], [1753660800000, 75.4], [1754265600000, 74.4], [1754870400000, 72.9], [1755475200000, 77.5], [1756080000000, 75.8], [1756684800000, 83.5], [1757289600000, 80.6], [1757894400000, 79.7], [1758499200000, 77.7], [1759104000000, 75.1], [1759708800000, 78.0], [1760313600000, 78.3], [1760918400000, 80.9], [1761523200000, 79.7], [1762128000000, 75.3], [1762732800000, 73.1], [1763337600000, 71.1], [1763942400000, 77.5], [1764547200000, 81.0], [1765152000000, 78.5], [1765756800000, 80.0], [1766361600000, 76.6], [1766966400000, 76.3], [1767571200000, 75.9], [1768176000000, 73.5], [1768780800000, 75.5], [1769385600000, 80.0], [1769990400000, 79.5], [1770595200000, 78.4], [1771200000000, 78.9], [1771804800000, 78.6], [1771891200000, 78.0], [1771977600000, 76.8], [1772064000000, 75.5], [1772409600000, 75.0], [1772496000000, 75.4], [1772582400000, 74.2], [1772668800000, 75.6], [1772755200000, 79.2], [1773014400000, 77.0], [1773100800000, 77.4], [1773187200000, 76.5], [1773273600000, 76.6], [1773360000000, 77.9], [1773619200000, 77.9], [1773705600000, 77.5], [1773792000000, 77.8], [1773878400000, 76.9], [1773964800000, 76.8], [1774224000000, 76.6], [1774310400000, 75.1], [1774396800000, 76.4], [1774483200000, 75.5], [1774569600000, 75.4], [1774828800000, 75.3], [1774915200000, 73.9], [1775001600000, 74.8], [1775088000000, 74.0], [1775520000000, 73.7], [1775606400000, 75.1], [1775692800000, 78.2], [1775779200000, 77.1], [1776038400000, 77.4], [1776124800000, 77.7], [1776211200000, 85.4]], "margin_ratio": [[1751241600000, 0.18688307386551836], [1751846400000, 0.36036435905929115], [1752451200000, 0.47240145743623724], [1753056000000, 0.480755216959258], [1753660800000, 0.40459754885723753], [1754265600000, 0.49780722093408414], [1754870400000, 0.5095031467373302], [1755475200000, 0.5981285193772773], [1756080000000, 0.6502881748923485], [1756684800000, 0.8103842331897979], [1757289600000, 0.8436435905929114], [1757894400000, 0.8131036767141439], [1758499200000, 0.8853527658164957], [1759104000000, 0.8905531632991057], [1759708800000, 0.9352765816495529], [1760313600000, 0.9259059291156011], [1760918400000, 0.9754090758529314], [1761523200000, 0.9266213978138457], [1762128000000, 0.9029016230539912], [1762732800000, 0.9079993375289829], [1763337600000, 0.8077939715137462], [1763942400000, 0.898476316661146], [1764547200000, 0.9256376283537595], [1765152000000, 0.8970685657502484], [1765756800000, 0.9327591917853595], [1766361600000, 0.9058032461079826], [1766966400000, 0.9047830407419675], [1767571200000, 0.9176382908247765], [1768176000000, 0.908098708181517], [1768780800000, 0.9328088771116263], [1769385600000, 1.3169923815833058], [1769990400000, 1.3140278237827092], [1770595200000, 1.2646836700894335], [1771200000000, 1.2701358065584631], [1771804800000, 1.2600993706525336], [1771891200000, 1.255647565419013], [1771977600000, 1.2159788009274592], [1772064000000, 1.1353759523020868], [1772409600000, 1.1079827757535607], [1772496000000, 1.1138920172242466], [1772582400000, 1.081417687976151], [1772668800000, 1.1218549188473002], [1772755200000, 1.1910168930109308], [1773014400000, 1.165584630672408], [1773100800000, 1.1742033786021864], [1773187200000, 1.0338522689632328], [1773273600000, 1.0326664458429942], [1773360000000, 1.088896985756873], [1773619200000, 1.0734150380920835], [1773705600000, 1.0653362040410732], [1773792000000, 1.059152037098377], [1773878400000, 1.0443524345809871], [1773964800000, 1.037906591586618], [1774224000000, 1.0352037098376945], [1774310400000, 1.009956939383902], [1774396800000, 1.022378270950646], [1774483200000, 0.9903279231533622], [1774569600000, 0.9740311361377941], [1774828800000, 0.9727393176548524], [1774915200000, 0.9571016893010931], [1775001600000, 0.9737131500496852], [1775088000000, 0.9608479629016231], [1775520000000, 0.9569526333222922], [1775606400000, 0.9751308380258363], [1775692800000, 1.0205631003643592], [1775779200000, 1.0700529976813513], [1776038400000, 1.1049817820470356], [1776124800000, 1.1195594567737661], [1776211200000, 1.224849287843657]]}