{"margin_balance": [[1750636800000, 0.01885], [1751241600000, 0.019045], [1751846400000, 0.01995], [1752451200000, 0.020775], [1753056000000, 0.03906], [1753660800000, 0.04155], [1754265600000, 0.09715], [1754870400000, 0.10249], [1755475200000, 0.11297], [1756080000000, 0.10286], [1756684800000, 0.2925], [1757289600000, 0.32589], [1757894400000, 0.30646], [1758499200000, 0.300825], [1759104000000, 0.274725], [1759708800000, 0.25432], [1760313600000, 0.273585], [1760918400000, 0.27448], [1761523200000, 0.25688], [1762128000000, 0.251625], [1762732800000, 0.244125], [1763337600000, 0.2584], [1763942400000, 0.27783], [1764547200000, 0.32724], [1765152000000, 0.30222], [1765756800000, 0.31501], [1766361600000, 0.322875], [1766966400000, 0.31605], [1767571200000, 0.26274], [1768176000000, 0.318], [1768780800000, 0.34937], [1769385600000, 0.328575], [1769990400000, 0.2961], [1770595200000, 0.27384], [1771200000000, 0.27388], [1771804800000, 0.276315], [1771891200000, 0.27221], [1771977600000, 0.2747], [1772064000000, 0.273025], [1772409600000, 0.27378], [1772496000000, 0.26228], [1772582400000, 0.236165], [1772668800000, 0.22344], [1772755200000, 0.3114], [1773014400000, 0.23046], [1773100800000, 0.227285], [1773187200000, 0.22144], [1773273600000, 0.215625], [1773360000000, 0.21798], [1773619200000, 0.207515], [1773705600000, 0.19323], [1773792000000, 0.18576], [1773878400000, 0.2016], [1773964800000, 0.18984], [1774224000000, 0.19754], [1774310400000, 0.193635], [1774396800000, 0.17861], [1774483200000, 0.1859], [1774569600000, 0.18306], [1774828800000, 0.18205], [1774915200000, 0.177085], [1775001600000, 0.17982], [1775088000000, 0.17762], [1775520000000, 0.172725], [1775606400000, 0.173555], [1775692800000, 0.17304], [1775779200000, 0.17819], [1776038400000, 0.16807], [1776124800000, 0.271045], [1776211200000, 0.32078]], "closing_price": [[1750636800000, 145.0], [1751241600000, 146.5], [1751846400000, 142.5], [1752451200000, 138.5], [1753056000000, 139.5], [1753660800000, 138.5], [1754265600000, 145.0], [1754870400000, 138.5], [1755475200000, 143.0], [1756080000000, 139.0], [1756684800000, 150.0], [1757289600000, 153.0], [1757894400000, 154.0], [1758499200000, 157.5], [1759104000000, 148.5], [1759708800000, 144.5], [1760313600000, 149.5], [1760918400000, 146.0], [1761523200000, 152.0], [1762128000000, 152.5], [1762732800000, 139.5], [1763337600000, 152.0], [1763942400000, 147.0], [1764547200000, 151.5], [1765152000000, 146.0], [1765756800000, 144.5], [1766361600000, 143.5], [1766966400000, 147.0], [1767571200000, 151.0], [1768176000000, 159.0], [1768780800000, 161.0], [1769385600000, 168.5], [1769990400000, 164.5], [1770595200000, 163.0], [1771200000000, 164.0], [1771804800000, 163.5], [1771891200000, 167.0], [1771977600000, 167.5], [1772064000000, 167.5], [1772409600000, 169.0], [1772496000000, 166.0], [1772582400000, 158.5], [1772668800000, 168.0], [1772755200000, 180.0], [1773014400000, 167.0], [1773100800000, 173.5], [1773187200000, 173.0], [1773273600000, 172.5], [1773360000000, 173.0], [1773619200000, 171.5], [1773705600000, 171.0], [1773792000000, 172.0], [1773878400000, 168.0], [1773964800000, 169.5], [1774224000000, 166.0], [1774310400000, 165.5], [1774396800000, 168.5], [1774483200000, 169.0], [1774569600000, 169.5], [1774828800000, 165.5], [1774915200000, 165.5], [1775001600000, 166.5], [1775088000000, 166.0], [1775520000000, 164.5], [1775606400000, 168.5], [1775692800000, 168.0], [1775779200000, 173.0], [1776038400000, 171.5], [1776124800000, 179.5], [1776211200000, 186.5]], "margin_ratio": [[1750636800000, 0.024589094703887295], [1751241600000, 0.02484346464909992], [1751846400000, 0.02602400208713801], [1752451200000, 0.02710018262457605], [1753056000000, 0.05095225671797548], [1753660800000, 0.0542003652491521], [1754265600000, 0.12672841116618838], [1754870400000, 0.13369423428124186], [1755475200000, 0.1473649882598487], [1756080000000, 0.13417688494651708], [1756684800000, 0.3815549178189408], [1757289600000, 0.42511087920688756], [1757894400000, 0.39976519697364993], [1758499200000, 0.39241455778763373], [1759104000000, 0.3583681189668667], [1759708800000, 0.3317505870075659], [1760313600000, 0.356881033133316], [1760918400000, 0.35804852595877906], [1761523200000, 0.33509000782676757], [1762128000000, 0.3282350639186016], [1762732800000, 0.3184516044873467], [1763337600000, 0.3370727889381686], [1763942400000, 0.36241847117140624], [1764547200000, 0.4268719019045134], [1765152000000, 0.3942342812418472], [1765756800000, 0.4109183407252805], [1766361600000, 0.42117792851552316], [1766966400000, 0.41227498043308114], [1767571200000, 0.34273415079572134], [1768176000000, 0.4148186798852075], [1768780800000, 0.45573962953300284], [1769385600000, 0.42861335768327685], [1769990400000, 0.38625097834594313], [1770595200000, 0.3572136707539786], [1771200000000, 0.3572658492042787], [1771804800000, 0.3604422123662927], [1771891200000, 0.35508739890425256], [1771977600000, 0.3583355074354292], [1772064000000, 0.35615053482911563], [1772409600000, 0.35713540307852865], [1772496000000, 0.34213409861727107], [1772582400000, 0.3080680928776416], [1772668800000, 0.29146882337594576], [1772755200000, 0.4062092355857031], [1773014400000, 0.30062614140360033], [1773100800000, 0.29648447691103574], [1773187200000, 0.28885990086094443], [1773273600000, 0.28127445864857814], [1773360000000, 0.28434646490999216], [1773619200000, 0.27069527785024783], [1773705600000, 0.2520610487868511], [1773792000000, 0.24231672319332118], [1773878400000, 0.2629793895121315], [1773964800000, 0.24763892512392385], [1774224000000, 0.25768327680667885], [1774310400000, 0.2525893555961388], [1774396800000, 0.2329898252021915], [1774483200000, 0.24249934776937127], [1774569600000, 0.2387946777980694], [1774828800000, 0.23747717192799372], [1774915200000, 0.231000521784503], [1775001600000, 0.2345682233237673], [1775088000000, 0.23169840855726587], [1775520000000, 0.22531307070180012], [1775606400000, 0.2263957735455257], [1775692800000, 0.22572397599791286], [1775779200000, 0.2324419514740412], [1776038400000, 0.21924080354813463], [1776124800000, 0.35356770153926426], [1776211200000, 0.4184450821810593]]}