{"margin_balance": [[1750636800000, 0.01885], [1751241600000, 0.019045], [1751846400000, 0.01995], [1752451200000, 0.020775], [1753056000000, 0.03906], [1753660800000, 0.04155], [1754265600000, 0.09715], [1754870400000, 0.10249], [1755475200000, 0.11297], [1756080000000, 0.10286], [1756684800000, 0.2925], [1757289600000, 0.32589], [1757894400000, 0.30646], [1758499200000, 0.300825], [1759104000000, 0.274725], [1759708800000, 0.25432], [1760313600000, 0.273585], [1760918400000, 0.27448], [1761523200000, 0.25688], [1762128000000, 0.251625], [1762732800000, 0.244125], [1763337600000, 0.2584], [1763942400000, 0.27783], [1764547200000, 0.32724], [1765152000000, 0.30222], [1765756800000, 0.31501], [1766361600000, 0.322875], [1766966400000, 0.31605], [1767571200000, 0.26274], [1768176000000, 0.318], [1768780800000, 0.34937], [1769385600000, 0.328575], [1769990400000, 0.2961], [1770595200000, 0.27384], [1771200000000, 0.27388], [1771804800000, 0.276315], [1771891200000, 0.27221], [1771977600000, 0.2747], [1772064000000, 0.273025], [1772409600000, 0.27378], [1772496000000, 0.26228], [1772582400000, 0.236165], [1772668800000, 0.22344], [1772755200000, 0.3114], [1773014400000, 0.23046], [1773100800000, 0.227285], [1773187200000, 0.22144], [1773273600000, 0.215625], [1773360000000, 0.21798], [1773619200000, 0.207515], [1773705600000, 0.19323], [1773792000000, 0.18576], [1773878400000, 0.2016], [1773964800000, 0.18984], [1774224000000, 0.19754], [1774310400000, 0.193635], [1774396800000, 0.17861], [1774483200000, 0.1859], [1774569600000, 0.18306], [1774828800000, 0.18205], [1774915200000, 0.177085], [1775001600000, 0.17982], [1775088000000, 0.17762], [1775520000000, 0.172725], [1775606400000, 0.173555], [1775692800000, 0.17304], [1775779200000, 0.17819], [1776038400000, 0.16807], [1776124800000, 0.271045], [1776211200000, 0.32078]], "closing_price": [[1750636800000, 145.0], [1751241600000, 146.5], [1751846400000, 142.5], [1752451200000, 138.5], [1753056000000, 139.5], [1753660800000, 138.5], [1754265600000, 145.0], [1754870400000, 138.5], [1755475200000, 143.0], [1756080000000, 139.0], [1756684800000, 150.0], [1757289600000, 153.0], [1757894400000, 154.0], [1758499200000, 157.5], [1759104000000, 148.5], [1759708800000, 144.5], [1760313600000, 149.5], [1760918400000, 146.0], [1761523200000, 152.0], [1762128000000, 152.5], [1762732800000, 139.5], [1763337600000, 152.0], [1763942400000, 147.0], [1764547200000, 151.5], [1765152000000, 146.0], [1765756800000, 144.5], [1766361600000, 143.5], [1766966400000, 147.0], [1767571200000, 151.0], [1768176000000, 159.0], [1768780800000, 161.0], [1769385600000, 168.5], [1769990400000, 164.5], [1770595200000, 163.0], [1771200000000, 164.0], [1771804800000, 163.5], [1771891200000, 167.0], [1771977600000, 167.5], [1772064000000, 167.5], [1772409600000, 169.0], [1772496000000, 166.0], [1772582400000, 158.5], [1772668800000, 168.0], [1772755200000, 180.0], [1773014400000, 167.0], [1773100800000, 173.5], [1773187200000, 173.0], [1773273600000, 172.5], [1773360000000, 173.0], [1773619200000, 171.5], [1773705600000, 171.0], [1773792000000, 172.0], [1773878400000, 168.0], [1773964800000, 169.5], [1774224000000, 166.0], [1774310400000, 165.5], [1774396800000, 168.5], [1774483200000, 169.0], [1774569600000, 169.5], [1774828800000, 165.5], [1774915200000, 165.5], [1775001600000, 166.5], [1775088000000, 166.0], [1775520000000, 164.5], [1775606400000, 168.5], [1775692800000, 168.0], [1775779200000, 173.0], [1776038400000, 171.5], [1776124800000, 179.5], [1776211200000, 186.5]], "margin_ratio": [[1750636800000, 0.02406178197600204], [1751241600000, 0.02431069696196068], [1751846400000, 0.025465917794230276], [1752451200000, 0.02651901965790145], [1753056000000, 0.04985958641817717], [1753660800000, 0.0530380393158029], [1754265600000, 0.12401072249170282], [1754870400000, 0.13082716364564717], [1755475200000, 0.14420474853203982], [1756080000000, 0.13129946387541483], [1756684800000, 0.37337247893796266], [1757289600000, 0.41599438345672707], [1757894400000, 0.3911922389583865], [1758499200000, 0.3839992341077355], [1759104000000, 0.3506829206025019], [1759708800000, 0.3246362011743681], [1760313600000, 0.3492277252999745], [1760918400000, 0.35037018126116926], [1761523200000, 0.3279040081695174], [1762128000000, 0.32119606841970894], [1762732800000, 0.3116224151136074], [1763337600000, 0.3298442685728874], [1763942400000, 0.354646413071228], [1764547200000, 0.41771764105182535], [1765152000000, 0.3857799336226704], [1765756800000, 0.40210620372734235], [1766361600000, 0.4121457748276743], [1766966400000, 0.40343375031912176], [1767571200000, 0.3353842226193515], [1768176000000, 0.4059229001787082], [1768780800000, 0.44596630074036253], [1769385600000, 0.41942175134031146], [1769990400000, 0.37796783252489147], [1770595200000, 0.3495532295123819], [1771200000000, 0.3496042889966811], [1771804800000, 0.3527125351033954], [1771891200000, 0.34747255552718914], [1771977600000, 0.3506510084248149], [1772064000000, 0.34851289251978557], [1772409600000, 0.3494766402859331], [1772496000000, 0.33479703854991066], [1772582400000, 0.30146157773806487], [1772668800000, 0.28521827929537913], [1772755200000, 0.3974980852693388], [1773014400000, 0.29417921878989023], [1773100800000, 0.2901263722236405], [1773187200000, 0.28266530508041865], [1773273600000, 0.27524253255042125], [1773360000000, 0.2782486596885371], [1773619200000, 0.2648902221087567], [1773705600000, 0.24665560377840184], [1773792000000, 0.23712024508552465], [1773878400000, 0.2573398008680112], [1773964800000, 0.24232831248404393], [1774224000000, 0.25215726321164156], [1774310400000, 0.24717258105693132], [1774396800000, 0.2279933622670411], [1774483200000, 0.23729895328057188], [1774569600000, 0.23367372989532803], [1774828800000, 0.23238447791677302], [1774915200000, 0.22604671942813376], [1775001600000, 0.22953791166709217], [1775088000000, 0.2267296400306357], [1775520000000, 0.22048123563952002], [1775606400000, 0.22154071993872856], [1775692800000, 0.2208833290783763], [1775779200000, 0.22745723768189938], [1776038400000, 0.21453918815419964], [1776124800000, 0.3459854480469747], [1776211200000, 0.4094715343375032]]}