{"margin_balance": [[1766361600000, 14.4613], [1766448000000, 11.865], [1766534400000, 4.7428], [1766707200000, 7.50891], [1766966400000, 11.9972], [1767052800000, 5.43165], [1767139200000, 7.38514], [1767312000000, 30.06021], [1767571200000, 9.32756], [1767657600000, 6.10344], [1767744000000, 3.0191], [1767830400000, 4.5152], [1767916800000, 2.52882], [1768176000000, 4.8764], [1768262400000, 8.15262], [1768348800000, 4.43486], [1768435200000, 2.85498], [1768521600000, 2.7192], [1768780800000, 5.06499], [1768867200000, 9.52956], [1768953600000, 6.1124], [1769040000000, 5.44236], [1769126400000, 3.77784], [1769385600000, 2.85428], [1769472000000, 8.22081], [1769558400000, 1.08672], [1769644800000, 4.6656], [1769731200000, 3.2091], [1769990400000, 2.33987], [1770076800000, 7.06176], [1770163200000, 4.624], [1770249600000, 1.83141], [1770336000000, 2.53266], [1770595200000, 1.1058], [1770681600000, 4.63166], [1770768000000, 13.8417], [1771804800000, 19.96576], [1771891200000, 7.29015], [1771977600000, 7.7814], [1772064000000, 5.70657], [1772409600000, 3.47011], [1772496000000, 3.1248], [1772582400000, 3.07296], [1772668800000, 2.01335], [1772755200000, 1.16725], [1773014400000, 2.1888], [1773100800000, 1.18125], [1773187200000, 10.35118], [1773273600000, 4.67116], [1773360000000, 4.91579], [1773619200000, 3.80256], [1773705600000, 4.51554], [1773792000000, 4.13055], [1773878400000, 4.26682], [1773964800000, 3.36449], [1774224000000, 2.62908], [1774310400000, 2.27106], [1774396800000, 1.89864], [1774483200000, 6.20576], [1774569600000, 4.4933]], "closing_price": [[1766361600000, 730.0], [1766448000000, 678.0], [1766534400000, 668.0], [1766707200000, 687.0], [1766966400000, 712.0], [1767052800000, 739.0], [1767139200000, 749.0], [1767312000000, 769.0], [1767571200000, 731.0], [1767657600000, 692.0], [1767744000000, 665.0], [1767830400000, 680.0], [1767916800000, 669.0], [1768176000000, 668.0], [1768262400000, 658.0], [1768348800000, 622.0], [1768435200000, 622.0], [1768521600000, 618.0], [1768780800000, 623.0], [1768867200000, 618.0], [1768953600000, 590.0], [1769040000000, 589.0], [1769126400000, 583.0], [1769385600000, 572.0], [1769472000000, 591.0], [1769558400000, 566.0], [1769644800000, 576.0], [1769731200000, 563.0], [1769990400000, 533.0], [1770076800000, 576.0], [1770163200000, 578.0], [1770249600000, 567.0], [1770336000000, 573.0], [1770595200000, 570.0], [1770681600000, 569.0], [1770768000000, 645.0], [1771804800000, 688.0], [1771891200000, 655.0], [1771977600000, 660.0], [1772064000000, 669.0], [1772409600000, 623.0], [1772496000000, 630.0], [1772582400000, 582.0], [1772668800000, 601.0], [1772755200000, 575.0], [1773014400000, 576.0], [1773100800000, 625.0], [1773187200000, 691.0], [1773273600000, 676.0], [1773360000000, 667.0], [1773619200000, 699.0], [1773705600000, 699.0], [1773792000000, 685.0], [1773878400000, 673.0], [1773964800000, 661.0], [1774224000000, 654.0], [1774310400000, 666.0], [1774396800000, 648.0], [1774483200000, 656.0], [1774569600000, 686.0]], "margin_ratio": [[1766361600000, 6.311670740223462], [1766448000000, 5.178509078212291], [1766534400000, 2.0700069832402237], [1766707200000, 3.277282646648045], [1766966400000, 5.23620810055866], [1767052800000, 2.3706572974860336], [1767139200000, 3.2232629189944135], [1767312000000, 13.119854224860337], [1767571200000, 4.071037011173184], [1767657600000, 2.6638617318435753], [1767744000000, 1.3176937849162011], [1767830400000, 1.9706703910614525], [1767916800000, 1.1037098463687152], [1768176000000, 2.1283170391061454], [1768262400000, 3.558231494413408], [1768348800000, 1.9356057960893853], [1768435200000, 1.2460631983240222], [1768521600000, 1.1868016759776536], [1768780800000, 2.2106276187150837], [1768867200000, 4.159200418994413], [1768953600000, 2.6677723463687153], [1769040000000, 2.3753317039106143], [1769126400000, 1.6488477653631282], [1769385600000, 1.2457576815642457], [1769472000000, 3.587993191340782], [1769558400000, 0.4743016759776536], [1769644800000, 2.0363128491620115], [1769731200000, 1.4006197625698322], [1769990400000, 1.0212421438547485], [1770076800000, 3.0821229050279326], [1770163200000, 2.0181564245810057], [1770249600000, 0.7993234986033518], [1770336000000, 1.1053858240223462], [1770595200000, 0.482629189944134], [1770681600000, 2.0214996508379888], [1770768000000, 6.041244762569832], [1771804800000, 8.714106145251396], [1771891200000, 3.1818042946927374], [1771977600000, 3.396211592178771], [1772064000000, 2.490646822625698], [1772409600000, 1.5145382332402235], [1772496000000, 1.363826815642458], [1772582400000, 1.3412011173184357], [1772668800000, 0.8787316689944134], [1772755200000, 0.5094491969273742], [1773014400000, 0.9553072625698324], [1773100800000, 0.5155595321229051], [1773187200000, 4.517798533519553], [1773273600000, 2.0387395251396647], [1773360000000, 2.145508903631285], [1773619200000, 1.6596368715083798], [1773705600000, 1.970818784916201], [1773792000000, 1.8027889315642458], [1773878400000, 1.8622643156424579], [1773964800000, 1.4684401187150837], [1774224000000, 1.1474685754189946], [1774310400000, 0.991209846368715], [1774396800000, 0.8286662011173184], [1774483200000, 2.7085195530726254], [1774569600000, 1.9611120810055866]]}