{"margin_balance": [[1763337600000, 0.89352], [1763424000000, 0.18952600000000003], [1763510400000, 0.083664], [1763596800000, 0.07623], [1763683200000, 0.166896], [1763942400000, 0.201985], [1764028800000, 0.08976], [1764115200000, 0.060695], [1764201600000, 0.137], [1764288000000, 0.138305], [1764547200000, 0.03571200000000001], [1764633600000, 0.090545], [1764720000000, 0.270875], [1764806400000, 0.047775], [1764892800000, 0.031072], [1765152000000, 0.069083], [1765238400000, 0.24363899999999997], [1765324800000, 0.072457], [1765411200000, 0.08789], [1765497600000, 0.08303699999999999], [1765756800000, 0.0466], [1765843200000, 0.010043], [1765929600000, 0.08784], [1766016000000, 0.015385], [1766102400000, 0.014912], [1766361600000, 0.04545], [1766448000000, 0.01456], [1766534400000, 0.067379], [1766707200000, 0.02852], [1766966400000, 0.01656], [1767052800000, 0.070528], [1767139200000, 0.02883], [1767312000000, 0.028799], [1767571200000, 0.026796000000000004], [1767657600000, 0.02733], [1767744000000, 0.064255], [1767830400000, 0.02534], [1767916800000, 0.01844], [1768176000000, 0.03185], [1768262400000, 0.024435], [1768348800000, 0.038829], [1768435200000, 0.011856000000000002]], "closing_price": [[1763337600000, 102.0], [1763424000000, 98.2], [1763510400000, 99.6], [1763596800000, 99.0], [1763683200000, 97.6], [1763942400000, 101.5], [1764028800000, 102.0], [1764115200000, 99.5], [1764201600000, 100.0], [1764288000000, 99.5], [1764547200000, 99.2], [1764633600000, 99.5], [1764720000000, 98.5], [1764806400000, 97.5], [1764892800000, 97.1], [1765152000000, 97.3], [1765238400000, 96.3], [1765324800000, 94.1], [1765411200000, 93.5], [1765497600000, 93.3], [1765756800000, 93.2], [1765843200000, 91.3], [1765929600000, 91.5], [1766016000000, 90.5], [1766102400000, 93.2], [1766361600000, 90.9], [1766448000000, 91.0], [1766534400000, 92.3], [1766707200000, 92.0], [1766966400000, 92.0], [1767052800000, 92.8], [1767139200000, 93.0], [1767312000000, 92.9], [1767571200000, 92.4], [1767657600000, 91.1], [1767744000000, 90.5], [1767830400000, 90.5], [1767916800000, 92.2], [1768176000000, 91.0], [1768262400000, 90.5], [1768348800000, 90.3], [1768435200000, 91.2]], "margin_ratio": [[1763337600000, 3.235047067342505], [1763424000000, 0.6861911658218682], [1763510400000, 0.3029109341057205], [1763596800000, 0.27599565532223025], [1763683200000, 0.6042577842143374], [1763942400000, 0.7312997827661115], [1764028800000, 0.32498189717595943], [1764115200000, 0.21975018102824037], [1764201600000, 0.496017378711079], [1764288000000, 0.5007422157856626], [1764547200000, 0.12929761042722668], [1764633600000, 0.3278240405503259], [1764720000000, 0.9807204923968138], [1764806400000, 0.17297248370745835], [1764892800000, 0.11249818971759594], [1765152000000, 0.2501194786386676], [1765238400000, 0.8821107892831279], [1765324800000, 0.26233526430123094], [1765411200000, 0.3182114409847936], [1765497600000, 0.3006408399710354], [1765756800000, 0.16871832005792906], [1765843200000, 0.036361332367849386], [1765929600000, 0.3180304127443881], [1766016000000, 0.05570238957277334], [1766102400000, 0.05398986241853729], [1766361600000, 0.16455467052860243], [1766448000000, 0.05271542360608254], [1766534400000, 0.24395003620564806], [1766707200000, 0.10325850832729906], [1766966400000, 0.05995655322230267], [1767052800000, 0.2553511947863866], [1767139200000, 0.10438088341781318], [1767312000000, 0.10426864590876177], [1767571200000, 0.09701665459811731], [1767657600000, 0.09895003620564809], [1767744000000, 0.23263939174511225], [1767830400000, 0.09174511223750906], [1767916800000, 0.0667632150615496], [1768176000000, 0.1153149891383056], [1768262400000, 0.08846850108616944], [1768348800000, 0.14058291093410571], [1768435200000, 0.04292541636495294]]}