{"margin_balance": [[1763337600000, 0.89352], [1763424000000, 0.18952600000000003], [1763510400000, 0.083664], [1763596800000, 0.07623], [1763683200000, 0.166896], [1763942400000, 0.201985], [1764028800000, 0.08976], [1764115200000, 0.060695], [1764201600000, 0.137], [1764288000000, 0.138305], [1764547200000, 0.03571200000000001], [1764633600000, 0.090545], [1764720000000, 0.270875], [1764806400000, 0.047775], [1764892800000, 0.031072], [1765152000000, 0.069083], [1765238400000, 0.24363899999999997], [1765324800000, 0.072457], [1765411200000, 0.08789], [1765497600000, 0.08303699999999999], [1765756800000, 0.0466], [1765843200000, 0.010043], [1765929600000, 0.08784], [1766016000000, 0.015385], [1766102400000, 0.014912], [1766361600000, 0.04545], [1766448000000, 0.01456], [1766534400000, 0.067379], [1766707200000, 0.02852], [1766966400000, 0.01656], [1767052800000, 0.070528], [1767139200000, 0.02883], [1767312000000, 0.028799], [1767571200000, 0.026796000000000004], [1767657600000, 0.02733], [1767744000000, 0.064255], [1767830400000, 0.02534], [1767916800000, 0.01844], [1768176000000, 0.03185], [1768262400000, 0.024435], [1768348800000, 0.038829], [1768435200000, 0.011856000000000002], [1768521600000, 0.02668], [1768780800000, 0.022875], [1768867200000, 0.017138], [1768953600000, 0.008199], [1769040000000, 0.012683999999999997], [1769126400000, 0.010871999999999998], [1769385600000, 0.04732]], "closing_price": [[1763337600000, 102.0], [1763424000000, 98.2], [1763510400000, 99.6], [1763596800000, 99.0], [1763683200000, 97.6], [1763942400000, 101.5], [1764028800000, 102.0], [1764115200000, 99.5], [1764201600000, 100.0], [1764288000000, 99.5], [1764547200000, 99.2], [1764633600000, 99.5], [1764720000000, 98.5], [1764806400000, 97.5], [1764892800000, 97.1], [1765152000000, 97.3], [1765238400000, 96.3], [1765324800000, 94.1], [1765411200000, 93.5], [1765497600000, 93.3], [1765756800000, 93.2], [1765843200000, 91.3], [1765929600000, 91.5], [1766016000000, 90.5], [1766102400000, 93.2], [1766361600000, 90.9], [1766448000000, 91.0], [1766534400000, 92.3], [1766707200000, 92.0], [1766966400000, 92.0], [1767052800000, 92.8], [1767139200000, 93.0], [1767312000000, 92.9], [1767571200000, 92.4], [1767657600000, 91.1], [1767744000000, 90.5], [1767830400000, 90.5], [1767916800000, 92.2], [1768176000000, 91.0], [1768262400000, 90.5], [1768348800000, 90.3], [1768435200000, 91.2], [1768521600000, 92.0], [1768780800000, 91.5], [1768867200000, 90.2], [1768953600000, 91.1], [1769040000000, 90.6], [1769126400000, 90.6], [1769385600000, 91.0]], "margin_ratio": [[1763337600000, 3.2315370705244124], [1763424000000, 0.6854466546112117], [1763510400000, 0.30258227848101266], [1763596800000, 0.2756962025316456], [1763683200000, 0.6036021699819167], [1763942400000, 0.7305063291139241], [1764028800000, 0.32462929475587704], [1764115200000, 0.21951175406871612], [1764201600000, 0.49547920433996395], [1764288000000, 0.5001989150090417], [1764547200000, 0.1291573236889693], [1764633600000, 0.3274683544303798], [1764720000000, 0.9796564195298372], [1764806400000, 0.17278481012658226], [1764892800000, 0.11237613019891501], [1765152000000, 0.2498481012658228], [1765238400000, 0.8811537070524412], [1765324800000, 0.2620506329113924], [1765411200000, 0.31786618444846293], [1765497600000, 0.3003146473779385], [1765756800000, 0.1685352622061483], [1765843200000, 0.03632188065099457], [1765929600000, 0.3176853526220615], [1766016000000, 0.05564195298372514], [1766102400000, 0.05393128390596745], [1766361600000, 0.164376130198915], [1766448000000, 0.05265822784810127], [1766534400000, 0.24368535262206148], [1766707200000, 0.10314647377938518], [1766966400000, 0.05989150090415912], [1767052800000, 0.2550741410488246], [1767139200000, 0.10426763110307415], [1767312000000, 0.10415551537070525], [1767571200000, 0.0969113924050633], [1767657600000, 0.09884267631103075], [1767744000000, 0.23238698010849915], [1767830400000, 0.09164556962025318], [1767916800000, 0.06669077757685353], [1768176000000, 0.11518987341772152], [1768262400000, 0.08837251356238698], [1768348800000, 0.14043037974683545], [1768435200000, 0.04287884267631104], [1768521600000, 0.09649186256781193], [1768780800000, 0.08273056057866185], [1768867200000, 0.06198191681735986], [1768953600000, 0.029652802893309224], [1769040000000, 0.04587341772151898], [1769126400000, 0.039320072332730556], [1769385600000, 0.17113924050632912]]}