{"margin_balance": [[1766361600000, 14.4613], [1766448000000, 11.865], [1766534400000, 4.7428], [1766707200000, 7.50891], [1766966400000, 11.9972], [1767052800000, 5.43165], [1767139200000, 7.38514], [1767312000000, 30.06021], [1767571200000, 9.32756], [1767657600000, 6.10344], [1767744000000, 3.0191], [1767830400000, 4.5152], [1767916800000, 2.52882], [1768176000000, 4.8764], [1768262400000, 8.15262], [1768348800000, 4.43486], [1768435200000, 2.85498], [1768521600000, 2.7192], [1768780800000, 5.06499], [1768867200000, 9.52956], [1768953600000, 6.1124], [1769040000000, 5.44236], [1769126400000, 3.77784], [1769385600000, 2.85428], [1769472000000, 8.22081], [1769558400000, 1.08672], [1769644800000, 4.6656], [1769731200000, 3.2091], [1769990400000, 2.33987], [1770076800000, 7.06176], [1770163200000, 4.624], [1770249600000, 1.83141], [1770336000000, 2.53266], [1770595200000, 1.1058], [1770681600000, 4.63166], [1770768000000, 13.8417], [1771804800000, 19.96576], [1771891200000, 7.29015], [1771977600000, 7.7814], [1772064000000, 5.70657], [1772409600000, 3.47011], [1772496000000, 3.1248], [1772582400000, 3.07296], [1772668800000, 2.01335], [1772755200000, 1.16725], [1773014400000, 2.1888], [1773100800000, 1.18125], [1773187200000, 10.35118], [1773273600000, 4.67116], [1773360000000, 4.91579], [1773619200000, 3.80256], [1773705600000, 4.51554], [1773792000000, 4.13055], [1773878400000, 4.26682], [1773964800000, 3.36449], [1774224000000, 2.62908], [1774310400000, 2.27106], [1774396800000, 1.89864], [1774483200000, 6.20576], [1774569600000, 4.4933], [1774828800000, 3.90216], [1774915200000, 3.4237], [1775001600000, 3.03252], [1775088000000, 2.8496], [1775520000000, 3.2332], [1775606400000, 4.4517]], "closing_price": [[1766361600000, 730.0], [1766448000000, 678.0], [1766534400000, 668.0], [1766707200000, 687.0], [1766966400000, 712.0], [1767052800000, 739.0], [1767139200000, 749.0], [1767312000000, 769.0], [1767571200000, 731.0], [1767657600000, 692.0], [1767744000000, 665.0], [1767830400000, 680.0], [1767916800000, 669.0], [1768176000000, 668.0], [1768262400000, 658.0], [1768348800000, 622.0], [1768435200000, 622.0], [1768521600000, 618.0], [1768780800000, 623.0], [1768867200000, 618.0], [1768953600000, 590.0], [1769040000000, 589.0], [1769126400000, 583.0], [1769385600000, 572.0], [1769472000000, 591.0], [1769558400000, 566.0], [1769644800000, 576.0], [1769731200000, 563.0], [1769990400000, 533.0], [1770076800000, 576.0], [1770163200000, 578.0], [1770249600000, 567.0], [1770336000000, 573.0], [1770595200000, 570.0], [1770681600000, 569.0], [1770768000000, 645.0], [1771804800000, 688.0], [1771891200000, 655.0], [1771977600000, 660.0], [1772064000000, 669.0], [1772409600000, 623.0], [1772496000000, 630.0], [1772582400000, 582.0], [1772668800000, 601.0], [1772755200000, 575.0], [1773014400000, 576.0], [1773100800000, 625.0], [1773187200000, 691.0], [1773273600000, 676.0], [1773360000000, 667.0], [1773619200000, 699.0], [1773705600000, 699.0], [1773792000000, 685.0], [1773878400000, 673.0], [1773964800000, 661.0], [1774224000000, 654.0], [1774310400000, 666.0], [1774396800000, 648.0], [1774483200000, 656.0], [1774569600000, 686.0], [1774828800000, 687.0], [1774915200000, 670.0], [1775001600000, 683.0], [1775088000000, 685.0], [1775520000000, 685.0], [1775606400000, 710.0]], "margin_ratio": [[1766361600000, 6.236544764533379], [1766448000000, 5.116870795238917], [1766534400000, 2.045368293945144], [1766707200000, 3.2382741072968777], [1766966400000, 5.173883042953252], [1767052800000, 2.3424400552009663], [1767139200000, 3.1848973607038125], [1767312000000, 12.963692427117476], [1767571200000, 4.02258064516129], [1767657600000, 2.6321545627048475], [1767744000000, 1.302009660169053], [1767830400000, 1.9472140762463346], [1767916800000, 1.0905727100224254], [1768176000000, 2.102984302225289], [1768262400000, 3.5158789028808006], [1768348800000, 1.9125668449197857], [1768435200000, 1.2312316715542522], [1768521600000, 1.1726755218216318], [1768780800000, 2.184315163015353], [1768867200000, 4.109694669656719], [1768953600000, 2.6360186303260305], [1769040000000, 2.347058823529412], [1769126400000, 1.6292220113851994], [1769385600000, 1.2309297912713473], [1769472000000, 3.5452863550112133], [1769558400000, 0.4686562014835259], [1769644800000, 2.012075211316198], [1769731200000, 1.3839485941003968], [1769990400000, 1.009086596515439], [1770076800000, 3.045437295152665], [1770163200000, 1.9941348973607036], [1770249600000, 0.7898093841642229], [1770336000000, 1.0922287390029326], [1770595200000, 0.47688459548042084], [1770681600000, 1.997438330170778], [1770768000000, 5.969337588407797], [1771804800000, 8.610384681731931], [1771891200000, 3.1439322063136106], [1771977600000, 3.3557874762808346], [1772064000000, 2.4610013800241504], [1772409600000, 1.4965111264447128], [1772496000000, 1.3475935828877006], [1772582400000, 1.325237191650854], [1772668800000, 0.8682723822666896], [1772755200000, 0.5033853717440054], [1773014400000, 0.9439365188890806], [1773100800000, 0.5094229774021045], [1773187200000, 4.46402449542867], [1773273600000, 2.0144730032775575], [1773360000000, 2.1199715370018977], [1773619200000, 1.639882697947214], [1773705600000, 1.9473607038123164], [1773792000000, 1.781330860790064], [1773878400000, 1.8400983267207176], [1773964800000, 1.4509617043298257], [1774224000000, 1.1338105916853545], [1774310400000, 0.9794117647058823], [1774396800000, 0.8188028290495084], [1774483200000, 2.676280834914611], [1774569600000, 1.9377695359668792], [1774828800000, 1.6828359496291185], [1774915200000, 1.4764964636881146], [1775001600000, 1.3077971364498877], [1775088000000, 1.2289115059513542], [1775520000000, 1.3943419009832674], [1775606400000, 1.9198292220113853]]}