{"margin_balance": [[1748217600000, 0.02538], [1748822400000, 0.02603], [1749427200000, 0.031625], [1750032000000, 0.052355], [1750636800000, 0.05343], [1751241600000, 0.110495], [1751846400000, 0.1224], [1752451200000, 0.115875], [1753056000000, 0.1386], [1753660800000, 0.22168], [1754265600000, 0.23074], [1754870400000, 0.54322], [1755475200000, 0.73062], [1756080000000, 0.959095], [1756684800000, 2.1606], [1757289600000, 1.640535], [1757894400000, 1.6112], [1758499200000, 1.0974], [1759104000000, 0.89044], [1759708800000, 0.8955], [1760313600000, 1.1115], [1760918400000, 1.01475], [1761523200000, 0.782], [1762128000000, 0.753655], [1762732800000, 0.725975], [1763337600000, 0.62487], [1763942400000, 0.59334], [1764547200000, 0.66129], [1765152000000, 0.692535], [1765756800000, 0.835785], [1766361600000, 0.90048], [1766966400000, 0.8742], [1767571200000, 0.87707], [1768176000000, 1.07226], [1768780800000, 1.33042], [1769385600000, 1.160235], [1769990400000, 0.96408], [1770595200000, 0.835125], [1771200000000, 0.82812], [1771804800000, 0.87969], [1771891200000, 0.89673], [1771977600000, 0.92448], [1772064000000, 0.9548], [1772409600000, 0.92214], [1772496000000, 0.8897], [1772582400000, 0.834785], [1772668800000, 0.87125], [1772755200000, 0.851865], [1773014400000, 0.78937], [1773100800000, 0.811865], [1773187200000, 0.8262], [1773273600000, 0.814], [1773360000000, 0.78008], [1773619200000, 0.79992], [1773705600000, 0.81385], [1773792000000, 0.81988], [1773878400000, 0.818], [1773964800000, 0.83824], [1774224000000, 0.87344], [1774310400000, 0.890015], [1774396800000, 0.94659], [1774483200000, 1.09654], [1774569600000, 1.26195], [1774828800000, 1.2735], [1774915200000, 1.17448], [1775001600000, 1.18895], [1775088000000, 1.17376], [1775520000000, 1.20218], [1775606400000, 1.29426], [1775692800000, 1.30339], [1775779200000, 1.3502], [1776038400000, 1.51827], [1776124800000, 1.4399], [1776211200000, 1.50903]], "closing_price": [[1731283200000, 144.0], [1731888000000, 146.0], [1732492800000, 143.0], [1733097600000, 149.5], [1733702400000, 145.0], [1734307200000, 145.5], [1734912000000, 140.5], [1736121600000, 143.0], [1736726400000, 146.0], [1737331200000, 156.5], [1737936000000, 164.0], [1739145600000, 155.5], [1739750400000, 156.0], [1740355200000, 163.0], [1740960000000, 158.0], [1741564800000, 155.0], [1742169600000, 163.0], [1742774400000, 155.5], [1743379200000, 145.5], [1743984000000, 143.0], [1744588800000, 126.0], [1745193600000, 130.0], [1745798400000, 130.0], [1746403200000, 135.5], [1747008000000, 131.5], [1747612800000, 140.0], [1748217600000, 141.0], [1748822400000, 137.0], [1749427200000, 137.5], [1750032000000, 141.5], [1750636800000, 137.0], [1751241600000, 143.5], [1751846400000, 144.0], [1752451200000, 154.5], [1753056000000, 157.5], [1753660800000, 163.0], [1754265600000, 166.0], [1754870400000, 173.0], [1755475200000, 198.0], [1756080000000, 216.5], [1756684800000, 277.0], [1757289600000, 268.5], [1757894400000, 265.0], [1758499200000, 236.0], [1759104000000, 226.0], [1759708800000, 225.0], [1760313600000, 237.5], [1760918400000, 225.5], [1761523200000, 212.5], [1762128000000, 213.5], [1762732800000, 204.5], [1763337600000, 196.5], [1763942400000, 186.0], [1764547200000, 201.0], [1765152000000, 205.5], [1765756800000, 226.5], [1766361600000, 234.5], [1766966400000, 232.5], [1767571200000, 229.0], [1768176000000, 241.5], [1768780800000, 238.0], [1769385600000, 218.5], [1769990400000, 206.0], [1770595200000, 196.5], [1771200000000, 201.0], [1771804800000, 206.5], [1771891200000, 210.5], [1771977600000, 216.0], [1772064000000, 217.0], [1772409600000, 211.5], [1772496000000, 205.0], [1772582400000, 195.5], [1772668800000, 205.0], [1772755200000, 199.5], [1773014400000, 193.0], [1773100800000, 198.5], [1773187200000, 202.5], [1773273600000, 200.0], [1773360000000, 196.0], [1773619200000, 202.0], [1773705600000, 205.0], [1773792000000, 206.0], [1773878400000, 204.5], [1773964800000, 208.0], [1774224000000, 206.0], [1774310400000, 206.5], [1774396800000, 227.0], [1774483200000, 218.0], [1774569600000, 235.0], [1774828800000, 225.0], [1774915200000, 212.0], [1775001600000, 215.0], [1775088000000, 224.0], [1775520000000, 217.0], [1775606400000, 222.0], [1775692800000, 225.5], [1775779200000, 215.0], [1776038400000, 221.0], [1776124800000, 238.0], [1776211200000, 243.0]], "margin_ratio": [[1748217600000, 0.030756180319922444], [1748822400000, 0.03154386815317499], [1749427200000, 0.03832404265632574], [1750032000000, 0.06344522539990305], [1750636800000, 0.06474793989335918], [1751241600000, 0.13390087251575375], [1751846400000, 0.14832767813863307], [1752451200000, 0.1404205041202133], [1753056000000, 0.16795928259815804], [1753660800000, 0.268637905962191], [1754265600000, 0.2796170625302957], [1754870400000, 0.6582888996606884], [1755475200000, 0.8853853611245759], [1756080000000, 1.1622576345128455], [1756684800000, 2.618274357731459], [1757289600000, 1.988045322346098], [1757894400000, 1.952496364517693], [1758499200000, 1.3298594280174503], [1759104000000, 1.07905962190984], [1759708800000, 1.085191468734852], [1760313600000, 1.3469461948618517], [1760918400000, 1.2297018904508], [1761523200000, 0.9476490547746002], [1762128000000, 0.9132998061076102], [1762732800000, 0.8797564226854097], [1763337600000, 0.7572346097915658], [1763942400000, 0.7190256907416384], [1764547200000, 0.8013693650024238], [1765152000000, 0.8392329132331556], [1765756800000, 1.012827193407659], [1766361600000, 1.0912263693650024], [1766966400000, 1.0593795443528842], [1767571200000, 1.0628574890935532], [1768176000000, 1.2993940862821134], [1768780800000, 1.612239457101309], [1769385600000, 1.4060046049442558], [1769990400000, 1.1682985942801747], [1770595200000, 1.0120273873000485], [1771200000000, 1.0035385361124576], [1771804800000, 1.0660324769752787], [1771891200000, 1.0866820164808533], [1771977600000, 1.120310227823558], [1772064000000, 1.1570528356761998], [1772409600000, 1.1174745516238487], [1772496000000, 1.0781628696073682], [1772582400000, 1.0116153659718856], [1772668800000, 1.0558046534173533], [1772755200000, 1.032313378574891], [1773014400000, 0.9565802229762483], [1773100800000, 0.9838402811439652], [1773187200000, 1.0012118274357733], [1773273600000, 0.9864275327193408], [1773360000000, 0.9453223460979158], [1773619200000, 0.9693650024236549], [1773705600000, 0.9862457586039748], [1773792000000, 0.993553078041687], [1773878400000, 0.9912748424624332], [1773964800000, 1.0158022297624818], [1774224000000, 1.0584585555016965], [1774310400000, 1.0785445952496366], [1774396800000, 1.1471037324285023], [1774483200000, 1.3288172564226854], [1774569600000, 1.5292656325739216], [1774828800000, 1.5432622394571014], [1774915200000, 1.4232670867668444], [1775001600000, 1.4408022297624818], [1775088000000, 1.4223945710130879], [1775520000000, 1.4568347067377605], [1775606400000, 1.568419777023752], [1775692800000, 1.5794837615123607], [1775779200000, 1.6362094037809016], [1776038400000, 1.8398812409112941], [1776124800000, 1.744910324769753], [1776211200000, 1.8286839554047505]]}