{"margin_balance": [[1763337600000, 0.89352], [1763424000000, 0.18952600000000003], [1763510400000, 0.083664], [1763596800000, 0.07623], [1763683200000, 0.166896], [1763942400000, 0.201985], [1764028800000, 0.08976], [1764115200000, 0.060695], [1764201600000, 0.137], [1764288000000, 0.138305], [1764547200000, 0.03571200000000001], [1764633600000, 0.090545], [1764720000000, 0.270875], [1764806400000, 0.047775], [1764892800000, 0.031072], [1765152000000, 0.069083], [1765238400000, 0.24363899999999997], [1765324800000, 0.072457], [1765411200000, 0.08789], [1765497600000, 0.08303699999999999], [1765756800000, 0.0466], [1765843200000, 0.010043], [1765929600000, 0.08784], [1766016000000, 0.015385], [1766102400000, 0.014912], [1766361600000, 0.04545], [1766448000000, 0.01456], [1766534400000, 0.067379], [1766707200000, 0.02852], [1766966400000, 0.01656], [1767052800000, 0.070528], [1767139200000, 0.02883], [1767312000000, 0.028799], [1767571200000, 0.026796000000000004], [1767657600000, 0.02733], [1767744000000, 0.064255], [1767830400000, 0.02534], [1767916800000, 0.01844], [1768176000000, 0.03185], [1768262400000, 0.024435], [1768348800000, 0.038829], [1768435200000, 0.011856000000000002], [1768521600000, 0.02668], [1768780800000, 0.022875], [1768867200000, 0.017138], [1768953600000, 0.008199], [1769040000000, 0.012683999999999997], [1769126400000, 0.010871999999999998], [1769385600000, 0.04732], [1769472000000, 0.0182], [1769558400000, 0.062376], [1769644800000, 0.0387], [1769731200000, 0.041877], [1769990400000, 0.01068], [1770076800000, 0.007128], [1770163200000, 0.007104], [1770249600000, 0.01232], [1770336000000, 0.01513], [1770595200000, 0.01068], [1770681600000, 0.028384], [1770768000000, 0.032708], [1771804800000, 0.018921], [1771891200000, 0.0099], [1771977600000, 0.03588], [1772064000000, 0.019756], [1772409600000, 0.018963]], "closing_price": [[1763337600000, 102.0], [1763424000000, 98.2], [1763510400000, 99.6], [1763596800000, 99.0], [1763683200000, 97.6], [1763942400000, 101.5], [1764028800000, 102.0], [1764115200000, 99.5], [1764201600000, 100.0], [1764288000000, 99.5], [1764547200000, 99.2], [1764633600000, 99.5], [1764720000000, 98.5], [1764806400000, 97.5], [1764892800000, 97.1], [1765152000000, 97.3], [1765238400000, 96.3], [1765324800000, 94.1], [1765411200000, 93.5], [1765497600000, 93.3], [1765756800000, 93.2], [1765843200000, 91.3], [1765929600000, 91.5], [1766016000000, 90.5], [1766102400000, 93.2], [1766361600000, 90.9], [1766448000000, 91.0], [1766534400000, 92.3], [1766707200000, 92.0], [1766966400000, 92.0], [1767052800000, 92.8], [1767139200000, 93.0], [1767312000000, 92.9], [1767571200000, 92.4], [1767657600000, 91.1], [1767744000000, 90.5], [1767830400000, 90.5], [1767916800000, 92.2], [1768176000000, 91.0], [1768262400000, 90.5], [1768348800000, 90.3], [1768435200000, 91.2], [1768521600000, 92.0], [1768780800000, 91.5], [1768867200000, 90.2], [1768953600000, 91.1], [1769040000000, 90.6], [1769126400000, 90.6], [1769385600000, 91.0], [1769472000000, 91.0], [1769558400000, 90.4], [1769644800000, 90.0], [1769731200000, 89.1], [1769990400000, 89.0], [1770076800000, 89.1], [1770163200000, 88.8], [1770249600000, 88.0], [1770336000000, 89.0], [1770595200000, 89.0], [1770681600000, 88.7], [1770768000000, 88.4], [1771804800000, 90.1], [1771891200000, 90.0], [1771977600000, 89.7], [1772064000000, 89.8], [1772409600000, 90.3]], "margin_ratio": [[1763337600000, 3.2801762114537447], [1763424000000, 0.6957635829662263], [1763510400000, 0.307136563876652], [1763596800000, 0.2798458149779736], [1763683200000, 0.6126872246696036], [1763942400000, 0.7415014684287813], [1764028800000, 0.3295154185022027], [1764115200000, 0.2228157121879589], [1764201600000, 0.5029368575624084], [1764288000000, 0.5077276064610867], [1764547200000, 0.13110132158590312], [1764633600000, 0.3323972099853157], [1764720000000, 0.9944016152716593], [1764806400000, 0.17538546255506607], [1764892800000, 0.1140675477239354], [1765152000000, 0.2536086637298091], [1765238400000, 0.8944162995594713], [1765324800000, 0.26599486049926574], [1765411200000, 0.3226505139500734], [1765497600000, 0.3048348017621145], [1765756800000, 0.17107195301027903], [1765843200000, 0.03686857562408224], [1765929600000, 0.3224669603524229], [1766016000000, 0.056479441997063146], [1766102400000, 0.05474302496328928], [1766361600000, 0.16685022026431717], [1766448000000, 0.05345080763582967], [1766534400000, 0.2473531571218796], [1766707200000, 0.10469897209985315], [1766966400000, 0.060792951541850215], [1767052800000, 0.25891336270190896], [1767139200000, 0.10583700440528634], [1767312000000, 0.10572320117474304], [1767571200000, 0.09837004405286345], [1767657600000, 0.10033039647577094], [1767744000000, 0.2358847283406755], [1767830400000, 0.09302496328928048], [1767916800000, 0.06769456681350955], [1768176000000, 0.11692364170337739], [1768262400000, 0.08970264317180617], [1768348800000, 0.14254405286343613], [1768435200000, 0.04352422907488988], [1768521600000, 0.09794419970631425], [1768780800000, 0.08397577092511013], [1768867200000, 0.06291483113069016], [1768953600000, 0.030099118942731276], [1769040000000, 0.046563876651982375], [1769126400000, 0.039911894273127746], [1769385600000, 0.1737151248164464], [1769472000000, 0.06681350954478708], [1769558400000, 0.22898678414096915], [1769644800000, 0.1420704845814978], [1769731200000, 0.15373348017621147], [1769990400000, 0.03920704845814978], [1770076800000, 0.02616740088105727], [1770163200000, 0.02607929515418502], [1770249600000, 0.04522760646108664], [1770336000000, 0.05554331864904553], [1770595200000, 0.03920704845814978], [1770681600000, 0.10419970631424377], [1770768000000, 0.12007342143906022], [1771804800000, 0.0694603524229075], [1771891200000, 0.03634361233480177], [1771977600000, 0.13171806167400882], [1772064000000, 0.07252569750367108], [1772409600000, 0.06961453744493393]]}