{"margin_balance": [[1764201600000, 285.1733], [1764288000000, 244.5521], [1764547200000, 231.66325], [1764633600000, 159.2679], [1764720000000, 236.7828], [1764806400000, 150.9826], [1764892800000, 137.4], [1765152000000, 134.6889], [1765238400000, 79.19515], [1765324800000, 195.041], [1765411200000, 184.5], [1765497600000, 102.6093], [1765756800000, 85.3254], [1765843200000, 156.5832], [1765929600000, 137.49645], [1766016000000, 110.8646], [1766102400000, 96.292], [1766361600000, 64.81265], [1766448000000, 85.008], [1766534400000, 70.7766], [1766707200000, 114.7223], [1766966400000, 106.488], [1767052800000, 107.8224], [1767139200000, 103.86675], [1767312000000, 147.03745], [1767571200000, 182.5032], [1767657600000, 362.181], [1767744000000, 139.682], [1767830400000, 391.8378], [1767916800000, 159.3072], [1768176000000, 211.52], [1768262400000, 162.0928], [1768348800000, 129.72], [1768435200000, 144.6626], [1768521600000, 104.90465], [1768780800000, 107.765], [1768867200000, 74.365], [1768953600000, 116.2437], [1769040000000, 150.048], [1769126400000, 100.1424], [1769385600000, 99.0688], [1769472000000, 116.23225], [1769558400000, 200.9394]], "closing_price": [[1764201600000, 2710.0], [1764288000000, 2990.0], [1764547200000, 2975.0], [1764633600000, 2890.0], [1764720000000, 2920.0], [1764806400000, 3070.0], [1764892800000, 3000.0], [1765152000000, 2955.0], [1765238400000, 2965.0], [1765324800000, 2980.0], [1765411200000, 3125.0], [1765497600000, 3165.0], [1765756800000, 3105.0], [1765843200000, 3180.0], [1765929600000, 3185.0], [1766016000000, 3220.0], [1766102400000, 3325.0], [1766361600000, 3295.0], [1766448000000, 3300.0], [1766534400000, 3295.0], [1766707200000, 3290.0], [1766966400000, 3400.0], [1767052800000, 3360.0], [1767139200000, 3445.0], [1767312000000, 3395.0], [1767571200000, 3410.0], [1767657600000, 3335.0], [1767744000000, 3310.0], [1767830400000, 3310.0], [1767916800000, 3120.0], [1768176000000, 3305.0], [1768262400000, 3440.0], [1768348800000, 3450.0], [1768435200000, 3460.0], [1768521600000, 3505.0], [1768780800000, 3500.0], [1768867200000, 3475.0], [1768953600000, 3495.0], [1769040000000, 3600.0], [1769126400000, 3720.0], [1769385600000, 3730.0], [1769472000000, 3775.0], [1769558400000, 3810.0]], "margin_ratio": [[1764201600000, 4.226430110650356], [1764288000000, 3.6244008785632347], [1764547200000, 3.433380808550875], [1764633600000, 2.3604406451096573], [1764720000000, 3.509255444335431], [1764806400000, 2.2376477981083025], [1764892800000, 2.0363459594687123], [1765152000000, 1.996165919216051], [1765238400000, 1.1737170575838325], [1765324800000, 2.890618284430401], [1765411200000, 2.7343946835660655], [1765497600000, 1.520728045552496], [1765756800000, 1.2645708408300704], [1765843200000, 2.320651867836108], [1765929600000, 2.037775403193536], [1766016000000, 1.6430762755321324], [1766102400000, 1.427102075175846], [1766361600000, 0.9605602470884995], [1766448000000, 1.2598667927402931], [1766534400000, 1.0489493699776802], [1766707200000, 1.7002495783548577], [1766966400000, 1.5782125802904237], [1767052800000, 1.5979891454164432], [1767139200000, 1.5393641680178083], [1767312000000, 2.1791784366672693], [1767571200000, 2.7048009746005115], [1767657600000, 5.367727918095616], [1767744000000, 2.0701664942540656], [1767830400000, 5.807258521085221], [1767916800000, 2.361023093408108], [1768176000000, 3.134846414460131], [1768262400000, 2.402307265931369], [1768348800000, 1.9225240019088892], [1768435200000, 2.1439818121996983], [1768521600000, 1.5547464349125142], [1768780800000, 1.5971384448482224], [1768867200000, 1.1021314940021163], [1768953600000, 1.7227975895829195], [1769040000000, 2.223796495825046], [1769126400000, 1.4841671878566198], [1769385600000, 1.4682558267060695], [1769472000000, 1.7226278940862971], [1769558400000, 2.978035919127128]]}