{"margin_balance": [[1764201600000, 285.1733], [1764288000000, 244.5521], [1764547200000, 231.66325], [1764633600000, 159.2679], [1764720000000, 236.7828], [1764806400000, 150.9826], [1764892800000, 137.4], [1765152000000, 134.6889], [1765238400000, 79.19515], [1765324800000, 195.041], [1765411200000, 184.5], [1765497600000, 102.6093], [1765756800000, 85.3254], [1765843200000, 156.5832], [1765929600000, 137.49645], [1766016000000, 110.8646], [1766102400000, 96.292], [1766361600000, 64.81265], [1766448000000, 85.008], [1766534400000, 70.7766], [1766707200000, 114.7223], [1766966400000, 106.488], [1767052800000, 107.8224], [1767139200000, 103.86675], [1767312000000, 147.03745], [1767571200000, 182.5032], [1767657600000, 362.181], [1767744000000, 139.682], [1767830400000, 391.8378], [1767916800000, 159.3072], [1768176000000, 211.52], [1768262400000, 162.0928], [1768348800000, 129.72], [1768435200000, 144.6626], [1768521600000, 104.90465], [1768780800000, 107.765], [1768867200000, 74.365], [1768953600000, 116.2437]], "closing_price": [[1764201600000, 2710.0], [1764288000000, 2990.0], [1764547200000, 2975.0], [1764633600000, 2890.0], [1764720000000, 2920.0], [1764806400000, 3070.0], [1764892800000, 3000.0], [1765152000000, 2955.0], [1765238400000, 2965.0], [1765324800000, 2980.0], [1765411200000, 3125.0], [1765497600000, 3165.0], [1765756800000, 3105.0], [1765843200000, 3180.0], [1765929600000, 3185.0], [1766016000000, 3220.0], [1766102400000, 3325.0], [1766361600000, 3295.0], [1766448000000, 3300.0], [1766534400000, 3295.0], [1766707200000, 3290.0], [1766966400000, 3400.0], [1767052800000, 3360.0], [1767139200000, 3445.0], [1767312000000, 3395.0], [1767571200000, 3410.0], [1767657600000, 3335.0], [1767744000000, 3310.0], [1767830400000, 3310.0], [1767916800000, 3120.0], [1768176000000, 3305.0], [1768262400000, 3440.0], [1768348800000, 3450.0], [1768435200000, 3460.0], [1768521600000, 3505.0], [1768780800000, 3500.0], [1768867200000, 3475.0], [1768953600000, 3495.0]], "margin_ratio": [[1764201600000, 4.283547205294552], [1764288000000, 3.673381990894357], [1764547200000, 3.4797804251202797], [1764633600000, 2.392340264457199], [1764720000000, 3.556680450805944], [1764806400000, 2.267887962435842], [1764892800000, 2.0638656774931996], [1765152000000, 2.0231426335466796], [1765238400000, 1.1895789804143053], [1765324800000, 2.9296828646575768], [1765411200000, 2.7713480167212174], [1765497600000, 1.541279566678333], [1765756800000, 1.2816605857232768], [1765843200000, 2.352013771121202], [1765929600000, 2.065314439098689], [1766016000000, 1.6652812430059136], [1766102400000, 1.4463883101686692], [1766361600000, 0.9735415123899536], [1766448000000, 1.2768929658831287], [1766534400000, 1.063125149269761], [1766707200000, 1.723227200968545], [1766966400000, 1.5995409626266073], [1767052800000, 1.6195847934857552], [1767139200000, 1.5601675426329458], [1767312000000, 2.208628430575855], [1767571200000, 2.7413543705434997], [1767657600000, 5.440268813247194], [1767744000000, 2.098143271933079], [1767830400000, 5.885739349086207], [1767916800000, 2.392930584116045], [1768176000000, 3.1772115582486284], [1768262400000, 2.434772681868775], [1768348800000, 1.9485054998865925], [1768435200000, 2.1729561496137384], [1768521600000, 1.5757576895519427], [1768780800000, 1.6187225963249972], [1768867200000, 1.1170259905879312], [1768953600000, 1.746079931985562]]}