{"margin_balance": [[1763337600000, 0.89352], [1763424000000, 0.18952600000000003], [1763510400000, 0.083664], [1763596800000, 0.07623], [1763683200000, 0.166896], [1763942400000, 0.201985], [1764028800000, 0.08976], [1764115200000, 0.060695], [1764201600000, 0.137], [1764288000000, 0.138305], [1764547200000, 0.03571200000000001], [1764633600000, 0.090545], [1764720000000, 0.270875], [1764806400000, 0.047775], [1764892800000, 0.031072], [1765152000000, 0.069083], [1765238400000, 0.24363899999999997], [1765324800000, 0.072457], [1765411200000, 0.08789], [1765497600000, 0.08303699999999999], [1765756800000, 0.0466], [1765843200000, 0.010043], [1765929600000, 0.08784], [1766016000000, 0.015385], [1766102400000, 0.014912], [1766361600000, 0.04545], [1766448000000, 0.01456], [1766534400000, 0.067379], [1766707200000, 0.02852], [1766966400000, 0.01656], [1767052800000, 0.070528], [1767139200000, 0.02883], [1767312000000, 0.028799], [1767571200000, 0.026796000000000004], [1767657600000, 0.02733], [1767744000000, 0.064255], [1767830400000, 0.02534], [1767916800000, 0.01844], [1768176000000, 0.03185], [1768262400000, 0.024435], [1768348800000, 0.038829], [1768435200000, 0.011856000000000002], [1768521600000, 0.02668], [1768780800000, 0.022875], [1768867200000, 0.017138], [1768953600000, 0.008199], [1769040000000, 0.012683999999999997], [1769126400000, 0.010871999999999998], [1769385600000, 0.04732], [1769472000000, 0.0182], [1769558400000, 0.062376], [1769644800000, 0.0387]], "closing_price": [[1763337600000, 102.0], [1763424000000, 98.2], [1763510400000, 99.6], [1763596800000, 99.0], [1763683200000, 97.6], [1763942400000, 101.5], [1764028800000, 102.0], [1764115200000, 99.5], [1764201600000, 100.0], [1764288000000, 99.5], [1764547200000, 99.2], [1764633600000, 99.5], [1764720000000, 98.5], [1764806400000, 97.5], [1764892800000, 97.1], [1765152000000, 97.3], [1765238400000, 96.3], [1765324800000, 94.1], [1765411200000, 93.5], [1765497600000, 93.3], [1765756800000, 93.2], [1765843200000, 91.3], [1765929600000, 91.5], [1766016000000, 90.5], [1766102400000, 93.2], [1766361600000, 90.9], [1766448000000, 91.0], [1766534400000, 92.3], [1766707200000, 92.0], [1766966400000, 92.0], [1767052800000, 92.8], [1767139200000, 93.0], [1767312000000, 92.9], [1767571200000, 92.4], [1767657600000, 91.1], [1767744000000, 90.5], [1767830400000, 90.5], [1767916800000, 92.2], [1768176000000, 91.0], [1768262400000, 90.5], [1768348800000, 90.3], [1768435200000, 91.2], [1768521600000, 92.0], [1768780800000, 91.5], [1768867200000, 90.2], [1768953600000, 91.1], [1769040000000, 90.6], [1769126400000, 90.6], [1769385600000, 91.0], [1769472000000, 91.0], [1769558400000, 90.4], [1769644800000, 90.0]], "margin_ratio": [[1763337600000, 3.275366568914956], [1763424000000, 0.6947434017595309], [1763510400000, 0.3066862170087976], [1763596800000, 0.2794354838709677], [1763683200000, 0.6117888563049853], [1763942400000, 0.7404142228739002], [1764028800000, 0.32903225806451614], [1764115200000, 0.2224890029325513], [1764201600000, 0.5021994134897361], [1764288000000, 0.5069831378299121], [1764547200000, 0.13090909090909092], [1764633600000, 0.3319098240469208], [1764720000000, 0.9929435483870966], [1764806400000, 0.1751282991202346], [1764892800000, 0.11390029325513197], [1765152000000, 0.2532368035190616], [1765238400000, 0.8931048387096772], [1765324800000, 0.2656048387096774], [1765411200000, 0.3221774193548387], [1765497600000, 0.3043878299120234], [1765756800000, 0.17082111436950148], [1765843200000, 0.036814516129032256], [1765929600000, 0.3219941348973607], [1766016000000, 0.056396627565982405], [1766102400000, 0.054662756598240464], [1766361600000, 0.16660557184750732], [1766448000000, 0.053372434017595304], [1766534400000, 0.2469904692082111], [1766707200000, 0.10454545454545454], [1766966400000, 0.06070381231671554], [1767052800000, 0.2585337243401759], [1767139200000, 0.10568181818181818], [1767312000000, 0.10556818181818182], [1767571200000, 0.09822580645161291], [1767657600000, 0.100183284457478], [1767744000000, 0.23553885630498536], [1767830400000, 0.09288856304985338], [1767916800000, 0.06759530791788856], [1768176000000, 0.11675219941348974], [1768262400000, 0.08957111436950145], [1768348800000, 0.1423350439882698], [1768435200000, 0.043460410557184755], [1768521600000, 0.09780058651026391], [1768780800000, 0.08385263929618768], [1768867200000, 0.06282258064516129], [1768953600000, 0.030054985337243396], [1769040000000, 0.04649560117302052], [1769126400000, 0.039853372434017584], [1769385600000, 0.17346041055718475], [1769472000000, 0.06671554252199415], [1769558400000, 0.2286510263929619], [1769644800000, 0.14186217008797652]]}