{"margin_balance": [[1763337600000, 0.89352], [1763424000000, 0.18952600000000003], [1763510400000, 0.083664], [1763596800000, 0.07623], [1763683200000, 0.166896], [1763942400000, 0.201985], [1764028800000, 0.08976], [1764115200000, 0.060695], [1764201600000, 0.137], [1764288000000, 0.138305], [1764547200000, 0.03571200000000001], [1764633600000, 0.090545], [1764720000000, 0.270875], [1764806400000, 0.047775], [1764892800000, 0.031072], [1765152000000, 0.069083], [1765238400000, 0.24363899999999997], [1765324800000, 0.072457], [1765411200000, 0.08789], [1765497600000, 0.08303699999999999], [1765756800000, 0.0466], [1765843200000, 0.010043], [1765929600000, 0.08784], [1766016000000, 0.015385], [1766102400000, 0.014912], [1766361600000, 0.04545], [1766448000000, 0.01456], [1766534400000, 0.067379], [1766707200000, 0.02852], [1766966400000, 0.01656], [1767052800000, 0.070528], [1767139200000, 0.02883], [1767312000000, 0.028799], [1767571200000, 0.026796000000000004], [1767657600000, 0.02733], [1767744000000, 0.064255], [1767830400000, 0.02534], [1767916800000, 0.01844], [1768176000000, 0.03185], [1768262400000, 0.024435], [1768348800000, 0.038829], [1768435200000, 0.011856000000000002], [1768521600000, 0.02668], [1768780800000, 0.022875], [1768867200000, 0.017138], [1768953600000, 0.008199], [1769040000000, 0.012683999999999997], [1769126400000, 0.010871999999999998], [1769385600000, 0.04732], [1769472000000, 0.0182], [1769558400000, 0.062376], [1769644800000, 0.0387], [1769731200000, 0.041877], [1769990400000, 0.01068], [1770076800000, 0.007128], [1770163200000, 0.007104], [1770249600000, 0.01232], [1770336000000, 0.01513], [1770595200000, 0.01068], [1770681600000, 0.028384], [1770768000000, 0.032708], [1771804800000, 0.018921], [1771891200000, 0.0099], [1771977600000, 0.03588], [1772064000000, 0.019756], [1772409600000, 0.018963], [1772496000000, 0.0445], [1772582400000, 0.01232], [1772668800000, 0.015504], [1772755200000, 0.01513], [1773014400000, 0.023922], [1773100800000, 0.00908], [1773187200000, 0.024165], [1773273600000, 0.003568], [1773360000000, 0.16213199999999997], [1773619200000, 0.068925], [1773705600000, 0.03276], [1773792000000, 0.04232], [1773878400000, 0.05508], [1773964800000, 0.100171]], "closing_price": [[1763337600000, 102.0], [1763424000000, 98.2], [1763510400000, 99.6], [1763596800000, 99.0], [1763683200000, 97.6], [1763942400000, 101.5], [1764028800000, 102.0], [1764115200000, 99.5], [1764201600000, 100.0], [1764288000000, 99.5], [1764547200000, 99.2], [1764633600000, 99.5], [1764720000000, 98.5], [1764806400000, 97.5], [1764892800000, 97.1], [1765152000000, 97.3], [1765238400000, 96.3], [1765324800000, 94.1], [1765411200000, 93.5], [1765497600000, 93.3], [1765756800000, 93.2], [1765843200000, 91.3], [1765929600000, 91.5], [1766016000000, 90.5], [1766102400000, 93.2], [1766361600000, 90.9], [1766448000000, 91.0], [1766534400000, 92.3], [1766707200000, 92.0], [1766966400000, 92.0], [1767052800000, 92.8], [1767139200000, 93.0], [1767312000000, 92.9], [1767571200000, 92.4], [1767657600000, 91.1], [1767744000000, 90.5], [1767830400000, 90.5], [1767916800000, 92.2], [1768176000000, 91.0], [1768262400000, 90.5], [1768348800000, 90.3], [1768435200000, 91.2], [1768521600000, 92.0], [1768780800000, 91.5], [1768867200000, 90.2], [1768953600000, 91.1], [1769040000000, 90.6], [1769126400000, 90.6], [1769385600000, 91.0], [1769472000000, 91.0], [1769558400000, 90.4], [1769644800000, 90.0], [1769731200000, 89.1], [1769990400000, 89.0], [1770076800000, 89.1], [1770163200000, 88.8], [1770249600000, 88.0], [1770336000000, 89.0], [1770595200000, 89.0], [1770681600000, 88.7], [1770768000000, 88.4], [1771804800000, 90.1], [1771891200000, 90.0], [1771977600000, 89.7], [1772064000000, 89.8], [1772409600000, 90.3], [1772496000000, 89.0], [1772582400000, 88.0], [1772668800000, 91.2], [1772755200000, 89.0], [1773014400000, 88.6], [1773100800000, 90.8], [1773187200000, 89.5], [1773273600000, 89.2], [1773360000000, 91.6], [1773619200000, 91.9], [1773705600000, 91.0], [1773792000000, 92.0], [1773878400000, 91.8], [1773964800000, 91.9]], "margin_ratio": [[1763337600000, 3.120922109675166], [1763424000000, 0.6619839329374784], [1763510400000, 0.29222493887530565], [1763596800000, 0.26625916870415656], [1763683200000, 0.5829409710094307], [1763942400000, 0.7055012224938875], [1764028800000, 0.3135172895564094], [1764115200000, 0.2119979042961928], [1764201600000, 0.47851903597624873], [1764288000000, 0.48307719175689845], [1764547200000, 0.12473629060426131], [1764633600000, 0.3162591687041565], [1764720000000, 0.9461229479566888], [1764806400000, 0.16687041564792177], [1764892800000, 0.10852951449528467], [1765152000000, 0.24129584352078243], [1765238400000, 0.850991966468739], [1765324800000, 0.253080684596577], [1765411200000, 0.30698567935731746], [1765497600000, 0.2900349283967865], [1765756800000, 0.16276632902549776], [1765843200000, 0.035078588892769824], [1765929600000, 0.30681103737338455], [1766016000000, 0.053737338456164865], [1766102400000, 0.05208522528815927], [1766361600000, 0.15874956339504018], [1766448000000, 0.0508557457212714], [1766534400000, 0.23534404470834788], [1766707200000, 0.09961578763534754], [1766966400000, 0.05784142507858889], [1767052800000, 0.24634299685644426], [1767139200000, 0.10069856793573176], [1767312000000, 0.10059028990569334], [1767571200000, 0.09359413202933987], [1767657600000, 0.09545930841774362], [1767744000000, 0.22443241355221796], [1767830400000, 0.08850855745721273], [1767916800000, 0.06440796367446734], [1768176000000, 0.11124694376528119], [1768262400000, 0.08534753754802654], [1768348800000, 0.1356234718826406], [1768435200000, 0.04141110723017814], [1768521600000, 0.09318896262661544], [1768780800000, 0.0798987076493189], [1768867200000, 0.05986028641285366], [1768953600000, 0.02863779252532309], [1769040000000, 0.04430317848410757], [1769126400000, 0.03797415298637792], [1769385600000, 0.16528117359413202], [1769472000000, 0.06356968215158924], [1769558400000, 0.21786936779601818], [1769644800000, 0.13517289556409362], [1769731200000, 0.14626964722319244], [1769990400000, 0.037303527768075447], [1770076800000, 0.02489696122947957], [1770163200000, 0.024813133077191758], [1770249600000, 0.043031784841075796], [1770336000000, 0.05284666433810688], [1770595200000, 0.037303527768075447], [1770681600000, 0.09914076143904996], [1770768000000, 0.11424380020957038], [1771804800000, 0.0660880195599022], [1771891200000, 0.03457911281872162], [1771977600000, 0.12532308767027595], [1772064000000, 0.06900454069158225], [1772409600000, 0.06623471882640587], [1772496000000, 0.15543136570031435], [1772582400000, 0.043031784841075796], [1772668800000, 0.054152986377925254], [1772755200000, 0.05284666433810688], [1773014400000, 0.0835557107928746], [1773100800000, 0.03171498428222144], [1773187200000, 0.08440447083478868], [1773273600000, 0.012462451973454419], [1773360000000, 0.5663010827803003], [1773619200000, 0.24074397485155433], [1773705600000, 0.11442542787286063], [1773792000000, 0.1478169752008383], [1773878400000, 0.1923856095005239], [1773964800000, 0.3498812434509256]]}