{"margin_balance": [[1766361600000, 14.4613], [1766448000000, 11.865], [1766534400000, 4.7428], [1766707200000, 7.50891], [1766966400000, 11.9972], [1767052800000, 5.43165], [1767139200000, 7.38514], [1767312000000, 30.06021], [1767571200000, 9.32756], [1767657600000, 6.10344], [1767744000000, 3.0191], [1767830400000, 4.5152], [1767916800000, 2.52882], [1768176000000, 4.8764], [1768262400000, 8.15262], [1768348800000, 4.43486], [1768435200000, 2.85498], [1768521600000, 2.7192], [1768780800000, 5.06499], [1768867200000, 9.52956], [1768953600000, 6.1124], [1769040000000, 5.44236], [1769126400000, 3.77784], [1769385600000, 2.85428], [1769472000000, 8.22081], [1769558400000, 1.08672], [1769644800000, 4.6656], [1769731200000, 3.2091], [1769990400000, 2.33987], [1770076800000, 7.06176], [1770163200000, 4.624], [1770249600000, 1.83141], [1770336000000, 2.53266], [1770595200000, 1.1058], [1770681600000, 4.63166], [1770768000000, 13.8417], [1771804800000, 19.96576], [1771891200000, 7.29015], [1771977600000, 7.7814], [1772064000000, 5.70657], [1772409600000, 3.47011], [1772496000000, 3.1248], [1772582400000, 3.07296], [1772668800000, 2.01335], [1772755200000, 1.16725], [1773014400000, 2.1888], [1773100800000, 1.18125], [1773187200000, 10.35118], [1773273600000, 4.67116], [1773360000000, 4.91579], [1773619200000, 3.80256], [1773705600000, 4.51554], [1773792000000, 4.13055], [1773878400000, 4.26682], [1773964800000, 3.36449], [1774224000000, 2.62908], [1774310400000, 2.27106], [1774396800000, 1.89864], [1774483200000, 6.20576], [1774569600000, 4.4933]], "closing_price": [[1766361600000, 730.0], [1766448000000, 678.0], [1766534400000, 668.0], [1766707200000, 687.0], [1766966400000, 712.0], [1767052800000, 739.0], [1767139200000, 749.0], [1767312000000, 769.0], [1767571200000, 731.0], [1767657600000, 692.0], [1767744000000, 665.0], [1767830400000, 680.0], [1767916800000, 669.0], [1768176000000, 668.0], [1768262400000, 658.0], [1768348800000, 622.0], [1768435200000, 622.0], [1768521600000, 618.0], [1768780800000, 623.0], [1768867200000, 618.0], [1768953600000, 590.0], [1769040000000, 589.0], [1769126400000, 583.0], [1769385600000, 572.0], [1769472000000, 591.0], [1769558400000, 566.0], [1769644800000, 576.0], [1769731200000, 563.0], [1769990400000, 533.0], [1770076800000, 576.0], [1770163200000, 578.0], [1770249600000, 567.0], [1770336000000, 573.0], [1770595200000, 570.0], [1770681600000, 569.0], [1770768000000, 645.0], [1771804800000, 688.0], [1771891200000, 655.0], [1771977600000, 660.0], [1772064000000, 669.0], [1772409600000, 623.0], [1772496000000, 630.0], [1772582400000, 582.0], [1772668800000, 601.0], [1772755200000, 575.0], [1773014400000, 576.0], [1773100800000, 625.0], [1773187200000, 691.0], [1773273600000, 676.0], [1773360000000, 667.0], [1773619200000, 699.0], [1773705600000, 699.0], [1773792000000, 685.0], [1773878400000, 673.0], [1773964800000, 661.0], [1774224000000, 654.0], [1774310400000, 666.0], [1774396800000, 648.0], [1774483200000, 656.0], [1774569600000, 686.0]], "margin_ratio": [[1766361600000, 6.53647622491412], [1766448000000, 5.362954257819562], [1766534400000, 2.1437353100705114], [1766707200000, 3.394011028747062], [1766966400000, 5.4227083709998185], [1767052800000, 2.4550940155487257], [1767139200000, 3.338067257277165], [1767312000000, 13.587149701681431], [1767571200000, 4.216036883022961], [1767657600000, 2.7587416380401373], [1767744000000, 1.364626649792081], [1767830400000, 2.0408606038691013], [1767916800000, 1.1430211534984631], [1768176000000, 2.204122220213343], [1768262400000, 3.68496655216055], [1768348800000, 2.0045470981739286], [1768435200000, 1.2904447658651237], [1768521600000, 1.2290725004519978], [1768780800000, 2.2893644910504425], [1768867200000, 4.307340444765865], [1768953600000, 2.7627915386006148], [1769040000000, 2.459934912312421], [1769126400000, 1.7075754836376782], [1769385600000, 1.2901283673838366], [1769472000000, 3.7157882842162357], [1769558400000, 0.49119508226360503], [1769644800000, 2.1088410775628277], [1769731200000, 1.4505062375700595], [1769990400000, 1.0576161634424155], [1770076800000, 3.1919001988790447], [1770163200000, 2.090037967817754], [1770249600000, 0.8277933465919364], [1770336000000, 1.144756825167239], [1770595200000, 0.49981920086783577], [1770681600000, 2.0935002711986983], [1770768000000, 6.2564183691918265], [1771804800000, 9.024480202495027], [1771891200000, 3.29513198336648], [1771977600000, 3.5171759175555954], [1772064000000, 2.5793572590851563], [1772409600000, 1.5684821912854818], [1772496000000, 1.4124028204664618], [1772582400000, 1.388971252937986], [1772668800000, 0.9100298318568071], [1772755200000, 0.5275944675465557], [1773014400000, 0.9893328512023143], [1773100800000, 0.5339224371723015], [1773187200000, 4.678710902187669], [1773273600000, 2.1113541854999096], [1773360000000, 2.2219264147532094], [1773619200000, 1.718748870005424], [1773705600000, 2.041014283131441], [1773792000000, 1.8669996384017358], [1773878400000, 1.928593382751763], [1773964800000, 1.5207421804375338], [1774224000000, 1.1883384559754113], [1774310400000, 1.0265141927318748], [1774396800000, 0.8581811607304285], [1774483200000, 2.8049900560477306], [1774569600000, 2.0309618513831134]]}