{"margin_balance": [[1758499200000, 0.011592], [1759104000000, 0.013891], [1759708800000, 0.017649], [1760313600000, 0.021], [1760918400000, 0.0200285], [1761523200000, 0.0178895], [1762128000000, 0.0207], [1762732800000, 0.01806], [1763337600000, 0.017632], [1763942400000, 0.016419], [1764547200000, 0.022984], [1765152000000, 0.026442999999999994], [1765756800000, 0.03654], [1766361600000, 0.03036], [1766966400000, 0.03772], [1767571200000, 0.032696], [1768176000000, 0.025536], [1768780800000, 0.039779999999999996], [1769385600000, 0.0517], [1769990400000, 0.05966400000000001], [1770595200000, 0.04906], [1771200000000, 0.05208], [1771804800000, 0.05255400000000001], [1771891200000, 0.05261099999999999], [1771977600000, 0.051754], [1772064000000, 0.05312799999999999], [1772409600000, 0.0534905], [1772496000000, 0.053631], [1772582400000, 0.0529375], [1772668800000, 0.054243], [1772755200000, 0.06052], [1773014400000, 0.060771], [1773100800000, 0.063206], [1773187200000, 0.061824], [1773273600000, 0.06258], [1773360000000, 0.06435], [1773619200000, 0.06612], [1773705600000, 0.067473], [1773792000000, 0.06762], [1773878400000, 0.067118], [1773964800000, 0.0698275], [1774224000000, 0.06942], [1774310400000, 0.070044], [1774396800000, 0.07192], [1774483200000, 0.072], [1774569600000, 0.07217099999999999], [1774828800000, 0.06885], [1774915200000, 0.0672705], [1775001600000, 0.07458000000000001], [1775088000000, 0.08228], [1775520000000, 0.109996], [1775606400000, 0.15707], [1775692800000, 0.124705], [1775779200000, 0.192296], [1776038400000, 0.232092], [1776124800000, 0.24477], [1776211200000, 0.26649]], "closing_price": [[1750636800000, 56.2], [1751241600000, 60.0], [1751846400000, 59.8], [1752451200000, 57.8], [1753056000000, 55.7], [1753660800000, 51.0], [1754265600000, 50.1], [1754870400000, 49.95], [1755475200000, 45.9], [1756080000000, 41.1], [1756684800000, 44.1], [1757289600000, 44.1], [1757894400000, 43.9], [1758499200000, 50.4], [1759104000000, 47.9], [1759708800000, 47.7], [1760313600000, 50.0], [1760918400000, 48.85], [1761523200000, 48.35], [1762128000000, 45.0], [1762732800000, 45.15], [1763337600000, 46.4], [1763942400000, 42.1], [1764547200000, 44.2], [1765152000000, 42.65], [1765756800000, 43.5], [1766361600000, 44.0], [1766966400000, 47.15], [1767571200000, 48.8], [1768176000000, 44.8], [1768780800000, 46.8], [1769385600000, 47.0], [1769990400000, 45.2], [1770595200000, 44.6], [1771200000000, 46.5], [1771804800000, 46.1], [1771891200000, 46.15], [1771977600000, 45.8], [1772064000000, 45.8], [1772409600000, 44.95], [1772496000000, 45.45], [1772582400000, 43.75], [1772668800000, 44.1], [1772755200000, 44.5], [1773014400000, 43.1], [1773100800000, 44.2], [1773187200000, 44.8], [1773273600000, 44.7], [1773360000000, 45.0], [1773619200000, 45.6], [1773705600000, 45.9], [1773792000000, 46.0], [1773878400000, 45.35], [1773964800000, 45.05], [1774224000000, 44.5], [1774310400000, 44.9], [1774396800000, 44.95], [1774483200000, 45.0], [1774569600000, 44.55], [1774828800000, 45.0], [1774915200000, 44.55], [1775001600000, 45.2], [1775088000000, 46.75], [1775520000000, 51.4], [1775606400000, 56.5], [1775692800000, 50.9], [1775779200000, 55.9], [1776038400000, 61.4], [1776124800000, 59.7], [1776211200000, 63.0]], "margin_ratio": [[1758499200000, 0.05449929478138223], [1759104000000, 0.06530794546309357], [1759708800000, 0.08297602256699578], [1760313600000, 0.09873060648801128], [1760918400000, 0.09416314057357782], [1761523200000, 0.08410672308415608], [1762128000000, 0.09732016925246827], [1762732800000, 0.0849083215796897], [1763337600000, 0.082896097790315], [1763942400000, 0.0771932299012694], [1764547200000, 0.10805829807240244], [1765152000000, 0.12432063939821342], [1765756800000, 0.17179125528913966], [1766361600000, 0.14273624823695347], [1766966400000, 0.17733897508227547], [1767571200000, 0.15371885284438178], [1768176000000, 0.12005641748942172], [1768780800000, 0.18702397743300422], [1769385600000, 0.24306535025858017], [1769990400000, 0.28050775740479555], [1770595200000, 0.2306535025858016], [1771200000000, 0.24485190409026797], [1771804800000, 0.247080394922426], [1771891200000, 0.2473483779971791], [1771977600000, 0.2433192289609779], [1772064000000, 0.24977903149976488], [1772409600000, 0.2514833098260461], [1772496000000, 0.25214386459802535], [1772582400000, 0.2488834038551951], [1772668800000, 0.25502115655853314], [1772755200000, 0.2845322049835449], [1773014400000, 0.28571227080394923], [1773100800000, 0.2971603196991067], [1773187200000, 0.2906629055007052], [1773273600000, 0.29421720733427364], [1773360000000, 0.30253878702397746], [1773619200000, 0.3108603667136812], [1773705600000, 0.3172214386459803], [1773792000000, 0.31791255289139636], [1773878400000, 0.3155524212505877], [1773964800000, 0.32829102021626705], [1774224000000, 0.32637517630465446], [1774310400000, 0.3293088857545839], [1774396800000, 0.3381288199341796], [1774483200000, 0.3385049365303244], [1774569600000, 0.33930888575458384], [1774828800000, 0.3236953455571227], [1774915200000, 0.31626939351198874], [1775001600000, 0.3506346967559944], [1775088000000, 0.38683591913493187], [1775520000000, 0.5171415138692995], [1775606400000, 0.7384579219558063], [1775692800000, 0.5862952515279737], [1775779200000, 0.9040714621532674], [1776038400000, 1.0911706629055007], [1776124800000, 1.1507757404795487], [1776211200000, 1.2528913963328634]]}