{"margin_balance": [[1757289600000, 6.62067], [1757376000000, 4.24673], [1757462400000, 3.47842], [1757548800000, 2.92656], [1757635200000, 2.09328], [1757894400000, 2.63078], [1757980800000, 1.70451], [1758067200000, 3.44076], [1758153600000, 1.165425], [1758240000000, 1.10271], [1758499200000, 1.00647], [1758585600000, 0.73514], [1758672000000, 0.578765], [1758758400000, 0.5797], [1758844800000, 1.57335], [1759190400000, 0.708525], [1759276800000, 1.07565], [1759363200000, 1.076355], [1759449600000, 2.295], [1759795200000, 1.711], [1759881600000, 1.59685], [1759968000000, 1.27735], [1760313600000, 1.2367], [1760400000000, 0.6969], [1760486400000, 0.79328], [1760572800000, 0.48924], [1760659200000, 0.89397], [1760918400000, 0.62916], [1761004800000, 0.85848], [1761091200000, 1.47924], [1761177600000, 0.40158], [1761523200000, 3.554615], [1761609600000, 1.5435], [1761696000000, 0.442935], [1761782400000, 2.47104], [1761868800000, 1.5785], [1762128000000, 0.72165], [1762214400000, 0.52266], [1762300800000, 1.35036], [1762387200000, 3.952245], [1762473600000, 1.106], [1762732800000, 1.99215], [1762819200000, 1.266135], [1762905600000, 0.240555], [1762992000000, 0.39325], [1763078400000, 0.44986], [1763337600000, 0.77816], [1763424000000, 3.6575], [1763510400000, 0.38979], [1763596800000, 0.366525], [1763683200000, 0.5886], [1763942400000, 0.26112], [1764028800000, 0.2943], [1764115200000, 0.297995], [1764201600000, 0.911375], [1764288000000, 2.3994], [1764547200000, 0.37944], [1764633600000, 0.302475], [1764720000000, 0.531375], [1764806400000, 0.31065], [1764892800000, 0.198925], [1765152000000, 0.28392], [1765238400000, 0.273], [1765324800000, 0.336405], [1765411200000, 0.29532], [1765497600000, 4.274975], [1765756800000, 1.54726], [1765843200000, 1.06428], [1765929600000, 0.33768], [1766016000000, 0.2948], [1766102400000, 0.11653], [1766361600000, 0.10298], [1766448000000, 0.25474], [1766534400000, 0.436455], [1766707200000, 0.51512], [1766966400000, 0.35904], [1767052800000, 0.83545], [1767139200000, 2.04849], [1767312000000, 1.39876], [1767571200000, 4.485], [1767657600000, 3.81045], [1767744000000, 6.9264], [1767830400000, 0.6498], [1767916800000, 0.434775], [1768176000000, 0.8832], [1768262400000, 0.3672], [1768348800000, 0.5751], [1768435200000, 0.3672]], "closing_price": [[1757289600000, 339.0], [1757376000000, 331.0], [1757462400000, 326.0], [1757548800000, 336.0], [1757635200000, 336.0], [1757894400000, 330.5], [1757980800000, 321.0], [1758067200000, 318.0], [1758153600000, 307.5], [1758240000000, 311.5], [1758499200000, 316.5], [1758585600000, 311.5], [1758672000000, 309.5], [1758758400000, 310.0], [1758844800000, 308.5], [1759190400000, 301.5], [1759276800000, 303.0], [1759363200000, 301.5], [1759449600000, 300.0], [1759795200000, 295.0], [1759881600000, 293.0], [1759968000000, 295.0], [1760313600000, 298.0], [1760400000000, 303.0], [1760486400000, 296.0], [1760572800000, 302.0], [1760659200000, 297.0], [1760918400000, 294.0], [1761004800000, 294.0], [1761091200000, 293.5], [1761177600000, 291.0], [1761523200000, 294.5], [1761609600000, 294.0], [1761696000000, 289.5], [1761782400000, 288.0], [1761868800000, 287.0], [1762128000000, 283.0], [1762214400000, 281.0], [1762300800000, 279.0], [1762387200000, 280.5], [1762473600000, 280.0], [1762732800000, 285.0], [1762819200000, 279.5], [1762905600000, 276.5], [1762992000000, 275.0], [1763078400000, 271.0], [1763337600000, 274.0], [1763424000000, 275.0], [1763510400000, 274.5], [1763596800000, 271.5], [1763683200000, 272.5], [1763942400000, 272.0], [1764028800000, 270.0], [1764115200000, 278.5], [1764201600000, 287.5], [1764288000000, 279.0], [1764547200000, 279.0], [1764633600000, 272.5], [1764720000000, 272.5], [1764806400000, 272.5], [1764892800000, 272.5], [1765152000000, 273.0], [1765238400000, 273.0], [1765324800000, 273.5], [1765411200000, 276.0], [1765497600000, 278.5], [1765756800000, 270.5], [1765843200000, 271.5], [1765929600000, 268.0], [1766016000000, 268.0], [1766102400000, 271.0], [1766361600000, 271.0], [1766448000000, 271.0], [1766534400000, 274.5], [1766707200000, 274.0], [1766966400000, 272.0], [1767052800000, 269.5], [1767139200000, 281.0], [1767312000000, 289.0], [1767571200000, 287.5], [1767657600000, 285.0], [1767744000000, 288.0], [1767830400000, 285.0], [1767916800000, 280.5], [1768176000000, 276.0], [1768262400000, 270.0], [1768348800000, 270.0], [1768435200000, 270.0]], "margin_ratio": [[1757289600000, 6.050694571376348], [1757376000000, 3.8811277645768603], [1757462400000, 3.1789617985743006], [1757548800000, 2.6746115883750683], [1757635200000, 1.9130689087918114], [1757894400000, 2.404295375616889], [1757980800000, 1.557768232498629], [1758067200000, 3.1445439590568456], [1758153600000, 1.0650932187899835], [1758240000000, 1.0077773715956864], [1758499200000, 0.9198227015170901], [1758585600000, 0.6718515810637908], [1758672000000, 0.5289389508316579], [1758758400000, 0.5297934564065071], [1758844800000, 1.437899835496253], [1759190400000, 0.6475278742460244], [1759276800000, 0.9830469749588739], [1759363200000, 0.9836912813014074], [1759449600000, 2.0974227746298664], [1759795200000, 1.5636995064887589], [1759881600000, 1.4593767135806983], [1759968000000, 1.167382562602815], [1760313600000, 1.130232133065253], [1760400000000, 0.636903673917017], [1760486400000, 0.7249862913544142], [1760572800000, 0.4471211844269786], [1760659200000, 0.8170078596234692], [1760918400000, 0.5749954304514715], [1761004800000, 0.7845732041674283], [1761091200000, 1.3518917930908427], [1761177600000, 0.3670078596234692], [1761523200000, 3.248597148601718], [1761609600000, 1.410619630780479], [1761696000000, 0.4048025955035643], [1761782400000, 2.258307439225004], [1761868800000, 1.4426064704807164], [1762128000000, 0.6595229391336136], [1762214400000, 0.47766404679217694], [1762300800000, 1.2341071102175105], [1762387200000, 3.611995064887589], [1762473600000, 1.0107841345275088], [1762732800000, 1.8206452202522392], [1762819200000, 1.157133065253153], [1762905600000, 0.21984554925973313], [1762992000000, 0.3593949917748126], [1763078400000, 0.41113142021568266], [1763337600000, 0.7111679766039115], [1763424000000, 3.342624748674831], [1763510400000, 0.35623286419301775], [1763596800000, 0.3349707548894169], [1763683200000, 0.5379272527874246], [1763942400000, 0.23864010235788705], [1764028800000, 0.2689636263937123], [1764115200000, 0.2723405227563517], [1764201600000, 0.8329144580515445], [1764288000000, 2.1928349479071465], [1764547200000, 0.3467738987388046], [1764633600000, 0.2764348382379821], [1764720000000, 0.4856287698775361], [1764806400000, 0.28390605008225184], [1764892800000, 0.1817994882105648], [1765152000000, 0.2594772436483275], [1765238400000, 0.2494973496618534], [1765324800000, 0.3074437945530981], [1765411200000, 0.2698958142935478], [1765497600000, 3.9069411442149518], [1765756800000, 1.4140559312739902], [1765843200000, 0.9726558216048253], [1765929600000, 0.30860902942789253], [1766016000000, 0.2694205812465728], [1766102400000, 0.10649789800767683], [1766361600000, 0.09411442149515628], [1766448000000, 0.23280935843538658], [1766534400000, 0.39888046061049165], [1766707200000, 0.47077316761104], [1766966400000, 0.32813014074209473], [1767052800000, 0.7635258636446719], [1767139200000, 1.8721348930725645], [1767312000000, 1.2783403399744104], [1767571200000, 4.09888503015902], [1767657600000, 3.482407238164869], [1767744000000, 6.3301041857064515], [1767830400000, 0.5938585267775545], [1767916800000, 0.3973450923048803], [1768176000000, 0.8071650520928533], [1768262400000, 0.33558764394077867], [1768348800000, 0.52558947176019], [1768435200000, 0.33558764394077867]]}