{"margin_balance": [[1729468800000, 0.000108], [1730073600000, 7.28e-05], [1730678400000, 6.35e-05], [1731283200000, 2.3000000000000003e-05], [1731888000000, 3.25e-05], [1732492800000, 1.5e-05], [1733097600000, 4.35e-05], [1733702400000, 6.75e-05], [1734307200000, 1.6e-05], [1734912000000, 1.1500000000000002e-05], [1736121600000, 1.36e-05], [1736726400000, 1.5e-05], [1737331200000, 6.5e-06], [1737936000000, 1.2e-06], [1739145600000, 1.7999999999999997e-05], [1739750400000, 1.1500000000000002e-05], [1740355200000, 1e-05], [1740960000000, 1e-05], [1741564800000, 1.2e-05], [1742169600000, 9.5e-06], [1742774400000, 9.5e-06], [1743379200000, 5e-06], [1743984000000, 3.3e-06], [1744588800000, 1.85e-05], [1745193600000, 1e-05], [1745798400000, 8.999999999999999e-06], [1746403200000, 6.4e-06], [1747008000000, 5.5e-06], [1747612800000, 4e-06], [1748217600000, 1.5e-06], [1748822400000, 3.2e-06], [1749427200000, 3.5000000000000004e-06], [1750032000000, 1.7000000000000003e-05], [1750636800000, 2e-06], [1751241600000, 3.5000000000000004e-06], [1751846400000, 5e-06], [1752451200000, 6e-06], [1753056000000, 3e-06], [1753660800000, 4e-06], [1754265600000, 6e-06], [1754870400000, 5.5e-06], [1755475200000, 1.1e-05], [1756080000000, 4e-06], [1756684800000, 7.000000000000001e-06], [1757289600000, 5e-06], [1757894400000, 9.5e-06], [1758499200000, 3e-06], [1759104000000, 3e-06], [1759708800000, 1.6e-06], [1760313600000, 1.5000000000000002e-06], [1760918400000, 3e-06], [1761523200000, 3.2e-06], [1762128000000, 2e-06], [1762732800000, 2e-06], [1763337600000, 4e-06], [1763942400000, 3e-06], [1764547200000, 1.5e-06], [1765152000000, 2e-06], [1765756800000, 2.5e-06], [1766361600000, 1.5e-06], [1766966400000, 1.2e-06], [1767571200000, 2.4e-06], [1768176000000, 2e-06], [1768780800000, 2.5e-06], [1769385600000, 4e-06], [1769990400000, 2.5e-06], [1770595200000, 3e-06], [1771200000000, 1.8e-06]], "closing_price": [[1729468800000, 3.0], [1730073600000, 4.0], [1730678400000, 5.0], [1731283200000, 5.0], [1731888000000, 5.0], [1732492800000, 5.0], [1733097600000, 5.0], [1733702400000, 5.0], [1734307200000, 5.0], [1734912000000, 5.0], [1736121600000, 4.0], [1736726400000, 5.0], [1737331200000, 5.0], [1737936000000, 3.0], [1739145600000, 5.0], [1739750400000, 5.0], [1740355200000, 5.0], [1740960000000, 4.0], [1741564800000, 5.0], [1742169600000, 5.0], [1742774400000, 5.0], [1743379200000, 5.0], [1743984000000, 3.0], [1744588800000, 5.0], [1745193600000, 5.0], [1745798400000, 5.0], [1746403200000, 4.0], [1747008000000, 5.0], [1747612800000, 5.0], [1748217600000, 5.0], [1748822400000, 4.0], [1749427200000, 5.0], [1750032000000, 5.0], [1750636800000, 5.0], [1751241600000, 5.0], [1751846400000, 5.0], [1752451200000, 5.0], [1753056000000, 5.0], [1753660800000, 5.0], [1754265600000, 5.0], [1754870400000, 5.0], [1755475200000, 5.0], [1756080000000, 5.0], [1756684800000, 5.0], [1757289600000, 5.0], [1757894400000, 5.0], [1758499200000, 5.0], [1759104000000, 5.0], [1759708800000, 4.0], [1760313600000, 3.0], [1760918400000, 5.0], [1761523200000, 4.0], [1762128000000, 5.0], [1762732800000, 5.0], [1763337600000, 5.0], [1763942400000, 5.0], [1764547200000, 5.0], [1765152000000, 5.0], [1765756800000, 5.0], [1766361600000, 5.0], [1766966400000, 4.0], [1767571200000, 4.0], [1768176000000, 5.0], [1768780800000, 5.0], [1769385600000, 5.0], [1769990400000, 5.0], [1770595200000, 5.0], [1771200000000, 3.0], [1771804800000, 76.9], [1771891200000, 77.3], [1771977600000, 76.9], [1772064000000, 79.0], [1772409600000, 77.8], [1772496000000, 76.6], [1772582400000, 75.0], [1772668800000, 75.9], [1772755200000, 76.7], [1773014400000, 75.6], [1773100800000, 74.0], [1773187200000, 75.1], [1773273600000, 74.7], [1773360000000, 74.8], [1773619200000, 74.4], [1773705600000, 76.0], [1773792000000, 75.7], [1773878400000, 75.9], [1773964800000, 76.6], [1774224000000, 75.4], [1774310400000, 74.0], [1774396800000, 73.7], [1774483200000, 73.1], [1774569600000, 73.1], [1774828800000, 73.0], [1774915200000, 72.6], [1775001600000, 73.0], [1775088000000, 71.5], [1775520000000, 72.0], [1775606400000, 72.1], [1775692800000, 72.4], [1775779200000, 71.9], [1776038400000, 71.0], [1776124800000, 71.1], [1776211200000, 71.0]], "margin_ratio": [[1729468800000, 0.0008005930318754634], [1730073600000, 0.0005396590066716085], [1730678400000, 0.0004707190511489992], [1731283200000, 0.00017049666419570054], [1731888000000, 0.0002409191994069681], [1732492800000, 0.00011119347664936991], [1733097600000, 0.0003224610822831727], [1733702400000, 0.0005003706449221646], [1734307200000, 0.00011860637509266123], [1734912000000, 8.524833209785027e-05], [1736121600000, 0.00010081541882876204], [1736726400000, 0.00011119347664936991], [1737331200000, 4.818383988139362e-05], [1737936000000, 8.895478131949593e-06], [1739145600000, 0.00013343217197924387], [1739750400000, 8.524833209785027e-05], [1740355200000, 7.412898443291327e-05], [1740960000000, 7.412898443291327e-05], [1741564800000, 8.895478131949592e-05], [1742169600000, 7.042253521126761e-05], [1742774400000, 7.042253521126761e-05], [1743379200000, 3.7064492216456636e-05], [1743984000000, 2.4462564862861377e-05], [1744588800000, 0.00013713862120088953], [1745193600000, 7.412898443291327e-05], [1745798400000, 6.671608598962193e-05], [1746403200000, 4.744255003706449e-05], [1747008000000, 4.07709414381023e-05], [1747612800000, 2.9651593773165308e-05], [1748217600000, 1.111934766493699e-05], [1748822400000, 2.3721275018532245e-05], [1749427200000, 2.5945144551519646e-05], [1750032000000, 0.00012601927353595257], [1750636800000, 1.4825796886582654e-05], [1751241600000, 2.5945144551519646e-05], [1751846400000, 3.7064492216456636e-05], [1752451200000, 4.447739065974796e-05], [1753056000000, 2.223869532987398e-05], [1753660800000, 2.9651593773165308e-05], [1754265600000, 4.447739065974796e-05], [1754870400000, 4.07709414381023e-05], [1755475200000, 8.15418828762046e-05], [1756080000000, 2.9651593773165308e-05], [1756684800000, 5.189028910303929e-05], [1757289600000, 3.7064492216456636e-05], [1757894400000, 7.042253521126761e-05], [1758499200000, 2.223869532987398e-05], [1759104000000, 2.223869532987398e-05], [1759708800000, 1.1860637509266123e-05], [1760313600000, 1.1119347664936992e-05], [1760918400000, 2.223869532987398e-05], [1761523200000, 2.3721275018532245e-05], [1762128000000, 1.4825796886582654e-05], [1762732800000, 1.4825796886582654e-05], [1763337600000, 2.9651593773165308e-05], [1763942400000, 2.223869532987398e-05], [1764547200000, 1.111934766493699e-05], [1765152000000, 1.4825796886582654e-05], [1765756800000, 1.8532246108228318e-05], [1766361600000, 1.111934766493699e-05], [1766966400000, 8.895478131949593e-06], [1767571200000, 1.7790956263899185e-05], [1768176000000, 1.4825796886582654e-05], [1768780800000, 1.8532246108228318e-05], [1769385600000, 2.9651593773165308e-05], [1769990400000, 1.8532246108228318e-05], [1770595200000, 2.223869532987398e-05], [1771200000000, 1.3343217197924387e-05]]}