{"margin_balance": [[1766966400000, 7.4e-05], [1767571200000, 5.4e-05], [1768176000000, 3.85e-05], [1768780800000, 3.45e-05]], "closing_price": [[1766966400000, 4.0], [1767571200000, 4.0], [1768176000000, 5.0], [1768780800000, 5.0], [1769385600000, 591.0], [1769472000000, 572.0], [1769558400000, 571.0], [1769644800000, 563.0], [1769731200000, 548.0], [1769990400000, 555.0], [1770076800000, 578.0], [1770163200000, 571.0], [1770249600000, 572.0], [1770336000000, 560.0], [1770595200000, 562.0], [1770681600000, 618.0], [1770768000000, 668.0], [1771804800000, 655.0], [1771891200000, 667.0], [1771977600000, 671.0], [1772064000000, 648.0], [1772409600000, 627.0], [1772496000000, 606.0], [1772582400000, 576.0], [1772668800000, 586.0], [1772755200000, 602.0], [1773014400000, 572.0], [1773100800000, 629.0], [1773187200000, 678.0], [1773273600000, 671.0], [1773360000000, 690.0], [1773619200000, 690.0], [1773705600000, 681.0], [1773792000000, 674.0], [1773878400000, 661.0], [1773964800000, 655.0], [1774224000000, 654.0], [1774310400000, 643.0]], "margin_ratio": [[1766966400000, 3.4418604651162786e-05], [1767571200000, 2.511627906976744e-05], [1768176000000, 1.7906976744186045e-05], [1768780800000, 1.6046511627906974e-05]]}