{"margin_balance": [[1766361600000, 14.4613], [1766448000000, 11.865], [1766534400000, 4.7428], [1766707200000, 7.50891], [1766966400000, 11.9972], [1767052800000, 5.43165], [1767139200000, 7.38514], [1767312000000, 30.06021], [1767571200000, 9.32756], [1767657600000, 6.10344], [1767744000000, 3.0191], [1767830400000, 4.5152], [1767916800000, 2.52882], [1768176000000, 4.8764], [1768262400000, 8.15262], [1768348800000, 4.43486], [1768435200000, 2.85498], [1768521600000, 2.7192], [1768780800000, 5.06499], [1768867200000, 9.52956], [1768953600000, 6.1124], [1769040000000, 5.44236], [1769126400000, 3.77784], [1769385600000, 2.85428], [1769472000000, 8.22081], [1769558400000, 1.08672], [1769644800000, 4.6656], [1769731200000, 3.2091], [1769990400000, 2.33987], [1770076800000, 7.06176], [1770163200000, 4.624], [1770249600000, 1.83141], [1770336000000, 2.53266], [1770595200000, 1.1058], [1770681600000, 4.63166], [1770768000000, 13.8417], [1771804800000, 19.96576], [1771891200000, 7.29015], [1771977600000, 7.7814], [1772064000000, 5.70657], [1772409600000, 3.47011], [1772496000000, 3.1248], [1772582400000, 3.07296], [1772668800000, 2.01335], [1772755200000, 1.16725], [1773014400000, 2.1888], [1773100800000, 1.18125], [1773187200000, 10.35118], [1773273600000, 4.67116], [1773360000000, 4.91579], [1773619200000, 3.80256], [1773705600000, 4.51554], [1773792000000, 4.13055], [1773878400000, 4.26682]], "closing_price": [[1766361600000, 730.0], [1766448000000, 678.0], [1766534400000, 668.0], [1766707200000, 687.0], [1766966400000, 712.0], [1767052800000, 739.0], [1767139200000, 749.0], [1767312000000, 769.0], [1767571200000, 731.0], [1767657600000, 692.0], [1767744000000, 665.0], [1767830400000, 680.0], [1767916800000, 669.0], [1768176000000, 668.0], [1768262400000, 658.0], [1768348800000, 622.0], [1768435200000, 622.0], [1768521600000, 618.0], [1768780800000, 623.0], [1768867200000, 618.0], [1768953600000, 590.0], [1769040000000, 589.0], [1769126400000, 583.0], [1769385600000, 572.0], [1769472000000, 591.0], [1769558400000, 566.0], [1769644800000, 576.0], [1769731200000, 563.0], [1769990400000, 533.0], [1770076800000, 576.0], [1770163200000, 578.0], [1770249600000, 567.0], [1770336000000, 573.0], [1770595200000, 570.0], [1770681600000, 569.0], [1770768000000, 645.0], [1771804800000, 688.0], [1771891200000, 655.0], [1771977600000, 660.0], [1772064000000, 669.0], [1772409600000, 623.0], [1772496000000, 630.0], [1772582400000, 582.0], [1772668800000, 601.0], [1772755200000, 575.0], [1773014400000, 576.0], [1773100800000, 625.0], [1773187200000, 691.0], [1773273600000, 676.0], [1773360000000, 667.0], [1773619200000, 699.0], [1773705600000, 699.0], [1773792000000, 685.0], [1773878400000, 673.0]], "margin_ratio": [[1766361600000, 6.726186046511627], [1766448000000, 5.518604651162791], [1766534400000, 2.205953488372093], [1766707200000, 3.4925162790697675], [1766966400000, 5.580093023255814], [1767052800000, 2.5263488372093024], [1767139200000, 3.434948837209302], [1767312000000, 13.981493023255814], [1767571200000, 4.3384], [1767657600000, 2.8388093023255814], [1767744000000, 1.4042325581395347], [1767830400000, 2.100093023255814], [1767916800000, 1.1761953488372092], [1768176000000, 2.268093023255814], [1768262400000, 3.791916279069768], [1768348800000, 2.0627255813953487], [1768435200000, 1.3278976744186046], [1768521600000, 1.2647441860465114], [1768780800000, 2.3558093023255813], [1768867200000, 4.432353488372093], [1768953600000, 2.8429767441860467], [1769040000000, 2.5313302325581395], [1769126400000, 1.7571348837209302], [1769385600000, 1.327572093023256], [1769472000000, 3.823632558139535], [1769558400000, 0.5054511627906977], [1769644800000, 2.1700465116279073], [1769731200000, 1.4926046511627906], [1769990400000, 1.0883116279069767], [1770076800000, 3.284539534883721], [1770163200000, 2.1506976744186046], [1770249600000, 0.8518186046511629], [1770336000000, 1.1779813953488372], [1770595200000, 0.5143255813953488], [1770681600000, 2.154260465116279], [1770768000000, 6.437999999999999], [1771804800000, 9.2864], [1771891200000, 3.390767441860465], [1771977600000, 3.6192558139534885], [1772064000000, 2.654218604651163], [1772409600000, 1.6140046511627908], [1772496000000, 1.4533953488372093], [1772582400000, 1.4292837209302327], [1772668800000, 0.9364418604651161], [1772755200000, 0.542906976744186], [1773014400000, 1.018046511627907], [1773100800000, 0.5494186046511628], [1773187200000, 4.814502325581395], [1773273600000, 2.172632558139535], [1773360000000, 2.2864139534883723], [1773619200000, 1.7686325581395352], [1773705600000, 2.1002511627906975], [1773792000000, 1.921186046511628], [1773878400000, 1.984567441860465]]}