{"margin_balance": [[1774828800000, 0.07888], [1774915200000, 0.0765], [1775001600000, 0.08154], [1775088000000, 0.066], [1775520000000, 0.05694], [1775606400000, 0.061695], [1775692800000, 0.06102], [1775779200000, 0.06612], [1776038400000, 0.07458], [1776124800000, 0.05508], [1776211200000, 0.0529], [1776297600000, 0.077715], [1776384000000, 0.07656], [1776643200000, 0.07854]], "closing_price": [[1757289600000, 331.0], [1757376000000, 327.5], [1757462400000, 328.0], [1757548800000, 332.0], [1757635200000, 329.0], [1757894400000, 321.0], [1757980800000, 318.0], [1758067200000, 307.5], [1758153600000, 310.0], [1758240000000, 313.0], [1758499200000, 309.5], [1758585600000, 309.5], [1758672000000, 308.5], [1758758400000, 308.5], [1758844800000, 301.5], [1759190400000, 302.0], [1759276800000, 300.0], [1759363200000, 299.0], [1759449600000, 293.5], [1759795200000, 293.0], [1759881600000, 294.5], [1759968000000, 305.0], [1760313600000, 300.0], [1760400000000, 296.5], [1760486400000, 298.5], [1760572800000, 298.0], [1760659200000, 294.0], [1760918400000, 292.0], [1761004800000, 290.5], [1761091200000, 291.0], [1761177600000, 292.0], [1761523200000, 293.0], [1761609600000, 290.0], [1761696000000, 291.0], [1761782400000, 286.5], [1761868800000, 283.0], [1762128000000, 281.0], [1762214400000, 280.0], [1762300800000, 278.0], [1762387200000, 285.5], [1762473600000, 290.5], [1762732800000, 283.0], [1762819200000, 276.5], [1762905600000, 276.5], [1762992000000, 274.5], [1763078400000, 273.5], [1763337600000, 275.0], [1763424000000, 271.5], [1763510400000, 271.0], [1763596800000, 272.5], [1763683200000, 269.0], [1763942400000, 270.0], [1764028800000, 273.5], [1764115200000, 276.5], [1764201600000, 284.0], [1764288000000, 281.0], [1764547200000, 274.5], [1764633600000, 272.0], [1764720000000, 273.0], [1764806400000, 273.5], [1764892800000, 272.5], [1765152000000, 271.0], [1765238400000, 273.5], [1765324800000, 276.0], [1765411200000, 278.0], [1765497600000, 277.0], [1765756800000, 274.0], [1765843200000, 270.0], [1765929600000, 269.0], [1766016000000, 269.0], [1766102400000, 270.5], [1766361600000, 271.0], [1766448000000, 274.5], [1766534400000, 273.5], [1766707200000, 273.5], [1766966400000, 272.5], [1767052800000, 282.5], [1767139200000, 289.0], [1767312000000, 287.5], [1767571200000, 287.5], [1767657600000, 288.0], [1767744000000, 284.5], [1767830400000, 281.5], [1767916800000, 278.5], [1768176000000, 271.5], [1768262400000, 269.5], [1768348800000, 269.5], [1768435200000, 269.5], [1768521600000, 269.0], [1768780800000, 267.0], [1768867200000, 265.0], [1768953600000, 259.0], [1769040000000, 260.5], [1769126400000, 263.5], [1769385600000, 259.5], [1769472000000, 259.5], [1769558400000, 260.0], [1769644800000, 259.0], [1769731200000, 257.0], [1769990400000, 251.0], [1770076800000, 261.0], [1770163200000, 260.0], [1770249600000, 259.0], [1770336000000, 263.5], [1770595200000, 264.0], [1770681600000, 261.0], [1770768000000, 263.5], [1771804800000, 265.0], [1771891200000, 262.0], [1771977600000, 258.0], [1772064000000, 262.5], [1772409600000, 260.0], [1772496000000, 255.5], [1772582400000, 249.0], [1772668800000, 251.5], [1772755200000, 253.5], [1773014400000, 243.0], [1773100800000, 239.0], [1773187200000, 240.5], [1773273600000, 233.5], [1773360000000, 230.0], [1773619200000, 227.0], [1773705600000, 226.0], [1773792000000, 228.5], [1773878400000, 228.0], [1773964800000, 227.5], [1774224000000, 223.5], [1774310400000, 222.5], [1774396800000, 222.0], [1774483200000, 221.0], [1774569600000, 220.0], [1774828800000, 232.0], [1774915200000, 225.0], [1775001600000, 226.5], [1775088000000, 220.0], [1775520000000, 219.0], [1775606400000, 228.5], [1775692800000, 226.0], [1775779200000, 228.0], [1776038400000, 226.0], [1776124800000, 229.5], [1776211200000, 230.0], [1776297600000, 235.5], [1776384000000, 232.0], [1776643200000, 231.0]], "margin_ratio": [[1774828800000, 0.08358588534491894], [1774915200000, 0.08106389742502913], [1775001600000, 0.08640457772597224], [1775088000000, 0.06993748013139768], [1775520000000, 0.06033697149517855], [1775606400000, 0.06537564904100879], [1775692800000, 0.06466037935784677], [1775779200000, 0.07006463918618204], [1776038400000, 0.07902935254847937], [1776124800000, 0.05836600614602097], [1776211200000, 0.056055949984105125], [1776297600000, 0.08235138285472078], [1776384000000, 0.08112747695242131], [1776643200000, 0.08322560135636325]]}