{"margin_balance": [[1757289600000, 6.62067], [1757376000000, 4.24673], [1757462400000, 3.47842], [1757548800000, 2.92656], [1757635200000, 2.09328], [1757894400000, 2.63078], [1757980800000, 1.70451], [1758067200000, 3.44076], [1758153600000, 1.165425], [1758240000000, 1.10271], [1758499200000, 1.00647], [1758585600000, 0.73514], [1758672000000, 0.578765], [1758758400000, 0.5797], [1758844800000, 1.57335], [1759190400000, 0.708525], [1759276800000, 1.07565], [1759363200000, 1.076355], [1759449600000, 2.295], [1759795200000, 1.711], [1759881600000, 1.59685], [1759968000000, 1.27735], [1760313600000, 1.2367], [1760400000000, 0.6969], [1760486400000, 0.79328], [1760572800000, 0.48924], [1760659200000, 0.89397], [1760918400000, 0.62916], [1761004800000, 0.85848], [1761091200000, 1.47924], [1761177600000, 0.40158], [1761523200000, 3.554615], [1761609600000, 1.5435], [1761696000000, 0.442935], [1761782400000, 2.47104], [1761868800000, 1.5785], [1762128000000, 0.72165], [1762214400000, 0.52266], [1762300800000, 1.35036], [1762387200000, 3.952245], [1762473600000, 1.106], [1762732800000, 1.99215], [1762819200000, 1.266135], [1762905600000, 0.240555], [1762992000000, 0.39325], [1763078400000, 0.44986], [1763337600000, 0.77816], [1763424000000, 3.6575], [1763510400000, 0.38979], [1763596800000, 0.366525], [1763683200000, 0.5886], [1763942400000, 0.26112], [1764028800000, 0.2943], [1764115200000, 0.297995], [1764201600000, 0.911375], [1764288000000, 2.3994], [1764547200000, 0.37944], [1764633600000, 0.302475], [1764720000000, 0.531375], [1764806400000, 0.31065], [1764892800000, 0.198925], [1765152000000, 0.28392], [1765238400000, 0.273], [1765324800000, 0.336405], [1765411200000, 0.29532], [1765497600000, 4.274975], [1765756800000, 1.54726], [1765843200000, 1.06428], [1765929600000, 0.33768], [1766016000000, 0.2948], [1766102400000, 0.11653], [1766361600000, 0.10298], [1766448000000, 0.25474], [1766534400000, 0.436455], [1766707200000, 0.51512], [1766966400000, 0.35904], [1767052800000, 0.83545], [1767139200000, 2.04849], [1767312000000, 1.39876], [1767571200000, 4.485], [1767657600000, 3.81045], [1767744000000, 6.9264], [1767830400000, 0.6498], [1767916800000, 0.434775], [1768176000000, 0.8832], [1768262400000, 0.3672], [1768348800000, 0.5751], [1768435200000, 0.3672]], "closing_price": [[1757289600000, 339.0], [1757376000000, 331.0], [1757462400000, 326.0], [1757548800000, 336.0], [1757635200000, 336.0], [1757894400000, 330.5], [1757980800000, 321.0], [1758067200000, 318.0], [1758153600000, 307.5], [1758240000000, 311.5], [1758499200000, 316.5], [1758585600000, 311.5], [1758672000000, 309.5], [1758758400000, 310.0], [1758844800000, 308.5], [1759190400000, 301.5], [1759276800000, 303.0], [1759363200000, 301.5], [1759449600000, 300.0], [1759795200000, 295.0], [1759881600000, 293.0], [1759968000000, 295.0], [1760313600000, 298.0], [1760400000000, 303.0], [1760486400000, 296.0], [1760572800000, 302.0], [1760659200000, 297.0], [1760918400000, 294.0], [1761004800000, 294.0], [1761091200000, 293.5], [1761177600000, 291.0], [1761523200000, 294.5], [1761609600000, 294.0], [1761696000000, 289.5], [1761782400000, 288.0], [1761868800000, 287.0], [1762128000000, 283.0], [1762214400000, 281.0], [1762300800000, 279.0], [1762387200000, 280.5], [1762473600000, 280.0], [1762732800000, 285.0], [1762819200000, 279.5], [1762905600000, 276.5], [1762992000000, 275.0], [1763078400000, 271.0], [1763337600000, 274.0], [1763424000000, 275.0], [1763510400000, 274.5], [1763596800000, 271.5], [1763683200000, 272.5], [1763942400000, 272.0], [1764028800000, 270.0], [1764115200000, 278.5], [1764201600000, 287.5], [1764288000000, 279.0], [1764547200000, 279.0], [1764633600000, 272.5], [1764720000000, 272.5], [1764806400000, 272.5], [1764892800000, 272.5], [1765152000000, 273.0], [1765238400000, 273.0], [1765324800000, 273.5], [1765411200000, 276.0], [1765497600000, 278.5], [1765756800000, 270.5], [1765843200000, 271.5], [1765929600000, 268.0], [1766016000000, 268.0], [1766102400000, 271.0], [1766361600000, 271.0], [1766448000000, 271.0], [1766534400000, 274.5], [1766707200000, 274.0], [1766966400000, 272.0], [1767052800000, 269.5], [1767139200000, 281.0], [1767312000000, 289.0], [1767571200000, 287.5], [1767657600000, 285.0], [1767744000000, 288.0], [1767830400000, 285.0], [1767916800000, 280.5], [1768176000000, 276.0], [1768262400000, 270.0], [1768348800000, 270.0], [1768435200000, 270.0]], "margin_ratio": [[1757289600000, 6.039655172413792], [1757376000000, 3.874046706805328], [1757462400000, 3.1731618317825214], [1757548800000, 2.669731800766283], [1757635200000, 1.9095785440613027], [1757894400000, 2.399908775770845], [1757980800000, 1.5549261083743842], [1758067200000, 3.1388067870826495], [1758153600000, 1.0631499726327311], [1758240000000, 1.0059386973180076], [1758499200000, 0.9181444991789819], [1758585600000, 0.6706257982120051], [1758672000000, 0.5279739098704616], [1758758400000, 0.5288268564130633], [1758844800000, 1.4352764094143404], [1759190400000, 0.6463464696223317], [1759276800000, 0.9812534209085932], [1759363200000, 0.9818965517241379], [1759449600000, 2.0935960591133003], [1759795200000, 1.5608465608465607], [1759881600000, 1.4567141032658275], [1759968000000, 1.16525269111476], [1760313600000, 1.1281700419631453], [1760400000000, 0.6357416529830322], [1760486400000, 0.7236635650428753], [1760572800000, 0.4463054187192118], [1760659200000, 0.8155172413793103], [1760918400000, 0.5739463601532567], [1761004800000, 0.7831417624521072], [1761091200000, 1.3494252873563217], [1761177600000, 0.36633825944170767], [1761523200000, 3.2426701331873744], [1761609600000, 1.4080459770114941], [1761696000000, 0.40406403940886704], [1761782400000, 2.2541871921182266], [1761868800000, 1.4399744572158364], [1762128000000, 0.65831964969896], [1762214400000, 0.4767925561029009], [1762300800000, 1.2318555008210181], [1762387200000, 3.605405035577449], [1762473600000, 1.0089399744572158], [1762732800000, 1.8173234811165846], [1762819200000, 1.1550218938149972], [1762905600000, 0.21944444444444441], [1762992000000, 0.35873928115307424], [1763078400000, 0.4103813172778689], [1763337600000, 0.7098704615945994], [1763424000000, 3.3365261813537677], [1763510400000, 0.35558292282430215], [1763596800000, 0.33435960591133], [1763683200000, 0.5369458128078817], [1763942400000, 0.23820470717022443], [1764028800000, 0.26847290640394084], [1764115200000, 0.2718436416712279], [1764201600000, 0.8313948184637839], [1764288000000, 2.1888341543513956], [1764547200000, 0.34614121510673235], [1764633600000, 0.27593048713738366], [1764720000000, 0.48474274767378217], [1764806400000, 0.28338806787082643], [1764892800000, 0.18146779784710818], [1765152000000, 0.2590038314176245], [1765238400000, 0.24904214559386975], [1765324800000, 0.3068828680897646], [1765411200000, 0.2694033935413246], [1765497600000, 3.8998129903302323], [1765756800000, 1.4114760080277322], [1765843200000, 0.9708812260536397], [1765929600000, 0.3080459770114942], [1766016000000, 0.2689290275497172], [1766102400000, 0.1063035942346287], [1766361600000, 0.09394271118409049], [1766448000000, 0.2323846013501186], [1766534400000, 0.3981527093596059], [1766707200000, 0.46991424922459407], [1766966400000, 0.32753147235905855], [1767052800000, 0.76213282247765], [1767139200000, 1.86871921182266], [1767312000000, 1.2760080277321657], [1767571200000, 4.091406677613574], [1767657600000, 3.4760536398467425], [1767744000000, 6.318555008210181], [1767830400000, 0.5927750410509031], [1767916800000, 0.3966201423097975], [1768176000000, 0.8056923918992884], [1768262400000, 0.3349753694581281], [1768348800000, 0.524630541871921], [1768435200000, 0.3349753694581281]]}