{"margin_balance": [[1750636800000, 6.995152], [1751241600000, 7.195392000000001], [1751846400000, 6.843653], [1752451200000, 6.7366139999999985], [1753056000000, 6.63344], [1753660800000, 6.353376], [1754265600000, 6.171858], [1754870400000, 6.032994], [1755475200000, 5.87951], [1756080000000, 5.569222000000001], [1756684800000, 5.54774], [1757289600000, 6.073257999999999], [1757894400000, 5.8812], [1758499200000, 4.9926], [1759104000000, 4.831376], [1759708800000, 4.60768], [1760313600000, 4.62825], [1760918400000, 4.340643999999999], [1761523200000, 4.14072], [1762128000000, 3.903246], [1762732800000, 3.929684], [1763337600000, 3.8587499999999992], [1763942400000, 3.803234], [1764547200000, 3.77982], [1765152000000, 3.673593], [1765756800000, 3.5220789999999993], [1766361600000, 3.490968], [1766966400000, 3.5010719999999993], [1767571200000, 3.431876000000001], [1768176000000, 3.383024], [1768780800000, 3.441984], [1769385600000, 3.55342], [1769990400000, 3.429348], [1770595200000, 3.320636000000001], [1771200000000, 3.273228], [1771804800000, 3.2563510000000004], [1771891200000, 3.24852], [1771977600000, 3.225768], [1772064000000, 3.2672], [1772409600000, 3.18843], [1772496000000, 3.12426], [1772582400000, 3.003], [1772668800000, 2.525952], [1772755200000, 2.311507], [1773014400000, 1.929633], [1773100800000, 2.039038], [1773187200000, 2.1433090000000004], [1773273600000, 2.266594], [1773360000000, 2.14226], [1773619200000, 2.180448], [1773705600000, 2.217446], [1773792000000, 2.153736], [1773878400000, 2.10735], [1773964800000, 2.111239], [1774224000000, 2.03573], [1774310400000, 2.0519969999999996], [1774396800000, 2.07176], [1774483200000, 2.019004], [1774569600000, 1.973682], [1774828800000, 1.98039], [1774915200000, 1.9252055], [1775001600000, 2.030578], [1775088000000, 1.94089], [1775520000000, 1.824302], [1775606400000, 1.87374], [1775692800000, 1.8045819999999997], [1775779200000, 1.749748], [1776038400000, 1.652189], [1776124800000, 1.6578135], [1776211200000, 1.646725]], "closing_price": [[1750636800000, 84.8], [1751241600000, 86.4], [1751846400000, 85.9], [1752451200000, 86.6], [1753056000000, 88.0], [1753660800000, 86.7], [1754265600000, 85.4], [1754870400000, 84.9], [1755475200000, 84.5], [1756080000000, 82.9], [1756684800000, 83.5], [1757289600000, 86.6], [1757894400000, 87.0], [1758499200000, 78.5], [1759104000000, 77.6], [1759708800000, 74.8], [1760313600000, 76.5], [1760918400000, 74.8], [1761523200000, 71.0], [1762128000000, 67.8], [1762732800000, 68.2], [1763337600000, 68.6], [1763942400000, 66.7], [1764547200000, 69.0], [1765152000000, 69.3], [1765756800000, 67.1], [1766361600000, 66.8], [1766966400000, 65.6], [1767571200000, 64.4], [1768176000000, 66.7], [1768780800000, 67.2], [1769385600000, 69.2], [1769990400000, 67.6], [1770595200000, 65.2], [1771200000000, 65.1], [1771804800000, 64.7], [1771891200000, 64.2], [1771977600000, 63.7], [1772064000000, 64.0], [1772409600000, 63.0], [1772496000000, 61.2], [1772582400000, 60.0], [1772668800000, 55.2], [1772755200000, 51.7], [1773014400000, 49.9], [1773100800000, 51.4], [1773187200000, 52.7], [1773273600000, 53.8], [1773360000000, 53.0], [1773619200000, 53.6], [1773705600000, 53.9], [1773792000000, 53.1], [1773878400000, 52.5], [1773964800000, 52.9], [1774224000000, 53.0], [1774310400000, 54.3], [1774396800000, 55.1], [1774483200000, 53.3], [1774569600000, 52.2], [1774828800000, 50.2], [1774915200000, 49.15], [1775001600000, 50.6], [1775088000000, 49.0], [1775520000000, 48.7], [1775606400000, 50.1], [1775692800000, 49.4], [1775779200000, 49.4], [1776038400000, 49.9], [1776124800000, 49.65], [1776211200000, 49.75]], "margin_ratio": [[1750636800000, 3.038464077838589], [1751241600000, 3.125441751368257], [1751846400000, 2.972657892450699], [1752451200000, 2.926163669533489], [1753056000000, 2.8813482755625057], [1753660800000, 2.7596976804795412], [1754265600000, 2.6808522283033622], [1754870400000, 2.6205342715663282], [1755475200000, 2.5538658674311527], [1756080000000, 2.419086960298845], [1756684800000, 2.409755885674572], [1757289600000, 2.6380236295717134], [1757894400000, 2.5545999478759445], [1758499200000, 2.168621318738598], [1759104000000, 2.098590913039701], [1759708800000, 2.001424724176874], [1760313600000, 2.0103596559812353], [1760918400000, 1.8854330640257142], [1761523200000, 1.7985926505082097], [1762128000000, 1.6954417513682565], [1762732800000, 1.7069255494744158], [1763337600000, 1.6761141516810005], [1763942400000, 1.651999826253149], [1764547200000, 1.6418295543393273], [1765152000000, 1.5956880375293199], [1765756800000, 1.5298753366345232], [1766361600000, 1.5163617409434453], [1766966400000, 1.5207505863956214], [1767571200000, 1.4906941186690994], [1768176000000, 1.4694744157762138], [1768780800000, 1.495084701589784], [1769385600000, 1.5434888367648336], [1769990400000, 1.489596038571801], [1770595200000, 1.4423751194509604], [1771200000000, 1.4217826426896012], [1771804800000, 1.4144518286856054], [1771891200000, 1.4110502997133176], [1771977600000, 1.4011675788376337], [1772064000000, 1.4191642776474676], [1772409600000, 1.3849491790461297], [1772496000000, 1.3570758405003909], [1772582400000, 1.3044044826687518], [1772668800000, 1.0971905134219444], [1772755200000, 1.0040426548518808], [1773014400000, 0.838169142559291], [1773100800000, 0.8856910780992094], [1773187200000, 0.9309829728086181], [1773273600000, 0.9845339240726262], [1773360000000, 0.9305273216922942], [1773619200000, 0.9471149335418295], [1773705600000, 0.9631856485101207], [1773792000000, 0.9355121188428459], [1773878400000, 0.9153635652853792], [1773964800000, 0.9170528190426549], [1774224000000, 0.8842541916427764], [1774310400000, 0.8913200416992441], [1774396800000, 0.8999044392320389], [1774483200000, 0.8769889670749718], [1774569600000, 0.857302580140735], [1774828800000, 0.8602163148292938], [1774915200000, 0.8362459821040743], [1775001600000, 0.8820163322039789], [1775088000000, 0.8430588133090089], [1775520000000, 0.7924168186951612], [1775606400000, 0.8138910607245243], [1775692800000, 0.7838510989488314], [1775779200000, 0.7600330119016593], [1776038400000, 0.717656589349318], [1776124800000, 0.7200996872556685], [1776211200000, 0.7152832073668665]]}