{"margin_balance": [[1766361600000, 14.4613], [1766448000000, 11.865], [1766534400000, 4.7428], [1766707200000, 7.50891], [1766966400000, 11.9972], [1767052800000, 5.43165], [1767139200000, 7.38514], [1767312000000, 30.06021], [1767571200000, 9.32756], [1767657600000, 6.10344], [1767744000000, 3.0191], [1767830400000, 4.5152], [1767916800000, 2.52882], [1768176000000, 4.8764], [1768262400000, 8.15262], [1768348800000, 4.43486], [1768435200000, 2.85498], [1768521600000, 2.7192], [1768780800000, 5.06499], [1768867200000, 9.52956], [1768953600000, 6.1124], [1769040000000, 5.44236], [1769126400000, 3.77784], [1769385600000, 2.85428], [1769472000000, 8.22081], [1769558400000, 1.08672], [1769644800000, 4.6656], [1769731200000, 3.2091], [1769990400000, 2.33987], [1770076800000, 7.06176], [1770163200000, 4.624], [1770249600000, 1.83141], [1770336000000, 2.53266], [1770595200000, 1.1058], [1770681600000, 4.63166], [1770768000000, 13.8417], [1771804800000, 19.96576], [1771891200000, 7.29015], [1771977600000, 7.7814], [1772064000000, 5.70657], [1772409600000, 3.47011], [1772496000000, 3.1248], [1772582400000, 3.07296], [1772668800000, 2.01335], [1772755200000, 1.16725], [1773014400000, 2.1888], [1773100800000, 1.18125]], "closing_price": [[1766361600000, 730.0], [1766448000000, 678.0], [1766534400000, 668.0], [1766707200000, 687.0], [1766966400000, 712.0], [1767052800000, 739.0], [1767139200000, 749.0], [1767312000000, 769.0], [1767571200000, 731.0], [1767657600000, 692.0], [1767744000000, 665.0], [1767830400000, 680.0], [1767916800000, 669.0], [1768176000000, 668.0], [1768262400000, 658.0], [1768348800000, 622.0], [1768435200000, 622.0], [1768521600000, 618.0], [1768780800000, 623.0], [1768867200000, 618.0], [1768953600000, 590.0], [1769040000000, 589.0], [1769126400000, 583.0], [1769385600000, 572.0], [1769472000000, 591.0], [1769558400000, 566.0], [1769644800000, 576.0], [1769731200000, 563.0], [1769990400000, 533.0], [1770076800000, 576.0], [1770163200000, 578.0], [1770249600000, 567.0], [1770336000000, 573.0], [1770595200000, 570.0], [1770681600000, 569.0], [1770768000000, 645.0], [1771804800000, 688.0], [1771891200000, 655.0], [1771977600000, 660.0], [1772064000000, 669.0], [1772409600000, 623.0], [1772496000000, 630.0], [1772582400000, 582.0], [1772668800000, 601.0], [1772755200000, 575.0], [1773014400000, 576.0], [1773100800000, 625.0]], "margin_ratio": [[1766361600000, 7.004068387659224], [1766448000000, 5.746597568654042], [1766534400000, 2.2970891654961982], [1766707200000, 3.6368043783600528], [1766966400000, 5.810626241100401], [1767052800000, 2.630721170145784], [1767139200000, 3.576858623528842], [1767312000000, 14.559117547343439], [1767571200000, 4.51763452317528], [1767657600000, 2.9560904731922313], [1767744000000, 1.4622463311861287], [1767830400000, 2.1868552332057924], [1767916800000, 1.2247881048094154], [1768176000000, 2.361795902552429], [1768262400000, 3.9485736426599507], [1768348800000, 2.147944011236499], [1768435200000, 1.3827577856347169], [1768521600000, 1.3169952051145444], [1768780800000, 2.4531360488206517], [1768867200000, 4.615469559742335], [1768953600000, 2.9604300866954034], [1769040000000, 2.6359083644112946], [1769126400000, 1.8297282898241876], [1769385600000, 1.3824187533297818], [1769472000000, 3.981600232479295], [1769558400000, 0.5263331234561921], [1769644800000, 2.259698745580472], [1769731200000, 1.5542693853828644], [1769990400000, 1.1332735990700826], [1770076800000, 3.4202353852859977], [1770163200000, 2.2395505400300286], [1770249600000, 0.8870102194023346], [1770336000000, 1.226647939167918], [1770595200000, 0.5355741754250011], [1770681600000, 2.2432605221097495], [1770768000000, 6.703976364605027], [1771804800000, 9.670053760836925], [1771891200000, 3.530851939749116], [1771977600000, 3.7687799680340963], [1772064000000, 2.7638736862498186], [1772409600000, 1.6806848452559693], [1772496000000, 1.5134402092313652], [1772582400000, 1.4883324453915823], [1772668800000, 0.9751295587736717], [1772755200000, 0.5653363684796823], [1773014400000, 1.0601055843463942], [1773100800000, 0.572117014578389]]}