{"margin_balance": [[1750032000000, 1.015744], [1750636800000, 1.2506], [1751241600000, 1.6203119999999998], [1751846400000, 1.6779269999999997], [1752451200000, 1.438034], [1753056000000, 1.6111380000000004], [1753660800000, 1.543762], [1754265600000, 1.755303], [1754870400000, 1.89072], [1755475200000, 1.964735], [1756080000000, 2.0782575], [1756684800000, 2.3844719999999997], [1757289600000, 2.3386145], [1757894400000, 2.444379], [1758499200000, 2.42274], [1759104000000, 2.4357125], [1759708800000, 2.53848], [1760313600000, 2.63998], [1760918400000, 2.7054735000000005], [1761523200000, 2.7235460000000007], [1762128000000, 3.8861594999999993], [1762732800000, 3.642022], [1763337600000, 3.5900639999999995], [1763942400000, 3.325084], [1764547200000, 3.37178], [1765152000000, 3.666685], [1765756800000, 3.578], [1766361600000, 3.546705], [1766966400000, 3.531422], [1767571200000, 3.467935], [1768176000000, 3.35325], [1768780800000, 3.308884], [1769385600000, 3.418567], [1769990400000, 3.235545], [1770595200000, 2.993757], [1771200000000, 2.92049], [1771804800000, 2.942037], [1771891200000, 2.955408], [1771977600000, 2.944056], [1772064000000, 2.930865], [1772409600000, 2.909632], [1772496000000, 2.8738260000000007], [1772582400000, 2.61152], [1772668800000, 2.626325], [1772755200000, 2.5556805], [1773014400000, 2.239677], [1773100800000, 2.205518], [1773187200000, 2.2260359999999997], [1773273600000, 2.188287], [1773360000000, 2.1924], [1773619200000, 2.376732], [1773705600000, 2.388644], [1773792000000, 2.379739], [1773878400000, 2.363445], [1773964800000, 2.4100755], [1774224000000, 2.46501], [1774310400000, 2.4889085], [1774396800000, 2.5040945], [1774483200000, 2.841837], [1774569600000, 3.155168], [1774828800000, 3.27019], [1774915200000, 3.162417], [1775001600000, 3.16017], [1775088000000, 3.130252], [1775520000000, 3.1272975], [1775606400000, 3.172785], [1775692800000, 3.185358], [1775779200000, 3.1785], [1776038400000, 3.27006], [1776124800000, 3.275418], [1776211200000, 3.284168]], "closing_price": [[1732492800000, 55.0], [1733097600000, 52.1], [1733702400000, 46.4], [1734307200000, 55.5], [1734912000000, 53.1], [1736121600000, 51.5], [1736726400000, 51.5], [1737331200000, 51.3], [1737936000000, 52.3], [1739145600000, 60.9], [1739750400000, 66.8], [1740355200000, 63.3], [1740960000000, 60.1], [1741564800000, 59.4], [1742169600000, 54.8], [1742774400000, 59.6], [1743379200000, 57.3], [1743984000000, 54.1], [1744588800000, 47.75], [1745193600000, 46.8], [1745798400000, 46.5], [1746403200000, 47.6], [1747008000000, 51.3], [1747612800000, 56.3], [1748217600000, 56.3], [1748822400000, 57.3], [1749427200000, 57.3], [1750032000000, 53.8], [1750636800000, 52.0], [1751241600000, 54.3], [1751846400000, 51.9], [1752451200000, 53.3], [1753056000000, 52.6], [1753660800000, 51.7], [1754265600000, 47.3], [1754870400000, 46.8], [1755475200000, 48.5], [1756080000000, 44.55], [1756684800000, 43.8], [1757289600000, 44.05], [1757894400000, 43.05], [1758499200000, 44.7], [1759104000000, 42.25], [1759708800000, 42.0], [1760313600000, 43.6], [1760918400000, 43.35], [1761523200000, 42.85], [1762128000000, 46.05], [1762732800000, 44.35], [1763337600000, 42.8], [1763942400000, 39.85], [1764547200000, 39.95], [1765152000000, 40.9], [1765756800000, 40.0], [1766361600000, 39.5], [1766966400000, 39.4], [1767571200000, 38.9], [1768176000000, 37.5], [1768780800000, 38.2], [1769385600000, 39.7], [1769990400000, 40.5], [1770595200000, 37.7], [1771200000000, 36.1], [1771804800000, 36.9], [1771891200000, 36.8], [1771977600000, 36.15], [1772064000000, 36.05], [1772409600000, 35.2], [1772496000000, 34.2], [1772582400000, 32.0], [1772668800000, 32.5], [1772755200000, 31.95], [1773014400000, 29.7], [1773100800000, 29.95], [1773187200000, 30.9], [1773273600000, 30.15], [1773360000000, 30.0], [1773619200000, 31.8], [1773705600000, 31.6], [1773792000000, 31.3], [1773878400000, 30.75], [1773964800000, 31.15], [1774224000000, 30.5], [1774310400000, 30.55], [1774396800000, 30.85], [1774483200000, 33.9], [1774569600000, 34.4], [1774828800000, 34.1], [1774915200000, 32.7], [1775001600000, 33.3], [1775088000000, 32.6], [1775520000000, 32.75], [1775606400000, 33.5], [1775692800000, 33.4], [1775779200000, 32.5], [1776038400000, 33.3], [1776124800000, 33.9], [1776211200000, 34.4]], "margin_ratio": [[1750032000000, 0.5996835517770693], [1750636800000, 0.738339827606565], [1751241600000, 0.9566135317038611], [1751846400000, 0.9906287637265319], [1752451200000, 0.8489987011453537], [1753056000000, 0.9511973078285515], [1753660800000, 0.9114192938953831], [1754265600000, 1.0363106624158698], [1754870400000, 1.1162592986184912], [1755475200000, 1.1599569016412798], [1756080000000, 1.2269792773645058], [1756684800000, 1.407764789231314], [1757289600000, 1.3806910497107094], [1757894400000, 1.4431331916400991], [1758499200000, 1.430357775416224], [1759104000000, 1.438016589916165], [1759708800000, 1.4986893375841304], [1760313600000, 1.5586137678592513], [1760918400000, 1.5972803754870708], [1761523200000, 1.6079501712126583], [1762128000000, 2.294343783209351], [1762732800000, 2.1502078167434173], [1763337600000, 2.1195324123273114], [1763942400000, 1.9630912740583304], [1764547200000, 1.99066005431574], [1765152000000, 2.1647685677175583], [1765756800000, 2.112409965757468], [1766361600000, 2.093933758413036], [1766966400000, 2.0849108513401817], [1767571200000, 2.047428858188688], [1768176000000, 1.9797201558625577], [1768780800000, 1.9535269807533358], [1769385600000, 2.01828255992443], [1769990400000, 1.9102284803400638], [1770595200000, 1.7674796315975911], [1771200000000, 1.7242236391545638], [1771804800000, 1.7369447396386821], [1771891200000, 1.7448388239461563], [1771977600000, 1.738136733970953], [1772064000000, 1.7303489195890895], [1772409600000, 1.717813201086315], [1772496000000, 1.6966737513283745], [1772582400000, 1.541811311843193], [1772668800000, 1.550552013224702], [1772755200000, 1.5088443145589796], [1773014400000, 1.322279489904357], [1773100800000, 1.3021124099657575], [1773187200000, 1.314226000708466], [1773273600000, 1.2919394261424018], [1773360000000, 1.2943676939426143], [1773619200000, 1.403195182430039], [1773705600000, 1.4102278899515883], [1773792000000, 1.404970480576219], [1773878400000, 1.3953506907545166], [1773964800000, 1.422880800566773], [1774224000000, 1.4553134962805527], [1774310400000, 1.4694228952650843], [1774396800000, 1.4783885346558034], [1774483200000, 1.6777878143818634], [1774569600000, 1.8627748258353998], [1774828800000, 1.9306824890778131], [1774915200000, 1.8670545518951471], [1775001600000, 1.8657279489904355], [1775088000000, 1.8480647065769278], [1775520000000, 1.8463204038257175], [1775606400000, 1.8731756996103437], [1775692800000, 1.8805986539142756], [1775779200000, 1.8765497697484947], [1776038400000, 1.9306057385759832], [1776124800000, 1.9337690400283387], [1776211200000, 1.938934939189987]]}