{"margin_balance": [[1740960000000, 0.116565], [1741564800000, 0.159185], [1742169600000, 0.1813], [1742774400000, 0.20544], [1743379200000, 0.18228], [1743984000000, 0.20056], [1744588800000, 0.16686], [1745193600000, 0.182435], [1745798400000, 0.175085], [1746403200000, 0.178125], [1747008000000, 0.17055], [1747612800000, 0.1656], [1748217600000, 0.201105], [1748822400000, 0.1872], [1749427200000, 0.18666], [1750032000000, 0.17202], [1750636800000, 0.15222], [1751241600000, 0.12852], [1751846400000, 0.11658], [1752451200000, 0.147], [1753056000000, 0.162285], [1753660800000, 0.16464], [1754265600000, 0.13475], [1754870400000, 0.08875], [1755475200000, 0.091875], [1756080000000, 0.0895], [1756684800000, 0.08487], [1757289600000, 0.106305], [1757894400000, 0.11776], [1758499200000, 0.0864], [1759104000000, 0.094325], [1759708800000, 0.09632], [1760313600000, 0.09516], [1760918400000, 0.09918], [1761523200000, 0.08874], [1762128000000, 0.093545], [1762732800000, 0.101775], [1763337600000, 0.100595], [1763942400000, 0.0966], [1764547200000, 0.10647], [1765152000000, 0.09396], [1765756800000, 0.0897], [1766361600000, 0.09063], [1766966400000, 0.092675], [1767571200000, 0.10492], [1768176000000, 0.119], [1768780800000, 0.133905], [1769385600000, 0.13193], [1769990400000, 0.14344], [1770249600000, 0.13366], [1770336000000, 0.130815], [1770595200000, 0.13566], [1770681600000, 0.13243], [1770768000000, 0.13284], [1771804800000, 0.13366], [1771891200000, 0.14329], [1771977600000, 0.15105], [1772064000000, 0.165], [1772409600000, 0.191535], [1772496000000, 0.18425], [1772582400000, 0.1755], [1772668800000, 0.17869], [1772755200000, 0.17869], [1773014400000, 0.17172], [1773100800000, 0.16848], [1773187200000, 0.1617], [1773273600000, 0.161025], [1773360000000, 0.156705], [1773619200000, 0.15717], [1773705600000, 0.14916], [1773792000000, 0.14706], [1773878400000, 0.14616], [1773964800000, 0.14535], [1774224000000, 0.1445], [1774310400000, 0.141525], [1774396800000, 0.1407], [1774483200000, 0.14405], [1774569600000, 0.14703], [1774828800000, 0.14405], [1774915200000, 0.140505], [1775001600000, 0.14388], [1775088000000, 0.14344]], "closing_price": [[1569888000000, 138.5], [1572566400000, 118.5], [1575158400000, 108.0], [1577836800000, 102.0], [1580515200000, 110.0], [1583020800000, 112.5], [1585699200000, 144.5], [1588291200000, 130.0], [1590969600000, 176.0], [1593561600000, 183.0], [1596240000000, 170.0], [1598918400000, 160.0], [1601510400000, 150.0], [1604188800000, 147.0], [1606780800000, 143.0], [1609459200000, 122.5], [1612137600000, 131.0], [1614556800000, 133.5], [1617235200000, 125.0], [1619827200000, 107.5], [1622505600000, 105.0], [1625097600000, 110.5], [1627776000000, 108.5], [1630454400000, 113.0], [1633046400000, 110.5], [1635724800000, 124.0], [1638316800000, 129.5], [1640995200000, 124.0], [1643673600000, 121.0], [1646092800000, 116.0], [1648771200000, 118.0], [1649030400000, 116.5], [1649635200000, 119.5], [1650240000000, 122.5], [1650844800000, 120.0], [1651449600000, 118.0], [1652054400000, 116.5], [1652659200000, 109.0], [1653264000000, 109.0], [1653868800000, 104.0], [1654473600000, 105.5], [1655078400000, 104.5], [1655683200000, 100.0], [1656288000000, 98.5], [1656892800000, 95.0], [1657497600000, 96.2], [1658102400000, 95.8], [1658707200000, 95.6], [1659312000000, 102.0], [1659916800000, 105.0], [1660521600000, 114.0], [1661126400000, 126.0], [1661731200000, 120.5], [1662336000000, 117.5], [1662940800000, 116.0], [1663545600000, 116.5], [1664150400000, 113.0], [1664755200000, 106.5], [1665360000000, 111.5], [1665964800000, 104.0], [1666569600000, 102.5], [1667174400000, 101.0], [1667779200000, 112.0], [1668384000000, 107.0], [1668988800000, 109.0], [1669593600000, 111.5], [1670198400000, 116.0], [1670803200000, 118.0], [1671408000000, 113.5], [1672012800000, 112.0], [1672617600000, 113.5], [1672617600000, 119.5], [1673222400000, 117.5], [1673827200000, 117.0], [1675036800000, 133.0], [1675641600000, 143.5], [1676246400000, 153.0], [1676851200000, 166.0], [1677456000000, 170.0], [1678060800000, 164.0], [1678665600000, 176.0], [1679270400000, 183.5], [1679875200000, 176.5], [1680480000000, 175.5], [1681084800000, 179.5], [1681689600000, 192.0], [1682294400000, 199.0], [1682899200000, 190.5], [1683504000000, 189.0], [1684108800000, 184.0], [1684713600000, 182.0], [1685318400000, 175.0], [1685923200000, 164.0], [1686528000000, 163.5], [1687132800000, 166.5], [1687737600000, 168.5], [1688342400000, 181.5], [1688947200000, 183.0], [1689552000000, 186.0], [1690156800000, 188.0], [1690761600000, 168.5], [1691366400000, 161.5], [1691971200000, 160.0], [1692576000000, 156.0], [1693180800000, 164.5], [1693785600000, 168.5], [1694390400000, 169.5], [1694995200000, 162.0], [1695600000000, 159.5], [1696204800000, 171.0], [1696809600000, 171.5], [1697414400000, 166.5], [1698019200000, 163.5], [1698624000000, 165.0], [1699228800000, 161.0], [1699833600000, 166.0], [1700438400000, 173.0], [1701043200000, 176.5], [1701648000000, 180.5], [1702252800000, 188.5], [1702857600000, 190.0], [1703462400000, 192.5], [1704067200000, 197.5], [1704672000000, 191.5], [1705276800000, 185.0], [1705881600000, 181.5], [1706486400000, 183.0], [1707091200000, 180.0], [1707696000000, 183.0], [1708300800000, 186.5], [1708905600000, 183.5], [1709510400000, 180.5], [1710115200000, 182.5], [1710720000000, 177.5], [1711324800000, 175.0], [1711929600000, 176.0], [1712534400000, 179.0], [1713139200000, 169.5], [1713744000000, 166.5], [1714348800000, 174.0], [1714953600000, 172.0], [1715558400000, 175.5], [1716163200000, 174.0], [1716768000000, 173.0], [1717372800000, 175.5], [1717977600000, 175.0], [1718582400000, 177.5], [1719187200000, 177.5], [1719792000000, 204.0], [1720396800000, 239.5], [1721001600000, 254.5], [1721606400000, 250.0], [1722211200000, 217.5], [1722816000000, 206.0], [1723420800000, 211.0], [1724025600000, 224.0], [1724630400000, 234.0], [1725235200000, 227.5], [1725840000000, 230.0], [1726444800000, 228.5], [1727049600000, 233.5], [1727654400000, 235.0], [1728259200000, 214.0], [1728864000000, 214.0], [1729468800000, 220.0], [1730073600000, 219.0], [1730678400000, 215.5], [1731283200000, 205.0], [1731888000000, 204.0], [1732492800000, 201.5], [1733097600000, 224.0], [1733702400000, 206.5], [1734307200000, 209.5], [1734912000000, 205.0], [1736121600000, 207.0], [1736726400000, 207.5], [1737331200000, 196.0], [1737936000000, 195.5], [1739145600000, 211.0], [1739750400000, 208.5], [1740355200000, 206.0], [1740960000000, 204.5], [1741564800000, 201.5], [1742169600000, 185.0], [1742774400000, 192.0], [1743379200000, 196.0], [1743984000000, 184.0], [1744588800000, 162.0], [1745193600000, 170.5], [1745798400000, 180.5], [1746403200000, 187.5], [1747008000000, 189.5], [1747612800000, 184.0], [1748217600000, 184.5], [1748822400000, 180.0], [1749427200000, 183.0], [1750032000000, 183.0], [1750636800000, 177.0], [1751241600000, 178.5], [1751846400000, 174.0], [1752451200000, 175.0], [1753056000000, 174.5], [1753660800000, 171.5], [1754265600000, 175.0], [1754870400000, 177.5], [1755475200000, 187.5], [1756080000000, 179.0], [1756684800000, 184.5], [1757289600000, 186.5], [1757894400000, 184.0], [1758499200000, 180.0], [1759104000000, 171.5], [1759708800000, 172.0], [1760313600000, 183.0], [1760918400000, 174.0], [1761523200000, 174.0], [1762128000000, 176.5], [1762732800000, 172.5], [1763337600000, 170.5], [1763942400000, 161.0], [1764547200000, 169.0], [1765152000000, 174.0], [1765756800000, 172.5], [1766361600000, 171.0], [1766966400000, 168.5], [1767571200000, 172.0], [1768176000000, 170.0], [1768780800000, 169.5], [1769385600000, 167.0], [1769990400000, 163.0], [1770249600000, 163.0], [1770336000000, 161.5], [1770595200000, 161.5], [1770681600000, 161.5], [1770768000000, 162.0], [1771804800000, 163.0], [1771891200000, 161.0], [1771977600000, 159.0], [1772064000000, 165.0], [1772409600000, 169.5], [1772496000000, 167.5], [1772582400000, 162.5], [1772668800000, 