{"margin_balance": [[1757289600000, 6.62067], [1757376000000, 4.24673], [1757462400000, 3.47842], [1757548800000, 2.92656], [1757635200000, 2.09328], [1757894400000, 2.63078], [1757980800000, 1.70451], [1758067200000, 3.44076], [1758153600000, 1.165425], [1758240000000, 1.10271], [1758499200000, 1.00647], [1758585600000, 0.73514], [1758672000000, 0.578765], [1758758400000, 0.5797], [1758844800000, 1.57335], [1759190400000, 0.708525], [1759276800000, 1.07565], [1759363200000, 1.076355], [1759449600000, 2.295], [1759795200000, 1.711], [1759881600000, 1.59685], [1759968000000, 1.27735], [1760313600000, 1.2367], [1760400000000, 0.6969], [1760486400000, 0.79328], [1760572800000, 0.48924], [1760659200000, 0.89397], [1760918400000, 0.62916], [1761004800000, 0.85848], [1761091200000, 1.47924], [1761177600000, 0.40158], [1761523200000, 3.554615], [1761609600000, 1.5435], [1761696000000, 0.442935], [1761782400000, 2.47104], [1761868800000, 1.5785], [1762128000000, 0.72165], [1762214400000, 0.52266], [1762300800000, 1.35036], [1762387200000, 3.952245], [1762473600000, 1.106], [1762732800000, 1.99215], [1762819200000, 1.266135], [1762905600000, 0.240555], [1762992000000, 0.39325], [1763078400000, 0.44986], [1763337600000, 0.77816], [1763424000000, 3.6575], [1763510400000, 0.38979], [1763596800000, 0.366525], [1763683200000, 0.5886], [1763942400000, 0.26112], [1764028800000, 0.2943], [1764115200000, 0.297995], [1764201600000, 0.911375], [1764288000000, 2.3994], [1764547200000, 0.37944], [1764633600000, 0.302475], [1764720000000, 0.531375], [1764806400000, 0.31065], [1764892800000, 0.198925], [1765152000000, 0.28392], [1765238400000, 0.273], [1765324800000, 0.336405], [1765411200000, 0.29532], [1765497600000, 4.274975], [1765756800000, 1.54726], [1765843200000, 1.06428], [1765929600000, 0.33768], [1766016000000, 0.2948], [1766102400000, 0.11653], [1766361600000, 0.10298], [1766448000000, 0.25474], [1766534400000, 0.436455], [1766707200000, 0.51512], [1766966400000, 0.35904], [1767052800000, 0.83545], [1767139200000, 2.04849], [1767312000000, 1.39876], [1767571200000, 4.485], [1767657600000, 3.81045], [1767744000000, 6.9264], [1767830400000, 0.6498], [1767916800000, 0.434775], [1768176000000, 0.8832], [1768262400000, 0.3672], [1768348800000, 0.5751], [1768435200000, 0.3672], [1768521600000, 0.621]], "closing_price": [[1757289600000, 339.0], [1757376000000, 331.0], [1757462400000, 326.0], [1757548800000, 336.0], [1757635200000, 336.0], [1757894400000, 330.5], [1757980800000, 321.0], [1758067200000, 318.0], [1758153600000, 307.5], [1758240000000, 311.5], [1758499200000, 316.5], [1758585600000, 311.5], [1758672000000, 309.5], [1758758400000, 310.0], [1758844800000, 308.5], [1759190400000, 301.5], [1759276800000, 303.0], [1759363200000, 301.5], [1759449600000, 300.0], [1759795200000, 295.0], [1759881600000, 293.0], [1759968000000, 295.0], [1760313600000, 298.0], [1760400000000, 303.0], [1760486400000, 296.0], [1760572800000, 302.0], [1760659200000, 297.0], [1760918400000, 294.0], [1761004800000, 294.0], [1761091200000, 293.5], [1761177600000, 291.0], [1761523200000, 294.5], [1761609600000, 294.0], [1761696000000, 289.5], [1761782400000, 288.0], [1761868800000, 287.0], [1762128000000, 283.0], [1762214400000, 281.0], [1762300800000, 279.0], [1762387200000, 280.5], [1762473600000, 280.0], [1762732800000, 285.0], [1762819200000, 279.5], [1762905600000, 276.5], [1762992000000, 275.0], [1763078400000, 271.0], [1763337600000, 274.0], [1763424000000, 275.0], [1763510400000, 274.5], [1763596800000, 271.5], [1763683200000, 272.5], [1763942400000, 272.0], [1764028800000, 270.0], [1764115200000, 278.5], [1764201600000, 287.5], [1764288000000, 279.0], [1764547200000, 279.0], [1764633600000, 272.5], [1764720000000, 272.5], [1764806400000, 272.5], [1764892800000, 272.5], [1765152000000, 273.0], [1765238400000, 273.0], [1765324800000, 273.5], [1765411200000, 276.0], [1765497600000, 278.5], [1765756800000, 270.5], [1765843200000, 271.5], [1765929600000, 268.0], [1766016000000, 268.0], [1766102400000, 271.0], [1766361600000, 271.0], [1766448000000, 271.0], [1766534400000, 274.5], [1766707200000, 274.0], [1766966400000, 272.0], [1767052800000, 269.5], [1767139200000, 281.0], [1767312000000, 289.0], [1767571200000, 287.5], [1767657600000, 285.0], [1767744000000, 288.0], [1767830400000, 285.0], [1767916800000, 280.5], [1768176000000, 276.0], [1768262400000, 270.0], [1768348800000, 270.0], [1768435200000, 270.0], [1768521600000, 270.0]], "margin_ratio": [[1757289600000, 6.095819906085995], [1757376000000, 3.910072737317006], [1757462400000, 3.202670104041985], [1757548800000, 2.6945585121075406], [1757635200000, 1.927336341036737], [1757894400000, 2.422226314335697], [1757980800000, 1.5693858760703436], [1758067200000, 3.167995580517448], [1758153600000, 1.0730365528036092], [1758240000000, 1.0152932510818526], [1758499200000, 0.9266826259092165], [1758585600000, 0.6768621673879016], [1758672000000, 0.5328837123653438], [1758758400000, 0.5337445907375011], [1758844800000, 1.4486235153300802], [1759190400000, 0.6523570573612006], [1759276800000, 0.9903784181935364], [1759363200000, 0.9910275296933984], [1759449600000, 2.1130650952950925], [1759795200000, 1.5753613847711998], [1759881600000, 1.4702605653254766], [1759968000000, 1.1760887579412576], [1760313600000, 1.1386612650768804], [1760400000000, 0.6416536230549673], [1760486400000, 0.730393149802044], [1760572800000, 0.45045575913820096], [1760659200000, 0.8231010035908296], [1760918400000, 0.5792836755363227], [1761004800000, 0.7904244544701224], [1761091200000, 1.3619740355400056], [1761177600000, 0.3697449590277138], [1761523200000, 3.2728247859313138], [1761609600000, 1.4211398582082682], [1761696000000, 0.40782156339195286], [1761782400000, 2.2751496178989044], [1761868800000, 1.453365251818433], [1762128000000, 0.6644415799650125], [1762214400000, 0.4812264064082497], [1762300800000, 1.2433109290120614], [1762387200000, 3.6389328791087374], [1762473600000, 1.0183224380812081], [1762732800000, 1.834223368013995], [1762819200000, 1.165762821103029], [1762905600000, 0.22148513028266273], [1762992000000, 0.36207531534849463], [1763078400000, 0.4141975876991069], [1763337600000, 0.7164717797624528], [1763424000000, 3.3675536322622226], [1763510400000, 0.3588896050087469], [1763596800000, 0.3374689255133045], [1763683200000, 0.5419390479698002], [1763942400000, 0.2404198508424639], [1764028800000, 0.2709695239849001], [1764115200000, 0.2743716048246018], [1764201600000, 0.8391262314703987], [1764288000000, 2.209188840806555], [1764547200000, 0.3493600957554553], [1764633600000, 0.2784964552067029], [1764720000000, 0.4892505294171808], [1764806400000, 0.28602338642850567], [1764892800000, 0.183155326397201], [1765152000000, 0.26141239296565694], [1765238400000, 0.2513580701592856], [1765324800000, 0.3097366724979284], [1765411200000, 0.2719086640272535], [1765497600000, 3.9360786299604094], [1765756800000, 1.4246017862075315], [1765843200000, 0.9799097688978915], [1765929600000, 0.3109105975508701], [1766016000000, 0.27142988675075963], [1766102400000, 0.10729214621121443], [1766361600000, 0.09481631525642206], [1766448000000, 0.2345456219500967], [1766534400000, 0.4018552619464138], [1766707200000, 0.4742841358990885], [1766966400000, 0.33057729490838783], [1767052800000, 0.769220145474634], [1767139200000, 1.8860970444710432], [1767312000000, 1.287874044747261], [1767571200000, 4.129454009759691], [1767657600000, 3.508378602338643], [1767744000000, 6.377313322898444], [1767830400000, 0.5982874505110026], [1767916800000, 0.40030844305312585], [1768176000000, 0.813184789614216], [1768262400000, 0.33809041524721484], [1768348800000, 0.5295092532915937], [1768435200000, 0.33809041524721484], [1768521600000, 0.5717705551974956]]}