{"margin_balance": [[1759449600000, 0.03838], [1759795200000, 0.01666], [1759881600000, 0.01372], [1759968000000, 0.013622], [1760313600000, 0.012675], [1760400000000, 0.016558000000000003], [1760486400000, 0.01528], [1760572800000, 0.015664], [1760659200000, 0.01536], [1760918400000, 0.014415], [1761004800000, 0.014325], [1761091200000, 0.01434], [1761177600000, 0.01536], [1761523200000, 0.01536], [1761609600000, 0.01528], [1761696000000, 0.01056], [1761782400000, 0.00945], [1761868800000, 0.00943], [1762128000000, 0.00935], [1762214400000, 0.00837], [1762300800000, 0.008406], [1762387200000, 0.008622], [1762473600000, 0.00935], [1762732800000, 0.008415], [1762819200000, 0.008415], [1762905600000, 0.00932], [1762992000000, 0.0092], [1763078400000, 0.00918], [1763337600000, 0.008351999999999998], [1763424000000, 0.008109], [1763510400000, 0.008171999999999999], [1763596800000, 0.008271], [1763683200000, 0.00901], [1763942400000, 0.008118000000000002], [1764028800000, 0.008208000000000002], [1764115200000, 0.008261999999999999], [1764201600000, 0.008306999999999998], [1764288000000, 0.00828], [1764547200000, 0.008298000000000002], [1764633600000, 0.00828], [1764720000000, 0.008306999999999998], [1764806400000, 0.00828], [1764892800000, 0.008289], [1765152000000, 0.00819], [1765238400000, 0.008109], [1765324800000, 0.00819], [1765411200000, 0.00637], [1765497600000, 0.006391], [1765756800000, 0.00724], [1765843200000, 0.005345999999999999], [1765929600000, 0.004485], [1766016000000, 0.004495], [1766102400000, 0.00448], [1766361600000, 0.004495], [1766448000000, 0.0045], [1766534400000, 0.004515], [1766707200000, 0.004475], [1766966400000, 0.00449], [1767052800000, 0.00445], [1767139200000, 0.0045], [1767312000000, 0.004495], [1767571200000, 0.004275], [1767657600000, 0.004335], [1767744000000, 0.007104], [1767830400000, 0.006968], [1767916800000, 0.006904], [1768176000000, 0.006864], [1768262400000, 0.006968], [1768348800000, 0.007008], [1768435200000, 0.007016], [1768521600000, 0.050128], [1768780800000, 0.02392]], "closing_price": [[1742256000000, 121.0], [1742342400000, 118.0], [1742428800000, 118.5], [1742515200000, 118.5], [1742774400000, 115.0], [1742860800000, 115.0], [1742947200000, 116.0], [1743033600000, 119.0], [1743120000000, 115.5], [1743379200000, 112.0], [1743465600000, 114.5], [1743552000000, 112.5], [1743984000000, 101.5], [1744070400000, 93.0], [1744156800000, 84.3], [1744243200000, 92.7], [1744329600000, 96.5], [1744588800000, 99.0], [1744675200000, 108.5], [1744761600000, 104.0], [1744848000000, 105.0], [1744934400000, 102.5], [1745193600000, 99.0], [1745280000000, 100.0], [1745366400000, 103.0], [1745452800000, 113.0], [1745539200000, 114.0], [1745798400000, 115.0], [1745884800000, 115.0], [1745971200000, 110.5], [1746144000000, 109.0], [1746403200000, 106.0], [1746489600000, 105.5], [1746576000000, 104.0], [1746662400000, 106.0], [1746748800000, 105.5], [1747008000000, 106.0], [1747094400000, 106.5], [1747180800000, 108.5], [1747267200000, 107.5], [1747353600000, 107.5], [1747612800000, 106.5], [1747699200000, 105.5], [1747785600000, 106.5], [1747872000000, 108.5], [1747958400000, 108.5], [1748217600000, 110.0], [1748304000000, 109.5], [1748390400000, 107.0], [1748476800000, 107.0], [1748822400000, 104.5], [1748908800000, 105.0], [1748995200000, 105.0], [1749081600000, 106.5], [1749168000000, 106.5], [1749427200000, 106.5], [1749513600000, 106.5], [1749600000000, 105.0], [1749686400000, 105.0], [1749772800000, 104.0], [1750032000000, 104.0], [1750118400000, 104.0], [1750204800000, 103.0], [1750291200000, 102.0], [1750377600000, 103.5], [1750636800000, 101.0], [1750723200000, 104.5], [1750809600000, 104.0], [1750896000000, 102.0], [1750982400000, 103.5], [1751241600000, 100.5], [1751328000000, 102.5], [1751414400000, 100.5], [1751500800000, 101.0], [1751587200000, 101.5], [1751846400000, 100.5], [1751932800000, 99.0], [1752019200000, 98.5], [1752105600000, 99.0], [1752192000000, 99.8], [1752451200000, 98.1], [1752537600000, 97.7], [1752624000000, 98.0], [1752710400000, 98.0], [1752796800000, 98.5], [1753056000000, 99.0], [1753142400000, 103.0], [1753228800000, 104.0], [1753315200000, 103.0], [1753401600000, 101.5], [1753660800000, 102.0], [1753747200000, 101.5], [1753833600000, 100.0], [1753920000000, 101.0], [1754006400000, 100.5], [1754265600000, 99.9], [1754352000000, 100.0], [1754438400000, 100.0], [1754524800000, 98.6], [1754611200000, 98.6], [1754870400000, 98.6], [1754956800000, 97.1], [1755043200000, 100.0], [1755129600000, 97.8], [1755216000000, 95.5], [1755475200000, 95.7], [1755561600000, 94.0], [1755648000000, 92.8], [1755734400000, 92.8], [1755820800000, 89.8], [1756080000000, 90.0], [1756166400000, 88.2], [1756252800000, 90.2], [1756339200000, 92.0], [1756425600000, 94.6], [1756684800000, 90.5], [1756771200000, 92.0], [1756857600000, 92.1], [1756944000000, 92.2], [1757030400000, 90.7], [1757289600000, 90.2], [1757376000000, 90.2], [1757462400000, 90.1], [1757548800000, 89.1], [1757635200000, 98.0], [1757894400000, 92.6], [1757980800000, 90.1], [1758067200000, 90.7], [1758153600000, 92.7], [1758240000000, 92.5], [1758499200000, 93.5], [1758585600000, 92.0], [1758672000000, 93.6], [1758758400000, 94.3], [1758844800000, 92.2], [1759190400000, 92.6], [1759276800000, 92.4], [1759363200000, 91.9], [1759449600000, 101.0], [1759795200000, 98.0], [1759881600000, 98.0], [1759968000000, 97.3], [1760313600000, 97.5], [1760400000000, 97.4], [1760486400000, 95.5], [1760572800000, 97.9], [1760659200000, 96.0], [1760918400000, 96.1], [1761004800000, 95.5], [1761091200000, 95.6], [1761177600000, 96.0], [1761523200000, 96.0], [1761609600000, 95.5], [1761696000000, 96.0], [1761782400000, 94.5], [1761868800000, 94.3], [1762128000000, 93.5], [1762214400000, 93.0], [1762300800000, 93.4], [1762387200000, 95.8], [1762473600000, 93.5], [1762732800000, 93.5], [1762819200000, 93.5], [1762905600000, 93.2], [1762992000000, 92.0], [1763078400000, 91.8], [1763337600000, 92.8], [1763424000000, 90.1], [1763510400000, 90.8], [1763596800000, 91.9], [1763683200000, 90.1], [1763942400000, 90.2], [1764028800000, 91.2], [1764115200000, 91.8], [1764201600000, 92.3], [1764288000000, 92.0], [1764547200000, 92.2], [1764633600000, 92.0], [1764720000000, 92.3], [1764806400000, 92.0], [1764892800000, 92.1], [1765152000000, 91.0], [1765238400000, 90.1], [1765324800000, 91.0], [1765411200000, 91.0], [1765497600000, 91.3], [1765756800000, 90.5], [1765843200000, 89.1], [1765929600000, 89.7], [1766016000000, 89.9], [1766102400000, 89.6], [1766361600000, 89.9], [1766448000000, 90.0], [1766534400000, 90.3], [1766707200000, 89.5], [1766966400000, 89.8], [1767052800000, 89.0], [1767139200000, 90.0], [1767312000000, 89.9], [1767571200000, 85.5], [1767657600000, 86.7], [1767744000000, 88.8], [1767830400000, 87.1], [1767916800000, 86.3], [1768176000000, 85.8], [1768262400000, 87.1], [1768348800000, 87.6], [1768435200000, 87.7], [1768521600000, 96.4], [1768780800000, 92.0]],