{"margin_balance": [[1765843200000, 0.002664], [1765929600000, 0.00176], [1766016000000, 0.001742], [1766102400000, 0.001732], [1766361600000, 0.00609], [1766448000000, 0.00696], [1766534400000, 0.006912], [1766707200000, 0.006944], [1766966400000, 0.006912], [1767052800000, 0.00688], [1767139200000, 0.00684], [1767312000000, 0.00684], [1767571200000, 0.0068], [1767657600000, 0.006792], [1767744000000, 0.0068], [1767830400000, 0.007631999999999999], [1767916800000, 0.0058730000000000015], [1768176000000, 0.002499], [1768262400000, 0.00252], [1768348800000, 0.00415], [1768435200000, 0.004125], [1768521600000, 0.00498], [1768780800000, 0.004055], [1768867200000, 0.005663000000000001], [1768953600000, 0.0104], [1769040000000, 0.009576]], "closing_price": [[1750032000000, 110.5], [1750636800000, 106.0], [1751241600000, 100.0], [1751846400000, 96.2], [1752451200000, 103.5], [1753056000000, 99.5], [1753660800000, 100.5], [1754265600000, 100.5], [1754870400000, 101.0], [1755475200000, 98.8], [1756080000000, 97.3], [1756684800000, 97.1], [1757289600000, 96.7], [1757894400000, 93.4], [1758499200000, 90.2], [1759104000000, 89.3], [1759708800000, 89.4], [1760313600000, 88.9], [1760918400000, 87.9], [1761523200000, 86.5], [1762128000000, 84.6], [1762732800000, 90.3], [1763337600000, 87.9], [1763942400000, 85.9], [1764028800000, 86.8], [1764115200000, 86.9], [1764201600000, 87.1], [1764288000000, 87.9], [1764547200000, 86.3], [1764633600000, 86.7], [1764720000000, 86.8], [1764806400000, 86.7], [1764892800000, 86.8], [1765152000000, 86.1], [1765238400000, 87.0], [1765324800000, 89.4], [1765411200000, 89.2], [1765497600000, 89.3], [1765756800000, 89.9], [1765843200000, 88.8], [1765929600000, 88.0], [1766016000000, 87.1], [1766102400000, 86.6], [1766361600000, 87.0], [1766448000000, 87.0], [1766534400000, 86.4], [1766707200000, 86.8], [1766966400000, 86.4], [1767052800000, 86.0], [1767139200000, 85.5], [1767312000000, 85.5], [1767571200000, 85.0], [1767657600000, 84.9], [1767744000000, 85.0], [1767830400000, 84.8], [1767916800000, 83.9], [1768176000000, 83.3], [1768262400000, 84.0], [1768348800000, 83.0], [1768435200000, 82.5], [1768521600000, 83.0], [1768780800000, 81.1], [1768867200000, 80.9], [1768953600000, 80.0], [1769040000000, 79.8]], "margin_ratio": [[1765843200000, 0.00950071326676177], [1765929600000, 0.0062767475035663345], [1766016000000, 0.006212553495007133], [1766102400000, 0.006176890156918688], [1766361600000, 0.021718972895863053], [1766448000000, 0.024821683309557776], [1766534400000, 0.024650499286733237], [1766707200000, 0.02476462196861626], [1766966400000, 0.024650499286733237], [1767052800000, 0.024536376604850217], [1767139200000, 0.024393723252496433], [1767312000000, 0.024393723252496433], [1767571200000, 0.02425106990014265], [1767657600000, 0.0242225392296719], [1767744000000, 0.02425106990014265], [1767830400000, 0.02721825962910128], [1767916800000, 0.0209450784593438], [1768176000000, 0.008912268188302425], [1768262400000, 0.00898716119828816], [1768348800000, 0.01480028530670471], [1768435200000, 0.014711126961483597], [1768521600000, 0.017760342368045648], [1768780800000, 0.014461483594864478], [1768867200000, 0.02019614835948645], [1768953600000, 0.03708987161198288], [1769040000000, 0.034151212553495]]}