{"margin_balance": [[1764201600000, 285.1733], [1764288000000, 244.5521], [1764547200000, 231.66325], [1764633600000, 159.2679], [1764720000000, 236.7828], [1764806400000, 150.9826], [1764892800000, 137.4], [1765152000000, 134.6889], [1765238400000, 79.19515], [1765324800000, 195.041], [1765411200000, 184.5], [1765497600000, 102.6093], [1765756800000, 85.3254], [1765843200000, 156.5832], [1765929600000, 137.49645], [1766016000000, 110.8646], [1766102400000, 96.292], [1766361600000, 64.81265], [1766448000000, 85.008], [1766534400000, 70.7766], [1766707200000, 114.7223], [1766966400000, 106.488], [1767052800000, 107.8224], [1767139200000, 103.86675], [1767312000000, 147.03745], [1767571200000, 182.5032], [1767657600000, 362.181], [1767744000000, 139.682], [1767830400000, 391.8378], [1767916800000, 159.3072], [1768176000000, 211.52], [1768262400000, 162.0928], [1768348800000, 129.72], [1768435200000, 144.6626], [1768521600000, 104.90465], [1768780800000, 107.765], [1768867200000, 74.365], [1768953600000, 116.2437], [1769040000000, 150.048], [1769126400000, 100.1424], [1769385600000, 99.0688]], "closing_price": [[1764201600000, 2710.0], [1764288000000, 2990.0], [1764547200000, 2975.0], [1764633600000, 2890.0], [1764720000000, 2920.0], [1764806400000, 3070.0], [1764892800000, 3000.0], [1765152000000, 2955.0], [1765238400000, 2965.0], [1765324800000, 2980.0], [1765411200000, 3125.0], [1765497600000, 3165.0], [1765756800000, 3105.0], [1765843200000, 3180.0], [1765929600000, 3185.0], [1766016000000, 3220.0], [1766102400000, 3325.0], [1766361600000, 3295.0], [1766448000000, 3300.0], [1766534400000, 3295.0], [1766707200000, 3290.0], [1766966400000, 3400.0], [1767052800000, 3360.0], [1767139200000, 3445.0], [1767312000000, 3395.0], [1767571200000, 3410.0], [1767657600000, 3335.0], [1767744000000, 3310.0], [1767830400000, 3310.0], [1767916800000, 3120.0], [1768176000000, 3305.0], [1768262400000, 3440.0], [1768348800000, 3450.0], [1768435200000, 3460.0], [1768521600000, 3505.0], [1768780800000, 3500.0], [1768867200000, 3475.0], [1768953600000, 3495.0], [1769040000000, 3600.0], [1769126400000, 3720.0], [1769385600000, 3730.0]], "margin_ratio": [[1764201600000, 4.198442073152778], [1764288000000, 3.6003995665718547], [1764547200000, 3.410644459363167], [1764633600000, 2.344809462395986], [1764720000000, 3.4860166422274443], [1764806400000, 2.222829767562379], [1764892800000, 2.022860979100048], [1765152000000, 1.982947016942565], [1765238400000, 1.1659445317974901], [1765324800000, 2.8714761879523465], [1765411200000, 2.7162871225906757], [1765497600000, 1.5106575623200185], [1765756800000, 1.2561966680211298], [1765843200000, 2.3052841722170205], [1765929600000, 2.0242809568397435], [1766016000000, 1.6321955844507654], [1766102400000, 1.4176515967940453], [1766361600000, 0.9541992768345614], [1766448000000, 1.2515237708248679], [1766534400000, 1.0420030740420119], [1766707200000, 1.6889902773115677], [1766966400000, 1.567761426072823], [1767052800000, 1.587407027896048], [1767139200000, 1.5291702736604067], [1767312000000, 2.1647475987727387], [1767571200000, 2.6868893874882955], [1767657600000, 5.332182039821211], [1767744000000, 2.0564575493642856], [1767830400000, 5.768802006960763], [1767916800000, 2.345388053636733], [1768176000000, 3.1140870036334944], [1768262400000, 2.3863988363396524], [1768348800000, 1.9097927671678179], [1768435200000, 2.1297840514931483], [1768521600000, 1.5444506769370294], [1768780800000, 1.586561960791242], [1768867200000, 1.0948330182734718], [1768953600000, 1.711388972315955], [1769040000000, 2.2090701906259387], [1769126400000, 1.4743388159638182], [1769385600000, 1.4585328221707918]]}