{"margin_balance": [[1764547200000, 0.10548], [1765152000000, 0.24084], [1765756800000, 0.32819], [1766361600000, 0.354], [1766966400000, 0.3496], [1767571200000, 0.7485], [1768176000000, 0.7469], [1768780800000, 1.0395], [1769385600000, 1.0302], [1769990400000, 4.3362], [1770595200000, 7.11375], [1771200000000, 9.6084], [1771804800000, 9.04365], [1771891200000, 9.2261], [1771977600000, 11.3378], [1772064000000, 15.9505], [1772409600000, 15.123], [1772496000000, 15.33855], [1772582400000, 14.0182], [1772668800000, 14.0384], [1772755200000, 14.81115], [1773014400000, 12.7296], [1773100800000, 12.8296], [1773187200000, 14.97305], [1773273600000, 13.8096], [1773360000000, 13.3245], [1773619200000, 14.0996], [1773705600000, 13.51245], [1773792000000, 14.668], [1773878400000, 14.35665], [1773964800000, 14.82145], [1774224000000, 13.9392], [1774310400000, 12.45], [1774396800000, 13.87], [1774483200000, 13.65], [1774569600000, 13.70835], [1774828800000, 17.31375], [1774915200000, 18.232], [1775001600000, 19.6885], [1775088000000, 19.411], [1775520000000, 18.53025], [1775606400000, 20.618], [1775692800000, 20.7515], [1775779200000, 23.8777], [1776038400000, 22.87925], [1776124800000, 22.2855], [1776211200000, 21.9672]], "closing_price": [[1750636800000, 1050.0], [1751241600000, 1155.0], [1751846400000, 1120.0], [1752451200000, 1215.0], [1753056000000, 1290.0], [1753660800000, 1320.0], [1754265600000, 1020.0], [1754870400000, 1095.0], [1755475200000, 1075.0], [1756080000000, 1035.0], [1756684800000, 1030.0], [1757289600000, 1035.0], [1757894400000, 1085.0], [1758499200000, 1085.0], [1759104000000, 1045.0], [1759708800000, 1050.0], [1760313600000, 1050.0], [1760918400000, 962.0], [1761523200000, 1020.0], [1762128000000, 1020.0], [1762732800000, 999.0], [1763337600000, 871.0], [1763942400000, 795.0], [1764547200000, 879.0], [1765152000000, 892.0], [1765756800000, 887.0], [1766361600000, 885.0], [1766966400000, 874.0], [1767571200000, 998.0], [1768176000000, 970.0], [1768780800000, 990.0], [1769385600000, 1010.0], [1769990400000, 1095.0], [1770595200000, 1355.0], [1771200000000, 1570.0], [1771804800000, 1485.0], [1771891200000, 1510.0], [1771977600000, 1660.0], [1772064000000, 1825.0], [1772409600000, 1775.0], [1772496000000, 1745.0], [1772582400000, 1615.0], [1772668800000, 1640.0], [1772755200000, 1685.0], [1773014400000, 1560.0], [1773100800000, 1580.0], [1773187200000, 1735.0], [1773273600000, 1680.0], [1773360000000, 1645.0], [1773619200000, 1745.0], [1773705600000, 1785.0], [1773792000000, 1900.0], [1773878400000, 1815.0], [1773964800000, 1855.0], [1774224000000, 1760.0], [1774310400000, 1660.0], [1774396800000, 1825.0], [1774483200000, 1820.0], [1774569600000, 1845.0], [1774828800000, 2025.0], [1774915200000, 2150.0], [1775001600000, 2330.0], [1775088000000, 2350.0], [1775520000000, 2325.0], [1775606400000, 2440.0], [1775692800000, 2450.0], [1775779200000, 2695.0], [1776038400000, 2645.0], [1776124800000, 2490.0], [1776211200000, 2430.0]], "margin_ratio": [[1764547200000, 0.015502645502645504], [1765152000000, 0.0353968253968254], [1765756800000, 0.048234861845972955], [1766361600000, 0.05202821869488536], [1766966400000, 0.05138154027042916], [1767571200000, 0.11000881834215169], [1768176000000, 0.10977366255144033], [1768780800000, 0.1527777777777778], [1769385600000, 0.1514109347442681], [1769990400000, 0.6373015873015874], [1770595200000, 1.0455246913580245], [1771200000000, 1.4121693121693122], [1771804800000, 1.3291666666666666], [1771891200000, 1.35598177542622], [1771977600000, 1.6663433274544386], [1772064000000, 2.3442827748383306], [1772409600000, 2.222663139329806], [1772496000000, 2.2543430335097003], [1772582400000, 2.0602880658436216], [1772668800000, 2.063256907701352], [1772755200000, 2.176829805996473], [1773014400000, 1.870899470899471], [1773100800000, 1.88559670781893], [1773187200000, 2.2006246325690775], [1773273600000, 2.0296296296296297], [1773360000000, 1.9583333333333335], [1773619200000, 2.0722516166960614], [1773705600000, 1.9859567901234567], [1773792000000, 2.155790711346267], [1773878400000, 2.110030864197531], [1773964800000, 2.1783436213991774], [1774224000000, 2.0486772486772487], [1774310400000, 1.829805996472663], [1774396800000, 2.038506760728983], [1774483200000, 2.006172839506173], [1774569600000, 2.014748677248677], [1774828800000, 2.544642857142857], [1774915200000, 2.6796002351557906], [1775001600000, 2.893665490887713], [1775088000000, 2.8528806584362143], [1775520000000, 2.7234347442680775], [1775606400000, 3.030276308054086], [1775692800000, 3.049897119341564], [1775779200000, 3.5093621399176955], [1776038400000, 3.3626175778953558], [1776124800000, 3.275352733686067], [1776211200000, 3.2285714285714286]]}