{"margin_balance": [[1764201600000, 285.1733], [1764288000000, 244.5521], [1764547200000, 231.66325], [1764633600000, 159.2679], [1764720000000, 236.7828], [1764806400000, 150.9826], [1764892800000, 137.4], [1765152000000, 134.6889], [1765238400000, 79.19515], [1765324800000, 195.041], [1765411200000, 184.5], [1765497600000, 102.6093], [1765756800000, 85.3254], [1765843200000, 156.5832], [1765929600000, 137.49645], [1766016000000, 110.8646], [1766102400000, 96.292], [1766361600000, 64.81265], [1766448000000, 85.008], [1766534400000, 70.7766], [1766707200000, 114.7223], [1766966400000, 106.488], [1767052800000, 107.8224], [1767139200000, 103.86675], [1767312000000, 147.03745], [1767571200000, 182.5032], [1767657600000, 362.181], [1767744000000, 139.682], [1767830400000, 391.8378], [1767916800000, 159.3072], [1768176000000, 211.52], [1768262400000, 162.0928], [1768348800000, 129.72], [1768435200000, 144.6626], [1768521600000, 104.90465], [1768780800000, 107.765], [1768867200000, 74.365], [1768953600000, 116.2437], [1769040000000, 150.048], [1769126400000, 100.1424], [1769385600000, 99.0688], [1769472000000, 116.23225], [1769558400000, 200.9394], [1769644800000, 119.95995], [1769731200000, 100.3749], [1769990400000, 148.3421], [1770076800000, 140.4366], [1770163200000, 184.49], [1770249600000, 208.7625], [1770336000000, 141.35905], [1770595200000, 131.5491], [1770681600000, 182.748], [1770768000000, 412.1097], [1771804800000, 264.2244], [1771891200000, 197.868], [1771977600000, 216.9005], [1772064000000, 389.3312], [1772409600000, 1065.5736], [1772496000000, 631.1408], [1772582400000, 449.9145], [1772668800000, 225.3438], [1772755200000, 179.8348], [1773014400000, 300.1188], [1773100800000, 210.0856], [1773187200000, 229.0968], [1773273600000, 211.13295], [1773360000000, 1104.345]], "closing_price": [[1764201600000, 2710.0], [1764288000000, 2990.0], [1764547200000, 2975.0], [1764633600000, 2890.0], [1764720000000, 2920.0], [1764806400000, 3070.0], [1764892800000, 3000.0], [1765152000000, 2955.0], [1765238400000, 2965.0], [1765324800000, 2980.0], [1765411200000, 3125.0], [1765497600000, 3165.0], [1765756800000, 3105.0], [1765843200000, 3180.0], [1765929600000, 3185.0], [1766016000000, 3220.0], [1766102400000, 3325.0], [1766361600000, 3295.0], [1766448000000, 3300.0], [1766534400000, 3295.0], [1766707200000, 3290.0], [1766966400000, 3400.0], [1767052800000, 3360.0], [1767139200000, 3445.0], [1767312000000, 3395.0], [1767571200000, 3410.0], [1767657600000, 3335.0], [1767744000000, 3310.0], [1767830400000, 3310.0], [1767916800000, 3120.0], [1768176000000, 3305.0], [1768262400000, 3440.0], [1768348800000, 3450.0], [1768435200000, 3460.0], [1768521600000, 3505.0], [1768780800000, 3500.0], [1768867200000, 3475.0], [1768953600000, 3495.0], [1769040000000, 3600.0], [1769126400000, 3720.0], [1769385600000, 3730.0], [1769472000000, 3775.0], [1769558400000, 3810.0], [1769644800000, 3795.0], [1769731200000, 3765.0], [1769990400000, 3730.0], [1770076800000, 3810.0], [1770163200000, 3800.0], [1770249600000, 3750.0], [1770336000000, 3665.0], [1770595200000, 3765.0], [1770681600000, 3880.0], [1770768000000, 4065.0], [1771804800000, 4440.0], [1771891200000, 4400.0], [1771977600000, 4610.0], [1772064000000, 4790.0], [1772409600000, 4760.0], [1772496000000, 4330.0], [1772582400000, 4050.0], [1772668800000, 4180.0], [1772755200000, 4190.0], [1773014400000, 3830.0], [1773100800000, 4195.0], [1773187200000, 4230.0], [1773273600000, 4315.0], [1773360000000, 4365.0]], "margin_ratio": [[1764201600000, 3.889354418553903], [1764288000000, 3.3353395661572667], [1764547200000, 3.15955415532961], [1764633600000, 2.172185511753033], [1764720000000, 3.2293774677277476], [1764806400000, 2.059185914090683], [1764892800000, 1.8739387492072588], [1765152000000, 1.8369632372496472], [1765238400000, 1.0801081538157293], [1765324800000, 2.6600792400591917], [1765411200000, 2.5163151326691353], [1765497600000, 1.399443546572288], [1765756800000, 1.1637159632577074], [1765843200000, 2.135570057895706], [1765929600000, 1.875254188744093], [1766016000000, 1.5120339873024964], [1766102400000, 1.3132846436584087], [1766361600000, 0.8839515012649769], [1766448000000, 1.1593870829156523], [1766534400000, 0.9652912174464517], [1766707200000, 1.5646474772065495], [1766966400000, 1.4523434463288396], [1767052800000, 1.4705427466704855], [1767139200000, 1.4165933593829914], [1767312000000, 2.0053797317294384], [1767571200000, 2.489081647265809], [1767657600000, 4.9396288946625475], [1767744000000, 1.9050619531788084], [1767830400000, 5.3441050715001746], [1767916800000, 2.172721507334138], [1768176000000, 2.88482914288442], [1768262400000, 2.2107130923399008], [1768348800000, 1.7691945745790798], [1768435200000, 1.9729901870529107], [1768521600000, 1.4307488253786407], [1768780800000, 1.469759893073655], [1768867200000, 1.0142318419563157], [1768953600000, 1.5853971890918763], [1769040000000, 2.0464393117980406], [1769126400000, 1.3657985720423067], [1769385600000, 1.3511562092974094], [1769472000000, 1.5852410275294424], [1769558400000, 2.7405249483439373], [1769644800000, 1.6360815040608827], [1769731200000, 1.368969538266402], [1769990400000, 2.023173284780044], [1770076800000, 1.9153536138786034], [1770163200000, 2.5161787470250885], [1770249600000, 2.84722080153843], [1770336000000, 1.9279345076137286], [1770595200000, 1.7941408727317365], [1770681600000, 2.4924203678320818], [1770768000000, 5.62058468525603], [1771804800000, 3.6036414966960577], [1771891200000, 2.6986354616313086], [1771977600000, 2.9582114386639664], [1772064000000, 5.309918645963326], [1772409600000, 14.532894171559501], [1772496000000, 8.607854449240673], [1772582400000, 6.136187884863239], [1772668800000, 3.073365929502261], [1772755200000, 2.4526885020082787], [1773014400000, 4.0931895828645075], [1773100800000, 2.8652659861023033], [1773187200000, 3.1245514617131405], [1773273600000, 2.879550336531577], [1773360000000, 15.061680407520306]]}