{"margin_balance": [[1763337600000, 0.89352], [1763424000000, 0.18952600000000003], [1763510400000, 0.083664], [1763596800000, 0.07623], [1763683200000, 0.166896], [1763942400000, 0.201985], [1764028800000, 0.08976], [1764115200000, 0.060695], [1764201600000, 0.137], [1764288000000, 0.138305], [1764547200000, 0.03571200000000001], [1764633600000, 0.090545], [1764720000000, 0.270875], [1764806400000, 0.047775], [1764892800000, 0.031072], [1765152000000, 0.069083], [1765238400000, 0.24363899999999997], [1765324800000, 0.072457], [1765411200000, 0.08789], [1765497600000, 0.08303699999999999], [1765756800000, 0.0466], [1765843200000, 0.010043], [1765929600000, 0.08784], [1766016000000, 0.015385], [1766102400000, 0.014912], [1766361600000, 0.04545], [1766448000000, 0.01456], [1766534400000, 0.067379], [1766707200000, 0.02852], [1766966400000, 0.01656], [1767052800000, 0.070528], [1767139200000, 0.02883], [1767312000000, 0.028799], [1767571200000, 0.026796000000000004], [1767657600000, 0.02733], [1767744000000, 0.064255], [1767830400000, 0.02534], [1767916800000, 0.01844], [1768176000000, 0.03185], [1768262400000, 0.024435], [1768348800000, 0.038829], [1768435200000, 0.011856000000000002], [1768521600000, 0.02668], [1768780800000, 0.022875], [1768867200000, 0.017138], [1768953600000, 0.008199], [1769040000000, 0.012683999999999997], [1769126400000, 0.010871999999999998], [1769385600000, 0.04732], [1769472000000, 0.0182], [1769558400000, 0.062376], [1769644800000, 0.0387], [1769731200000, 0.041877], [1769990400000, 0.01068], [1770076800000, 0.007128], [1770163200000, 0.007104], [1770249600000, 0.01232], [1770336000000, 0.01513], [1770595200000, 0.01068], [1770681600000, 0.028384], [1770768000000, 0.032708]], "closing_price": [[1763337600000, 102.0], [1763424000000, 98.2], [1763510400000, 99.6], [1763596800000, 99.0], [1763683200000, 97.6], [1763942400000, 101.5], [1764028800000, 102.0], [1764115200000, 99.5], [1764201600000, 100.0], [1764288000000, 99.5], [1764547200000, 99.2], [1764633600000, 99.5], [1764720000000, 98.5], [1764806400000, 97.5], [1764892800000, 97.1], [1765152000000, 97.3], [1765238400000, 96.3], [1765324800000, 94.1], [1765411200000, 93.5], [1765497600000, 93.3], [1765756800000, 93.2], [1765843200000, 91.3], [1765929600000, 91.5], [1766016000000, 90.5], [1766102400000, 93.2], [1766361600000, 90.9], [1766448000000, 91.0], [1766534400000, 92.3], [1766707200000, 92.0], [1766966400000, 92.0], [1767052800000, 92.8], [1767139200000, 93.0], [1767312000000, 92.9], [1767571200000, 92.4], [1767657600000, 91.1], [1767744000000, 90.5], [1767830400000, 90.5], [1767916800000, 92.2], [1768176000000, 91.0], [1768262400000, 90.5], [1768348800000, 90.3], [1768435200000, 91.2], [1768521600000, 92.0], [1768780800000, 91.5], [1768867200000, 90.2], [1768953600000, 91.1], [1769040000000, 90.6], [1769126400000, 90.6], [1769385600000, 91.0], [1769472000000, 91.0], [1769558400000, 90.4], [1769644800000, 90.0], [1769731200000, 89.1], [1769990400000, 89.0], [1770076800000, 89.1], [1770163200000, 88.8], [1770249600000, 88.0], [1770336000000, 89.0], [1770595200000, 89.0], [1770681600000, 88.7], [1770768000000, 88.4]], "margin_ratio": [[1763337600000, 3.265789473684211], [1763424000000, 0.6927119883040938], [1763510400000, 0.30578947368421056], [1763596800000, 0.2786184210526316], [1763683200000, 0.61], [1763942400000, 0.738249269005848], [1764028800000, 0.3280701754385965], [1764115200000, 0.22183845029239765], [1764201600000, 0.5007309941520468], [1764288000000, 0.505500730994152], [1764547200000, 0.1305263157894737], [1764633600000, 0.33093932748538013], [1764720000000, 0.9900402046783625], [1764806400000, 0.17461622807017543], [1764892800000, 0.1135672514619883], [1765152000000, 0.2524963450292398], [1765238400000, 0.8904934210526315], [1765324800000, 0.264828216374269], [1765411200000, 0.32123538011695907], [1765497600000, 0.3034978070175438], [1765756800000, 0.1703216374269006], [1765843200000, 0.03670687134502924], [1765929600000, 0.3210526315789474], [1766016000000, 0.05623172514619883], [1766102400000, 0.05450292397660819], [1766361600000, 0.16611842105263158], [1766448000000, 0.053216374269005856], [1766534400000, 0.24626827485380115], [1766707200000, 0.10423976608187135], [1766966400000, 0.06052631578947368], [1767052800000, 0.2577777777777778], [1767139200000, 0.10537280701754387], [1767312000000, 0.10525950292397661], [1767571200000, 0.09793859649122809], [1767657600000, 0.099890350877193], [1767744000000, 0.2348501461988304], [1767830400000, 0.0926169590643275], [1767916800000, 0.06739766081871346], [1768176000000, 0.11641081871345031], [1768262400000, 0.08930921052631578], [1768348800000, 0.14191885964912282], [1768435200000, 0.04333333333333334], [1768521600000, 0.09751461988304094], [1768780800000, 0.08360745614035088], [1768867200000, 0.06263888888888888], [1768953600000, 0.029967105263157896], [1769040000000, 0.04635964912280701], [1769126400000, 0.039736842105263154], [1769385600000, 0.17295321637426903], [1769472000000, 0.06652046783625731], [1769558400000, 0.2279824561403509], [1769644800000, 0.14144736842105263], [1769731200000, 0.1530592105263158], [1769990400000, 0.03903508771929824], [1770076800000, 0.02605263157894737], [1770163200000, 0.025964912280701757], [1770249600000, 0.04502923976608187], [1770336000000, 0.05529970760233918], [1770595200000, 0.03903508771929824], [1770681600000, 0.10374269005847953], [1770768000000, 0.11954678362573098]]}