{"margin_balance": [[1764288000000, 0.277635], [1764547200000, 0.723975], [1764633600000, 0.91304], [1764720000000, 1.00788], [1764806400000, 1.1891], [1764892800000, 1.210845], [1765152000000, 1.23471], [1765238400000, 1.25936], [1765324800000, 1.15178], [1765411200000, 1.18524], [1765497600000, 1.191465], [1765756800000, 1.1718], [1765843200000, 1.157625], [1765929600000, 1.101275], [1766016000000, 0.99127], [1766102400000, 1.04066], [1766361600000, 1.04682], [1766448000000, 1.06413], [1766534400000, 1.12407], [1766707200000, 2.022745], [1766966400000, 2.23685], [1767052800000, 2.65558], [1767139200000, 2.96424], [1767312000000, 3.87266], [1767571200000, 3.7996], [1767657600000, 3.7062], [1767744000000, 3.85577], [1767830400000, 3.7873], [1767916800000, 3.73776], [1768176000000, 4.05986], [1768262400000, 3.6905], [1768348800000, 3.7631], [1768435200000, 3.65418], [1768521600000, 3.62976], [1768780800000, 3.6766], [1768867200000, 4.1943], [1768953600000, 4.81998], [1769040000000, 4.13836], [1769126400000, 4.31808], [1769385600000, 4.02588], [1769472000000, 4.0138], [1769558400000, 4.43531], [1769644800000, 4.4125], [1769731200000, 5.28525], [1769990400000, 5.63178], [1770076800000, 6.12816], [1770163200000, 6.7275], [1770249600000, 6.32905], [1770336000000, 5.42593], [1770595200000, 5.66618], [1770681600000, 5.50024], [1770768000000, 5.41488], [1771804800000, 5.85585], [1771891200000, 5.82266], [1771977600000, 5.83248], [1772064000000, 5.838], [1772409600000, 6.01861], [1772496000000, 6.07705], [1772582400000, 5.36796], [1772668800000, 5.21208], [1772755200000, 5.25358], [1773014400000, 4.69898], [1773100800000, 4.77572], [1773187200000, 4.96318], [1773273600000, 4.921], [1773360000000, 5.4516], [1773619200000, 4.8209], [1773705600000, 4.55225], [1773792000000, 4.4897], [1773878400000, 4.67258], [1773964800000, 5.8482], [1774224000000, 5.65785], [1774310400000, 5.18894], [1774396800000, 5.4946], [1774483200000, 5.48298], [1774569600000, 5.70024], [1774828800000, 5.6448], [1774915200000, 5.103], [1775001600000, 5.2311], [1775088000000, 5.36536], [1775520000000, 5.41471], [1775606400000, 6.37572], [1775692800000, 6.25602], [1775779200000, 6.44464], [1776038400000, 6.29952], [1776124800000, 6.83353], [1776211200000, 6.52616], [1776297600000, 5.84731], [1776384000000, 5.41975], [1776643200000, 3.88], [1776729600000, 3.7017]], "closing_price": [[1741564800000, 373.0], [1742169600000, 316.0], [1742774400000, 341.5], [1743379200000, 305.5], [1743984000000, 293.0], [1744588800000, 229.5], [1745193600000, 294.5], [1745366400000, 268.0], [1745452800000, 257.5], [1745539200000, 261.0], [1745798400000, 274.0], [1745884800000, 270.0], [1745971200000, 262.0], [1746144000000, 270.5], [1746403200000, 251.5], [1746489600000, 248.0], [1746576000000, 240.0], [1746662400000, 241.5], [1746748800000, 243.0], [1747008000000, 249.5], [1747094400000, 235.5], [1747180800000, 238.5], [1747267200000, 233.5], [1747353600000, 232.5], [1747612800000, 233.0], [1747699200000, 236.5], [1747785600000, 237.5], [1747872000000, 235.5], [1747958400000, 234.5], [1748217600000, 235.0], [1748304000000, 235.0], [1748390400000, 230.5], [1748476800000, 229.5], [1748822400000, 223.5], [1748908800000, 236.0], [1748995200000, 235.0], [1749081600000, 238.5], [1749168000000, 262.0], [1749427200000, 271.0], [1749513600000, 272.0], [1749600000000, 277.0], [1749686400000, 280.0], [1749772800000, 272.5], [1750032000000, 271.0], [1750118400000, 274.0], [1750204800000, 274.0], [1750291200000, 273.0], [1750377600000, 270.0], [1750636800000, 266.5], [1750723200000, 274.0], [1750809600000, 278.5], [1750896000000, 273.0], [1750982400000, 270.0], [1751241600000, 267.0], [1751328000000, 280.0], [1751414400000, 283.5], [1751500800000, 274.5], [1751587200000, 265.0], [1751846400000, 263.0], [1751932800000, 258.0], [1752019200000, 259.5], [1752105600000, 260.5], [1752192000000, 244.0], [1752451200000, 239.0], [1752537600000, 244.5], [1752624000000, 245.0], [1752710400000, 252.0], [1752796800000, 247.5], [1753056000000, 246.0], [1753142400000, 270.5], [1753228800000, 283.5], [1753315200000, 278.0], [1753401600000, 294.0], [1753660800000, 309.5], [1753747200000, 307.0], [1753833600000, 298.5], [1753920000000, 291.5], [1754006400000, 294.0], [1754265600000, 281.5], [1754352000000, 281.0], [1754438400000, 301.5], [1754524800000, 294.0], [1754611200000, 293.5], [1754870400000, 298.0], [1754956800000, 293.0], [1755043200000, 295.0], [1755129600000, 309.0], [1755216000000, 309.0], [1755475200000, 309.0], [1755561600000, 304.0], [1755648000000, 301.5], [1755734400000, 299.0], [1755820800000, 301.0], [1756080000000, 305.0], [1756166400000, 307.0], [1756252800000, 310.0], [1756339200000, 328.0], [1756425600000, 324.0], [1756684800000, 302.5], [1756771200000, 306.5], [1756857600000, 305.0], [1756944000000, 300.0], [1757030400000, 312.0], [1757289600000, 309.5], [1757376000000, 308.0], [1757462400000, 305.0], [1757548800000, 308.5], [1757635200000, 307.5], [1757894400000, 336.0], [1757980800000, 326.0], [1758067200000, 322.0], [1758153600000, 311.5], [1758240000000, 305.5], [1758499200000, 301.0], [1758585600000, 304.5], [1758672000000, 301.5], [1758758400000, 308.5], [1758844800000, 292.0], [1759190400000, 317.0], [1759276800000, 310.0], [1759363200000, 325.5], [1759449600000, 350.0], [1759795200000, 333.0], [1759881600000, 324.5], [1759968000000, 321.0], [1760313600000, 324.0], [1760400000000, 303.0], [1760486400000, 300.0], [1760572800000, 301.0], [1760659200000, 299.0], [1760918400000, 302.5], [1761004800000, 301.0], [1761091200000, 302.0], [1761177600000, 300.0], [1761523200000, 305.0], [1761609600000, 298.5], [1761696000000, 285.0], [1761782400000, 313.5], [1761868800000, 313.5], [1762128000000, 306.0], [1762214400000, 312.0], [1762300800000, 299.0], [1762387200000, 290.5], [1762473600000, 293.5], [1762732800000, 301.5], [1762819200000, 295.0], [1762905600000, 298.0], [1762992000000, 319.0], [1763078400000, 313.0], [1763337600000, 314.5], [1763424000000, 296.5], [1763510400000, 295.5], [1763596800000, 307.5], [1763683200000, 312.5], [1763942400000, 318.5], [1764028800000, 316.0], [1764115200000, 311.0], [1764201600000, 306.5], [1764288000000, 334.5], [1764547200000, 367.5], [1764633600000, 404.0], [1764720000000, 444.0], [1764806400000, 470.0], [1764892800000, 453.5], [1765152000000, 459.0], [1765238400000, 463.0], [1765324800000, 433.0], [1765411200000, 476.0], [1765497600000, 478.5], [1765756800000, 472.5], [1765843200000, 472.5], [1765929600000, 449.5], [1766016000000, 416.5], [1766102400000, 426.5], [1766361600000, 438.0], [1766448000000, 449.0], [1766534400000, 421.0], [1766707200000, 450.5], [1766966400000, 456.5], [1767052800000, 502.0], [1767139200000, 552.0], [1767312000000, 607.0], [1767571200000, 590.0], [1767657600000, 580.0], [1767744000000, 613.0], [1767830400000, 605.0], [1767916800000, 599.0], [1768176000000, 658.0], [1768262400000, 610.0], [1768348800000, 622.0], [1768435200000, 603.0], [1768521600000, 608.0], [1768780800000, 620.0], [1768867200000, 682.0], [1768953600000, 737.0], [1769040000000, 674.0], [1769126400000, 692.0], [1769385600000, 636.0], [1769472000000, 610.0], [1769558400000, 671.0], [1769644800000, 625.0], [1769731200000, 675.0], [1769990400000, 742.0], [1770076800000, 816.0], [1770163200000, 897.0], [1770249600000, 845.0], [1770336000000, 761.0], [1770595200000, 806.0], [1770681600000, 788.0], [1770768000000, 778.0], [1771804800000, 845.0], [1771891200000, 839.0], [1771977600000, 838.0], [1772064000000, 840.0], [1772409600000, 871.0], [1772496000000, 895.0], [1772582400000, 806.0], [1772668800000, 762.0], [1772755200000, 757.0], [1773014400000, 682.0], [1773100800000, 667.0], [1773187200000, 706.0], [1773273600000, 700.0], [1773360000000, 770.0], [1773619200000, 710.0], [1773705600000, 695.0], [1773792000000, 695.0], [1773878400000, 737.0], [1773964800000, 810.0], [1774224000000, 891.0], [1774310400000, 802.0], [1774396800000, 830.0], [1774483200000, 747.0], [1774569600000, 756.0], 