{"margin_balance": [[1763337600000, 0.89352], [1763424000000, 0.18952600000000003], [1763510400000, 0.083664], [1763596800000, 0.07623], [1763683200000, 0.166896], [1763942400000, 0.201985], [1764028800000, 0.08976], [1764115200000, 0.060695], [1764201600000, 0.137], [1764288000000, 0.138305], [1764547200000, 0.03571200000000001], [1764633600000, 0.090545], [1764720000000, 0.270875], [1764806400000, 0.047775], [1764892800000, 0.031072], [1765152000000, 0.069083], [1765238400000, 0.24363899999999997], [1765324800000, 0.072457], [1765411200000, 0.08789], [1765497600000, 0.08303699999999999], [1765756800000, 0.0466], [1765843200000, 0.010043], [1765929600000, 0.08784], [1766016000000, 0.015385], [1766102400000, 0.014912], [1766361600000, 0.04545], [1766448000000, 0.01456], [1766534400000, 0.067379], [1766707200000, 0.02852], [1766966400000, 0.01656], [1767052800000, 0.070528], [1767139200000, 0.02883], [1767312000000, 0.028799], [1767571200000, 0.026796000000000004], [1767657600000, 0.02733], [1767744000000, 0.064255], [1767830400000, 0.02534], [1767916800000, 0.01844], [1768176000000, 0.03185], [1768262400000, 0.024435], [1768348800000, 0.038829], [1768435200000, 0.011856000000000002], [1768521600000, 0.02668], [1768780800000, 0.022875], [1768867200000, 0.017138], [1768953600000, 0.008199], [1769040000000, 0.012683999999999997], [1769126400000, 0.010871999999999998], [1769385600000, 0.04732], [1769472000000, 0.0182], [1769558400000, 0.062376], [1769644800000, 0.0387], [1769731200000, 0.041877], [1769990400000, 0.01068], [1770076800000, 0.007128], [1770163200000, 0.007104], [1770249600000, 0.01232], [1770336000000, 0.01513], [1770595200000, 0.01068], [1770681600000, 0.028384], [1770768000000, 0.032708], [1771804800000, 0.018921], [1771891200000, 0.0099], [1771977600000, 0.03588], [1772064000000, 0.019756], [1772409600000, 0.018963], [1772496000000, 0.0445], [1772582400000, 0.01232], [1772668800000, 0.015504], [1772755200000, 0.01513], [1773014400000, 0.023922], [1773100800000, 0.00908], [1773187200000, 0.024165], [1773273600000, 0.003568], [1773360000000, 0.16213199999999997], [1773619200000, 0.068925], [1773705600000, 0.03276], [1773792000000, 0.04232], [1773878400000, 0.05508]], "closing_price": [[1763337600000, 102.0], [1763424000000, 98.2], [1763510400000, 99.6], [1763596800000, 99.0], [1763683200000, 97.6], [1763942400000, 101.5], [1764028800000, 102.0], [1764115200000, 99.5], [1764201600000, 100.0], [1764288000000, 99.5], [1764547200000, 99.2], [1764633600000, 99.5], [1764720000000, 98.5], [1764806400000, 97.5], [1764892800000, 97.1], [1765152000000, 97.3], [1765238400000, 96.3], [1765324800000, 94.1], [1765411200000, 93.5], [1765497600000, 93.3], [1765756800000, 93.2], [1765843200000, 91.3], [1765929600000, 91.5], [1766016000000, 90.5], [1766102400000, 93.2], [1766361600000, 90.9], [1766448000000, 91.0], [1766534400000, 92.3], [1766707200000, 92.0], [1766966400000, 92.0], [1767052800000, 92.8], [1767139200000, 93.0], [1767312000000, 92.9], [1767571200000, 92.4], [1767657600000, 91.1], [1767744000000, 90.5], [1767830400000, 90.5], [1767916800000, 92.2], [1768176000000, 91.0], [1768262400000, 90.5], [1768348800000, 90.3], [1768435200000, 91.2], [1768521600000, 92.0], [1768780800000, 91.5], [1768867200000, 90.2], [1768953600000, 91.1], [1769040000000, 90.6], [1769126400000, 90.6], [1769385600000, 91.0], [1769472000000, 91.0], [1769558400000, 90.4], [1769644800000, 90.0], [1769731200000, 89.1], [1769990400000, 89.0], [1770076800000, 89.1], [1770163200000, 88.8], [1770249600000, 88.0], [1770336000000, 89.0], [1770595200000, 89.0], [1770681600000, 88.7], [1770768000000, 88.4], [1771804800000, 90.1], [1771891200000, 90.0], [1771977600000, 89.7], [1772064000000, 89.8], [1772409600000, 90.3], [1772496000000, 89.0], [1772582400000, 88.0], [1772668800000, 91.2], [1772755200000, 89.0], [1773014400000, 88.6], [1773100800000, 90.8], [1773187200000, 89.5], [1773273600000, 89.2], [1773360000000, 91.6], [1773619200000, 91.9], [1773705600000, 91.0], [1773792000000, 92.0], [1773878400000, 91.8]], "margin_ratio": [[1763337600000, 3.0906952611553096], [1763424000000, 0.6555724662746456], [1763510400000, 0.2893946731234867], [1763596800000, 0.26368038740920097], [1763683200000, 0.5772950536146662], [1763942400000, 0.6986682808716707], [1764028800000, 0.3104808024904877], [1764115200000, 0.20994465582843308], [1764201600000, 0.4738844690418541], [1764288000000, 0.47839847803528196], [1764547200000, 0.12352819093739192], [1764633600000, 0.31319612590799034], [1764720000000, 0.9369595295745415], [1764806400000, 0.1652542372881356], [1764892800000, 0.10747838118298167], [1765152000000, 0.23895883777239713], [1765238400000, 0.8427499135247318], [1765324800000, 0.25062953995157383], [1765411200000, 0.30401245243860253], [1765497600000, 0.2872258734002075], [1765756800000, 0.16118989968868905], [1765843200000, 0.03473884469041854], [1765929600000, 0.3038395019024559], [1766016000000, 0.05321687997232791], [1766102400000, 0.051580767900380485], [1766361600000, 0.15721203735731581], [1766448000000, 0.050363196125907984], [1766534400000, 0.23306468350051882], [1766707200000, 0.09865098581805605], [1766966400000, 0.05728121757177446], [1767052800000, 0.2439571082670356], [1767139200000, 0.09972327914216535], [1767312000000, 0.09961604980975441], [1767571200000, 0.09268765133171913], [1767657600000, 0.09453476305776548], [1767744000000, 0.22225873400207544], [1767830400000, 0.08765133171912833], [1767916800000, 0.06378415773088897], [1768176000000, 0.11016949152542375], [1768262400000, 0.08452092701487375], [1768348800000, 0.13430992736077482], [1768435200000, 0.04101003113109651], [1768521600000, 0.09228640608785886], [1768780800000, 0.07912487028709789], [1768867200000, 0.05928052576962988], [1768953600000, 0.028360428917329643], [1769040000000, 0.04387409200968522], [1769126400000, 0.03760636457973019], [1769385600000, 0.163680387409201], [1769472000000, 0.06295399515738499], [1769558400000, 0.21575925285368383], [1769644800000, 0.13386371497751642], [1769731200000, 0.14485299204427532], [1769990400000, 0.036942234520927014], [1770076800000, 0.02465582843306814], [1770163200000, 0.024572812175717745], [1770249600000, 0.04261501210653752], [1770336000000, 0.05233483223797994], [1770595200000, 0.036942234520927014], [1770681600000, 0.09818056035973712], [1770768000000, 0.11313732272570044], [1771804800000, 0.06544794188861985], [1771891200000, 0.03424420615703909], [1771977600000, 0.12410930473884468], [1772064000000, 0.06833621584226911], [1772409600000, 0.06559322033898304], [1772496000000, 0.15392597717052922], [1772582400000, 0.04261501210653752], [1772668800000, 0.053628502248356975], [1772755200000, 0.05233483223797994], [1773014400000, 0.08274645451400899], [1773100800000, 0.03140781736423383], [1773187200000, 0.08358699411968176], [1773273600000, 0.012341750259425802], [1773360000000, 0.5608163265306121], [1773619200000, 0.23841231407817362], [1773705600000, 0.11331719128329298], [1773792000000, 0.14638533379453478], [1773878400000, 0.1905223106191629]]}