{"margin_balance": [[1751846400000, 0.047232], [1752451200000, 0.10348800000000002], [1753056000000, 0.08555400000000002], [1753660800000, 0.456338], [1754265600000, 2.802105], [1754870400000, 3.053985], [1755475200000, 3.6421], [1756080000000, 5.44563], [1756684800000, 5.99386], [1757289600000, 6.21], [1757894400000, 5.100165], [1758499200000, 5.331285], [1759104000000, 4.20198], [1759708800000, 4.161988000000001], [1760313600000, 4.288256], [1760918400000, 4.1640760000000006], [1761523200000, 3.99457], [1762128000000, 3.57291], [1762732800000, 3.6572], [1763337600000, 3.5816], [1763942400000, 3.1900560000000007], [1764547200000, 3.416694], [1765152000000, 4.027968], [1765756800000, 3.715585], [1766361600000, 3.511905], [1766966400000, 3.48384], [1767571200000, 3.769752], [1768176000000, 3.589138], [1768780800000, 3.75212], [1769385600000, 3.9316010000000006], [1769990400000, 4.147452], [1770595200000, 3.781285], [1771200000000, 4.039248000000001], [1771804800000, 4.17788], [1771891200000, 4.15288], [1771977600000, 4.00324], [1772064000000, 3.92607], [1772409600000, 4.008215], [1772496000000, 4.05552], [1772582400000, 3.819436], [1772668800000, 3.94389], [1772755200000, 3.877215], [1773014400000, 3.707715], [1773100800000, 3.721608], [1773187200000, 3.9032], [1773273600000, 3.798003], [1773360000000, 3.6898], [1773619200000, 3.6495], [1773705600000, 3.853365], [1773792000000, 3.816816], [1773878400000, 3.70818], [1773964800000, 3.79236], [1774224000000, 3.571808], [1774310400000, 3.466728], [1774396800000, 3.6603739999999996], [1774483200000, 3.7245], [1774569600000, 3.88734], [1774828800000, 3.7190069999999995], [1774915200000, 3.5914010000000007], [1775001600000, 3.576066], [1775088000000, 3.4656], [1775520000000, 3.447101], [1775606400000, 3.53276], [1775692800000, 3.429886], [1775779200000, 3.4622939999999995], [1776038400000, 3.496042], [1776124800000, 3.509928], [1776211200000, 3.63951]], "closing_price": [[1750636800000, 71.6], [1751241600000, 70.9], [1751846400000, 65.6], [1752451200000, 67.2], [1753056000000, 67.9], [1753660800000, 80.2], [1754265600000, 109.5], [1754870400000, 111.5], [1755475200000, 121.0], [1756080000000, 124.5], [1756684800000, 122.0], [1757289600000, 120.0], [1757894400000, 94.5], [1758499200000, 103.5], [1759104000000, 88.5], [1759708800000, 87.4], [1760313600000, 89.6], [1760918400000, 88.9], [1761523200000, 86.5], [1762128000000, 81.0], [1762732800000, 82.0], [1763337600000, 80.0], [1763942400000, 73.2], [1764547200000, 77.9], [1765152000000, 88.8], [1765756800000, 81.5], [1766361600000, 77.1], [1766966400000, 76.4], [1767571200000, 79.8], [1768176000000, 72.1], [1768780800000, 76.0], [1769385600000, 79.7], [1769990400000, 82.8], [1770595200000, 75.1], [1771200000000, 82.4], [1771804800000, 86.0], [1771891200000, 85.1], [1771977600000, 82.0], [1772064000000, 81.0], [1772409600000, 82.9], [1772496000000, 84.0], [1772582400000, 78.8], [1772668800000, 81.0], [1772755200000, 79.5], [1773014400000, 75.9], [1773100800000, 76.2], [1773187200000, 80.0], [1773273600000, 78.1], [1773360000000, 76.0], [1773619200000, 75.0], [1773705600000, 79.5], [1773792000000, 78.6], [1773878400000, 76.3], [1773964800000, 78.0], [1774224000000, 73.6], [1774310400000, 71.2], [1774396800000, 75.1], [1774483200000, 76.4], [1774569600000, 80.4], [1774828800000, 76.1], [1774915200000, 73.7], [1775001600000, 74.1], [1775088000000, 72.2], [1775520000000, 72.1], [1775606400000, 74.0], [1775692800000, 71.8], [1775779200000, 72.6], [1776038400000, 73.4], [1776124800000, 73.8], [1776211200000, 76.3]], "margin_ratio": [[1751846400000, 0.06629052631578948], [1752451200000, 0.14524631578947372], [1753056000000, 0.12007578947368423], [1753660800000, 0.6404743859649122], [1754265600000, 3.9327789473684214], [1754870400000, 4.2862947368421045], [1755475200000, 5.111719298245614], [1756080000000, 7.642989473684211], [1756684800000, 8.412435087719299], [1757289600000, 8.715789473684211], [1757894400000, 7.158126315789473], [1758499200000, 7.482505263157894], [1759104000000, 5.897515789473684], [1759708800000, 5.8413866666666685], [1760313600000, 6.0186049122807015], [1760918400000, 5.844317192982457], [1761523200000, 5.606414035087719], [1762128000000, 5.014610526315789], [1762732800000, 5.132912280701754], [1763337600000, 5.0268070175438595], [1763942400000, 4.477271578947369], [1764547200000, 4.79536], [1765152000000, 5.653288421052633], [1765756800000, 5.214856140350877], [1766361600000, 4.928989473684211], [1766966400000, 4.8896], [1767571200000, 5.29088], [1768176000000, 5.037386666666667], [1768780800000, 5.266133333333334], [1769385600000, 5.518036491228071], [1769990400000, 5.820985263157896], [1770595200000, 5.307066666666667], [1771200000000, 5.669120000000001], [1771804800000, 5.863691228070175], [1771891200000, 5.82860350877193], [1771977600000, 5.618582456140351], [1772064000000, 5.510273684210527], [1772409600000, 5.625564912280701], [1772496000000, 5.691957894736841], [1772582400000, 5.360611929824562], [1772668800000, 5.535284210526316], [1772755200000, 5.441705263157895], [1773014400000, 5.203810526315789], [1773100800000, 5.2233094736842105], [1773187200000, 5.478175438596492], [1773273600000, 5.33053052631579], [1773360000000, 5.1786666666666665], [1773619200000, 5.122105263157895], [1773705600000, 5.408231578947369], [1773792000000, 5.356934736842105], [1773878400000, 5.204463157894737], [1773964800000, 5.322610526315789], [1774224000000, 5.013063859649123], [1774310400000, 4.865583157894736], [1774396800000, 5.137367017543859], [1774483200000, 5.227368421052631], [1774569600000, 5.455915789473685], [1774828800000, 5.21965894736842], [1774915200000, 5.040562807017545], [1775001600000, 5.0190399999999995], [1775088000000, 4.864], [1775520000000, 4.8380364912280704], [1775606400000, 4.958259649122807], [1775692800000, 4.813875087719299], [1775779200000, 4.85936], [1776038400000, 4.906725614035088], [1776124800000, 4.926214736842105], [1776211200000, 5.108084210526316]]}