{"margin_balance": [[1762128000000, 0.00518], [1762732800000, 0.003855], [1763337600000, 0.039835], [1763942400000, 0.0775], [1764547200000, 0.12], [1765152000000, 0.19684], [1765756800000, 0.19908], [1766361600000, 0.2575], [1766966400000, 0.30008], [1767571200000, 0.33184], [1768176000000, 0.45194], [1768780800000, 0.65682], [1769385600000, 1.300825], [1769990400000, 1.47378], [1770595200000, 1.792], [1771200000000, 2.089575], [1771804800000, 2.49884], [1771891200000, 2.508], [1771977600000, 2.42478], [1772064000000, 2.48452], [1772409600000, 2.518655], [1772496000000, 2.4344], [1772582400000, 2.462835], [1772668800000, 2.54496], [1772755200000, 2.16017], [1773014400000, 2.0752], [1773100800000, 2.1417], [1773187200000, 2.12925], [1773273600000, 1.9886], [1773360000000, 1.90641], [1773619200000, 1.8836], [1773705600000, 1.81665], [1773792000000, 1.88743], [1773878400000, 1.83928], [1773964800000, 1.823175], [1774224000000, 1.81926], [1774310400000, 1.80554], [1774396800000, 1.8612], [1774483200000, 2.00896], [1774569600000, 2.02464], [1774828800000, 2.08449], [1774915200000, 1.98816], [1775001600000, 2.0907], [1775088000000, 2.0229], [1775520000000, 2.06687], [1775606400000, 2.03573], [1775692800000, 2.02188], [1775779200000, 2.01795], [1776038400000, 1.99225], [1776124800000, 2.03516], [1776211200000, 2.024065]], "closing_price": [[1750636800000, 159.5], [1751241600000, 153.5], [1751846400000, 149.5], [1752451200000, 137.5], [1753056000000, 138.5], [1753660800000, 136.0], [1754265600000, 135.5], [1754870400000, 132.5], [1755475200000, 126.0], [1756080000000, 130.0], [1756684800000, 133.0], [1757289600000, 123.0], [1757894400000, 137.0], [1758499200000, 133.0], [1759104000000, 133.5], [1759708800000, 134.0], [1760313600000, 131.5], [1760918400000, 127.0], [1761523200000, 126.5], [1762128000000, 129.5], [1762732800000, 128.5], [1763337600000, 128.5], [1763942400000, 125.0], [1764547200000, 125.0], [1765152000000, 129.5], [1765756800000, 126.0], [1766361600000, 125.0], [1766966400000, 124.0], [1767571200000, 122.0], [1768176000000, 118.0], [1768780800000, 123.0], [1769385600000, 152.5], [1769990400000, 159.5], [1770595200000, 160.0], [1771200000000, 166.5], [1771804800000, 179.0], [1771891200000, 176.0], [1771977600000, 171.0], [1772064000000, 173.5], [1772409600000, 176.5], [1772496000000, 170.0], [1772582400000, 169.5], [1772668800000, 176.0], [1772755200000, 168.5], [1773014400000, 160.0], [1773100800000, 165.0], [1773187200000, 167.0], [1773273600000, 163.0], [1773360000000, 163.5], [1773619200000, 170.0], [1773705600000, 165.0], [1773792000000, 173.0], [1773878400000, 166.0], [1773964800000, 166.5], [1774224000000, 162.0], [1774310400000, 159.5], [1774396800000, 165.0], [1774483200000, 172.0], [1774569600000, 171.0], [1774828800000, 171.0], [1774915200000, 163.5], [1775001600000, 172.5], [1775088000000, 165.0], [1775520000000, 169.0], [1775606400000, 167.0], [1775692800000, 166.0], [1775779200000, 165.0], [1776038400000, 162.5], [1776124800000, 166.0], [1776211200000, 165.5]], "margin_ratio": [[1762128000000, 0.010355857656937225], [1762732800000, 0.007706917233106757], [1763337600000, 0.07963814474210316], [1763942400000, 0.15493802479008395], [1764547200000, 0.2399040383846461], [1765152000000, 0.39352259096361447], [1765756800000, 0.3980007996801279], [1766361600000, 0.5147940823670532], [1766966400000, 0.5999200319872051], [1767571200000, 0.6634146341463415], [1768176000000, 0.9035185925629747], [1768780800000, 1.3131147540983605], [1769385600000, 2.6006097560975605], [1769990400000, 2.9463814474210315], [1770595200000, 3.5825669732107155], [1771200000000, 4.177479008396641], [1771804800000, 4.995681727309076], [1771891200000, 5.013994402239104], [1771977600000, 4.847620951619352], [1772064000000, 4.967053178728508], [1772409600000, 5.0352958816473405], [1772496000000, 4.866853258696521], [1772582400000, 4.923700519792083], [1772668800000, 5.087884846061575], [1772755200000, 4.318612554978008], [1773014400000, 4.14874050379848], [1773100800000, 4.2816873250699725], [1773187200000, 4.2567972810875645], [1773273600000, 3.9756097560975605], [1773360000000, 3.8112954818072766], [1773619200000, 3.765693722510995], [1773705600000, 3.6318472610955617], [1773792000000, 3.773350659736105], [1773878400000, 3.6770891643342662], [1773964800000, 3.6448920431827263], [1774224000000, 3.637065173930428], [1774310400000, 3.6096361455417827], [1774396800000, 3.720911635345862], [1774483200000, 4.016313474610156], [1774569600000, 4.04766093562575], [1774828800000, 4.1673130747700915], [1774915200000, 3.974730107956817], [1775001600000, 4.179728108756498], [1775088000000, 4.044182327069172], [1775520000000, 4.132087165133946], [1775606400000, 4.069832067173131], [1775692800000, 4.042143142742902], [1775779200000, 4.0342862854858055], [1776038400000, 3.982906837265094], [1776124800000, 4.068692522990803], [1776211200000, 4.046511395441823]]}