{"margin_balance": [[1759708800000, 0.0027], [1760313600000, 0.006896], [1760918400000, 0.010893999999999997], [1761523200000, 0.01169], [1762128000000, 0.011097], [1762732800000, 0.011016], [1763337600000, 0.01053], [1763942400000, 0.00962], [1764547200000, 0.010416000000000002], [1765152000000, 0.010017], [1765756800000, 0.010152], [1766361600000, 0.050184000000000006], [1766966400000, 0.074385], [1767571200000, 0.05382], [1768176000000, 0.056048], [1768780800000, 0.05694], [1769385600000, 0.05632], [1769990400000, 0.05643], [1770595200000, 0.05331700000000001], [1771200000000, 0.05668200000000001], [1771804800000, 0.062868], [1771891200000, 0.06437], [1771977600000, 0.065366], [1772064000000, 0.07298], [1772409600000, 0.07304], [1772496000000, 0.07115400000000001], [1772582400000, 0.070485], [1772668800000, 0.07083], [1772755200000, 0.06998900000000001], [1773014400000, 0.066906], [1773100800000, 0.067284], [1773187200000, 0.0632775], [1773273600000, 0.06477], [1773360000000, 0.06498], [1773619200000, 0.066392], [1773705600000, 0.06841799999999999], [1773792000000, 0.07170299999999999], [1773878400000, 0.072761], [1773964800000, 0.073533], [1774224000000, 0.080496], [1774310400000, 0.0786885], [1774396800000, 0.0810775], [1774483200000, 0.093525], [1774569600000, 0.10384], [1774828800000, 0.092169], [1774915200000, 0.08323], [1775001600000, 0.09202], [1775088000000, 0.089816], [1775520000000, 0.08858550000000003], [1775606400000, 0.089225], [1775692800000, 0.08774], [1775779200000, 0.08692], [1776038400000, 0.105534], [1776124800000, 0.134912], [1776211200000, 0.17549]], "closing_price": [[1750636800000, 60.0], [1751241600000, 67.6], [1751846400000, 62.3], [1752451200000, 59.5], [1753056000000, 59.6], [1753660800000, 59.7], [1754265600000, 57.7], [1754870400000, 55.4], [1755475200000, 53.5], [1756080000000, 50.2], [1756684800000, 50.4], [1757289600000, 49.8], [1757894400000, 49.25], [1758499200000, 46.8], [1759104000000, 44.6], [1759708800000, 45.0], [1760313600000, 43.1], [1760918400000, 41.9], [1761523200000, 41.75], [1762128000000, 41.1], [1762732800000, 40.8], [1763337600000, 40.5], [1763942400000, 37.0], [1764547200000, 37.2], [1765152000000, 37.1], [1765756800000, 37.6], [1766361600000, 49.2], [1766966400000, 51.3], [1767571200000, 46.8], [1768176000000, 45.2], [1768780800000, 43.8], [1769385600000, 44.0], [1769990400000, 41.8], [1770595200000, 40.7], [1771200000000, 40.2], [1771804800000, 40.3], [1771891200000, 41.0], [1771977600000, 40.6], [1772064000000, 41.0], [1772409600000, 41.5], [1772496000000, 40.2], [1772582400000, 38.1], [1772668800000, 39.35], [1772755200000, 39.1], [1773014400000, 37.8], [1773100800000, 37.8], [1773187200000, 38.35], [1773273600000, 38.1], [1773360000000, 38.0], [1773619200000, 38.6], [1773705600000, 37.8], [1773792000000, 38.55], [1773878400000, 37.7], [1773964800000, 38.1], [1774224000000, 38.7], [1774310400000, 37.65], [1774396800000, 39.55], [1774483200000, 43.5], [1774569600000, 47.2], [1774828800000, 44.1], [1774915200000, 41.0], [1775001600000, 43.0], [1775088000000, 41.2], [1775520000000, 40.45], [1775606400000, 41.5], [1775692800000, 41.0], [1775779200000, 41.0], [1776038400000, 45.1], [1776124800000, 49.6], [1776211200000, 54.5]], "margin_ratio": [[1759708800000, 0.015929203539823012], [1760313600000, 0.04068436578171092], [1760918400000, 0.06427138643067845], [1761523200000, 0.06896755162241888], [1762128000000, 0.06546902654867257], [1762732800000, 0.06499115044247787], [1763337600000, 0.06212389380530973], [1763942400000, 0.0567551622418879], [1764547200000, 0.06145132743362833], [1765152000000, 0.05909734513274336], [1765756800000, 0.05989380530973451], [1766361600000, 0.29607079646017703], [1766966400000, 0.43884955752212396], [1767571200000, 0.3175221238938053], [1768176000000, 0.3306666666666667], [1768780800000, 0.33592920353982303], [1769385600000, 0.3322713864306785], [1769990400000, 0.3329203539823009], [1770595200000, 0.3145545722713865], [1771200000000, 0.33440707964601774], [1771804800000, 0.3709026548672566], [1771891200000, 0.37976401179941005], [1771977600000, 0.3856401179941003], [1772064000000, 0.43056047197640124], [1772409600000, 0.43091445427728614], [1772496000000, 0.41978761061946906], [1772582400000, 0.4158407079646018], [1772668800000, 0.4178761061946903], [1772755200000, 0.4129144542772862], [1773014400000, 0.39472566371681417], [1773100800000, 0.3969557522123894], [1773187200000, 0.37331858407079643], [1773273600000, 0.3821238938053097], [1773360000000, 0.383362831858407], [1773619200000, 0.39169321533923307], [1773705600000, 0.40364601769911507], [1773792000000, 0.4230265486725664], [1773878400000, 0.4292684365781711], [1773964800000, 0.43382300884955755], [1774224000000, 0.47490265486725664], [1774310400000, 0.46423893805309735], [1774396800000, 0.4783333333333333], [1774483200000, 0.5517699115044248], [1774569600000, 0.6126253687315635], [1774828800000, 0.5437699115044248], [1774915200000, 0.4910324483775812], [1775001600000, 0.5428908554572273], [1775088000000, 0.5298879056047198], [1775520000000, 0.522628318584071], [1775606400000, 0.5264011799410029], [1775692800000, 0.5176401179941003], [1775779200000, 0.512802359882006], [1776038400000, 0.6226194690265487], [1776124800000, 0.7959410029498525], [1776211200000, 1.0353392330383482]]}