{"margin_balance": [[1763337600000, 0.89352], [1763424000000, 0.18952600000000003], [1763510400000, 0.083664], [1763596800000, 0.07623], [1763683200000, 0.166896], [1763942400000, 0.201985], [1764028800000, 0.08976], [1764115200000, 0.060695], [1764201600000, 0.137], [1764288000000, 0.138305], [1764547200000, 0.03571200000000001], [1764633600000, 0.090545], [1764720000000, 0.270875], [1764806400000, 0.047775], [1764892800000, 0.031072], [1765152000000, 0.069083], [1765238400000, 0.24363899999999997], [1765324800000, 0.072457], [1765411200000, 0.08789], [1765497600000, 0.08303699999999999], [1765756800000, 0.0466], [1765843200000, 0.010043], [1765929600000, 0.08784], [1766016000000, 0.015385], [1766102400000, 0.014912], [1766361600000, 0.04545], [1766448000000, 0.01456], [1766534400000, 0.067379], [1766707200000, 0.02852], [1766966400000, 0.01656], [1767052800000, 0.070528], [1767139200000, 0.02883], [1767312000000, 0.028799], [1767571200000, 0.026796000000000004], [1767657600000, 0.02733], [1767744000000, 0.064255], [1767830400000, 0.02534], [1767916800000, 0.01844], [1768176000000, 0.03185], [1768262400000, 0.024435], [1768348800000, 0.038829], [1768435200000, 0.011856000000000002], [1768521600000, 0.02668], [1768780800000, 0.022875]], "closing_price": [[1763337600000, 102.0], [1763424000000, 98.2], [1763510400000, 99.6], [1763596800000, 99.0], [1763683200000, 97.6], [1763942400000, 101.5], [1764028800000, 102.0], [1764115200000, 99.5], [1764201600000, 100.0], [1764288000000, 99.5], [1764547200000, 99.2], [1764633600000, 99.5], [1764720000000, 98.5], [1764806400000, 97.5], [1764892800000, 97.1], [1765152000000, 97.3], [1765238400000, 96.3], [1765324800000, 94.1], [1765411200000, 93.5], [1765497600000, 93.3], [1765756800000, 93.2], [1765843200000, 91.3], [1765929600000, 91.5], [1766016000000, 90.5], [1766102400000, 93.2], [1766361600000, 90.9], [1766448000000, 91.0], [1766534400000, 92.3], [1766707200000, 92.0], [1766966400000, 92.0], [1767052800000, 92.8], [1767139200000, 93.0], [1767312000000, 92.9], [1767571200000, 92.4], [1767657600000, 91.1], [1767744000000, 90.5], [1767830400000, 90.5], [1767916800000, 92.2], [1768176000000, 91.0], [1768262400000, 90.5], [1768348800000, 90.3], [1768435200000, 91.2], [1768521600000, 92.0], [1768780800000, 91.5]], "margin_ratio": [[1763337600000, 3.224539877300613], [1763424000000, 0.683962468422952], [1763510400000, 0.3019271021291952], [1763596800000, 0.2750992421508481], [1763683200000, 0.6022952002887044], [1763942400000, 0.7289245759653554], [1764028800000, 0.3239263803680982], [1764115200000, 0.21903644893540236], [1764201600000, 0.4944063514976543], [1764288000000, 0.49911584265608083], [1764547200000, 0.1288776614940455], [1764633600000, 0.32675929267412485], [1764720000000, 0.9775351858534824], [1764806400000, 0.1724106820642367], [1764892800000, 0.11213280404186214], [1765152000000, 0.24930710934680622], [1765238400000, 0.8792457596535544], [1765324800000, 0.26148321905449295], [1765411200000, 0.3171779141104294], [1765497600000, 0.2996643810898592], [1765756800000, 0.16817033561891015], [1765843200000, 0.0362432334897149], [1765929600000, 0.3169974738361602], [1766016000000, 0.055521472392638035], [1766102400000, 0.05381450739805124], [1766361600000, 0.16402020931071815], [1766448000000, 0.052544207867195956], [1766534400000, 0.24315770479971127], [1766707200000, 0.10292313244316131], [1766966400000, 0.05976181883796462], [1767052800000, 0.25452183327318656], [1767139200000, 0.10404186214363045], [1767312000000, 0.10392998917358354], [1767571200000, 0.09670155178635872], [1767657600000, 0.09862865391555395], [1767744000000, 0.23188379646337065], [1767830400000, 0.09144713099963912], [1767916800000, 0.06654637315048718], [1768176000000, 0.11494045470949116], [1768262400000, 0.08818116203536629], [1768348800000, 0.14012630819198846], [1768435200000, 0.04278599783471672], [1768521600000, 0.09628293035005413], [1768780800000, 0.08255142547816671]]}