{"margin_balance": [[1750636800000, 1.13752], [1751241600000, 1.13005], [1751846400000, 1.10448], [1752451200000, 1.12995], [1753056000000, 1.205085], [1753660800000, 1.19505], [1754265600000, 1.175805], [1754870400000, 1.134265], [1755475200000, 1.08537], [1756080000000, 0.95013], [1756684800000, 1.0257], [1757289600000, 1.026375], [1757894400000, 0.93585], [1758499200000, 0.9462], [1759104000000, 0.91868], [1759708800000, 0.813855], [1760313600000, 0.791245], [1760918400000, 0.729225], [1761523200000, 0.74253], [1762128000000, 0.7176], [1762732800000, 0.716855], [1763337600000, 0.711015], [1763942400000, 0.7904], [1764547200000, 0.8453], [1765152000000, 0.87571], [1765756800000, 0.91287], [1766361600000, 0.910025], [1766966400000, 0.942205], [1767571200000, 0.78727], [1768176000000, 0.82485], [1768780800000, 0.788895], [1769385600000, 0.767745], [1769990400000, 0.79323], [1770595200000, 0.84456], [1771200000000, 0.82346], [1771804800000, 0.79576], [1771891200000, 0.815955], [1771977600000, 0.799995], [1772064000000, 0.81789], [1772409600000, 0.80586], [1772496000000, 0.80595], [1772582400000, 0.78376], [1772668800000, 0.79398], [1772755200000, 0.77212], [1773014400000, 0.7144], [1773100800000, 0.718185], [1773187200000, 0.72912], [1773273600000, 0.73905], [1773360000000, 0.741], [1773619200000, 0.72369], [1773705600000, 0.732725], [1773792000000, 0.7289], [1773878400000, 0.68129], [1773964800000, 0.68129], [1774224000000, 0.67125], [1774310400000, 0.673365], [1774396800000, 0.6822], [1774483200000, 0.67875], [1774569600000, 0.68056], [1774828800000, 0.6586], [1774915200000, 0.6278], [1775001600000, 0.63984], [1775088000000, 0.63135], [1775520000000, 0.63112], [1775606400000, 0.65236], [1775692800000, 0.649985], [1775779200000, 0.650325], [1776038400000, 0.6417], [1776124800000, 0.65131], [1776211200000, 0.65664]], "closing_price": [[1750636800000, 236.0], [1751241600000, 242.5], [1751846400000, 234.0], [1752451200000, 243.0], [1753056000000, 241.5], [1753660800000, 232.5], [1754265600000, 238.5], [1754870400000, 251.5], [1755475200000, 253.0], [1756080000000, 243.0], [1756684800000, 263.0], [1757289600000, 262.5], [1757894400000, 255.0], [1758499200000, 249.0], [1759104000000, 238.0], [1759708800000, 241.5], [1760313600000, 240.5], [1760918400000, 231.5], [1761523200000, 233.5], [1762128000000, 230.0], [1762732800000, 230.5], [1763337600000, 221.5], [1763942400000, 208.0], [1764547200000, 214.0], [1765152000000, 209.0], [1765756800000, 207.0], [1766361600000, 204.5], [1766966400000, 203.5], [1767571200000, 210.5], [1768176000000, 211.5], [1768780800000, 211.5], [1769385600000, 211.5], [1769990400000, 205.5], [1770595200000, 207.0], [1771200000000, 209.0], [1771804800000, 203.0], [1771891200000, 199.5], [1771977600000, 199.5], [1772064000000, 205.5], [1772409600000, 203.5], [1772496000000, 199.0], [1772582400000, 194.0], [1772668800000, 198.0], [1772755200000, 194.0], [1773014400000, 188.0], [1773100800000, 190.5], [1773187200000, 196.0], [1773273600000, 195.0], [1773360000000, 195.0], [1773619200000, 193.5], [1773705600000, 197.5], [1773792000000, 197.0], [1773878400000, 193.0], [1773964800000, 193.0], [1774224000000, 187.5], [1774310400000, 185.5], [1774396800000, 189.5], [1774483200000, 187.5], [1774569600000, 188.0], [1774828800000, 185.0], [1774915200000, 182.5], [1775001600000, 186.0], [1775088000000, 183.0], [1775520000000, 184.0], [1775606400000, 188.0], [1775692800000, 189.5], [1775779200000, 188.5], [1776038400000, 186.0], [1776124800000, 191.0], [1776211200000, 192.0]], "margin_ratio": [[1750636800000, 1.42940437295803], [1751241600000, 1.4200175923598894], [1751846400000, 1.3878864036189997], [1752451200000, 1.4198919326463937], [1753056000000, 1.5143063583815028], [1753660800000, 1.501696406132194], [1754265600000, 1.4775131942699171], [1754870400000, 1.4253141492837398], [1755475200000, 1.3638728323699423], [1756080000000, 1.1939306358381503], [1756684800000, 1.2888916813269666], [1757289600000, 1.2897398843930636], [1757894400000, 1.1759864287509425], [1758499200000, 1.1889922090977634], [1759104000000, 1.1544106559437046], [1759708800000, 1.0226878612716763], [1760313600000, 0.9942762000502638], [1760918400000, 0.9163420457401357], [1761523200000, 0.933061070620759], [1762128000000, 0.9017341040462429], [1762732800000, 0.9007979391806987], [1763337600000, 0.8934594119125407], [1763942400000, 0.9932143754712239], [1764547200000, 1.0622015581804474], [1765152000000, 1.1004146770545362], [1765756800000, 1.1471098265895954], [1766361600000, 1.1435348077406382], [1766966400000, 1.183972103543604], [1767571200000, 0.9892812264388038], [1768176000000, 1.0365041467705454], [1768780800000, 0.9913231967831113], [1769385600000, 0.9647461673787385], [1769990400000, 0.9967705453631567], [1770595200000, 1.061271676300578], [1771200000000, 1.034757476752953], [1771804800000, 0.9999497361146017], [1771891200000, 1.0253267152550891], [1771977600000, 1.0052714249811512], [1772064000000, 1.0277582307112338], [1772409600000, 1.0126413671776828], [1772496000000, 1.0127544609198291], [1772582400000, 0.9848705704950993], [1772668800000, 0.9977129932143756], [1772755200000, 0.9702437798441821], [1773014400000, 0.8977129932143755], [1773100800000, 0.9024692133701934], [1773187200000, 0.9162101030409651], [1773273600000, 0.9286881125911034], [1773360000000, 0.9311384770042724], [1773619200000, 0.9093867805981404], [1773705600000, 0.9207401357124905], [1773792000000, 0.9159336516712743], [1773878400000, 0.8561070620758985], [1773964800000, 0.8561070620758985], [1774224000000, 0.8434908268409149], [1774310400000, 0.8461485297813521], [1774396800000, 0.8572505654687108], [1774483200000, 0.8529153053531038], [1774569600000, 0.8551897461673789], [1774828800000, 0.8275948730836893], [1774915200000, 0.7888916813269666], [1775001600000, 0.8040211108318672], [1775088000000, 0.7933526011560693], [1775520000000, 0.7930635838150288], [1775606400000, 0.8197537069615481], [1775692800000, 0.8167692887660217], [1775779200000, 0.8171965317919077], [1776038400000, 0.8063583815028903], [1776124800000, 0.8184342799698416], [1776211200000, 0.8251319426991706]]}