{"margin_balance": [[1766361600000, 14.4613], [1766448000000, 11.865], [1766534400000, 4.7428], [1766707200000, 7.50891], [1766966400000, 11.9972], [1767052800000, 5.43165], [1767139200000, 7.38514], [1767312000000, 30.06021], [1767571200000, 9.32756], [1767657600000, 6.10344], [1767744000000, 3.0191], [1767830400000, 4.5152], [1767916800000, 2.52882], [1768176000000, 4.8764], [1768262400000, 8.15262], [1768348800000, 4.43486], [1768435200000, 2.85498], [1768521600000, 2.7192], [1768780800000, 5.06499], [1768867200000, 9.52956], [1768953600000, 6.1124], [1769040000000, 5.44236], [1769126400000, 3.77784], [1769385600000, 2.85428], [1769472000000, 8.22081], [1769558400000, 1.08672], [1769644800000, 4.6656], [1769731200000, 3.2091], [1769990400000, 2.33987], [1770076800000, 7.06176], [1770163200000, 4.624], [1770249600000, 1.83141], [1770336000000, 2.53266], [1770595200000, 1.1058], [1770681600000, 4.63166], [1770768000000, 13.8417], [1771804800000, 19.96576], [1771891200000, 7.29015], [1771977600000, 7.7814], [1772064000000, 5.70657], [1772409600000, 3.47011], [1772496000000, 3.1248], [1772582400000, 3.07296], [1772668800000, 2.01335], [1772755200000, 1.16725], [1773014400000, 2.1888], [1773100800000, 1.18125], [1773187200000, 10.35118]], "closing_price": [[1766361600000, 730.0], [1766448000000, 678.0], [1766534400000, 668.0], [1766707200000, 687.0], [1766966400000, 712.0], [1767052800000, 739.0], [1767139200000, 749.0], [1767312000000, 769.0], [1767571200000, 731.0], [1767657600000, 692.0], [1767744000000, 665.0], [1767830400000, 680.0], [1767916800000, 669.0], [1768176000000, 668.0], [1768262400000, 658.0], [1768348800000, 622.0], [1768435200000, 622.0], [1768521600000, 618.0], [1768780800000, 623.0], [1768867200000, 618.0], [1768953600000, 590.0], [1769040000000, 589.0], [1769126400000, 583.0], [1769385600000, 572.0], [1769472000000, 591.0], [1769558400000, 566.0], [1769644800000, 576.0], [1769731200000, 563.0], [1769990400000, 533.0], [1770076800000, 576.0], [1770163200000, 578.0], [1770249600000, 567.0], [1770336000000, 573.0], [1770595200000, 570.0], [1770681600000, 569.0], [1770768000000, 645.0], [1771804800000, 688.0], [1771891200000, 655.0], [1771977600000, 660.0], [1772064000000, 669.0], [1772409600000, 623.0], [1772496000000, 630.0], [1772582400000, 582.0], [1772668800000, 601.0], [1772755200000, 575.0], [1773014400000, 576.0], [1773100800000, 625.0], [1773187200000, 691.0]], "margin_ratio": [[1766361600000, 6.498000449337226], [1766448000000, 5.331386205347113], [1766534400000, 2.1311166030105593], [1766707200000, 3.3740328016176138], [1766966400000, 5.390788586834418], [1767052800000, 2.4406425522354525], [1767139200000, 3.3184183329588857], [1767312000000, 13.507171422152325], [1767571200000, 4.191219950572904], [1767657600000, 2.7425028083576724], [1767744000000, 1.356594023814873], [1767830400000, 2.0288474500112335], [1767916800000, 1.136292967872388], [1768176000000, 2.1911480566164907], [1768262400000, 3.663275668389126], [1768348800000, 1.9927476971467084], [1768435200000, 1.2828487980229162], [1768521600000, 1.22183778926084], [1768780800000, 2.2758885643675577], [1768867200000, 4.281986070545944], [1768953600000, 2.7465288699168724], [1769040000000, 2.445454953942934], [1769126400000, 1.697524151875983], [1769385600000, 1.2825342619636038], [1769472000000, 3.6939159739384406], [1769558400000, 0.48830375196585024], [1769644800000, 2.096427769040665], [1769731200000, 1.441968097056841], [1769990400000, 1.0513906987193888], [1770076800000, 3.1731116603010556], [1770163200000, 2.0777353403729495], [1770249600000, 0.8229206919793305], [1770336000000, 1.138018422826331], [1770595200000, 0.49687710626825426], [1770681600000, 2.0811772635362837], [1770768000000, 6.219591103122893], [1771804800000, 8.971359245113456], [1771891200000, 3.275735789710177], [1771977600000, 3.4964727027634237], [1772064000000, 2.5641743428443045], [1772409600000, 1.5592496068299257], [1772496000000, 1.4040889687710625], [1772582400000, 1.380795326892833], [1772668800000, 0.9046731071669287], [1772755200000, 0.5244888789036171], [1773014400000, 0.9835093237474726], [1773100800000, 0.5307796000898674], [1773187200000, 4.6511705234778695]]}