{"margin_balance": [[1764201600000, 285.1733], [1764288000000, 244.5521], [1764547200000, 231.66325], [1764633600000, 159.2679], [1764720000000, 236.7828], [1764806400000, 150.9826], [1764892800000, 137.4], [1765152000000, 134.6889], [1765238400000, 79.19515], [1765324800000, 195.041], [1765411200000, 184.5], [1765497600000, 102.6093], [1765756800000, 85.3254], [1765843200000, 156.5832], [1765929600000, 137.49645], [1766016000000, 110.8646], [1766102400000, 96.292], [1766361600000, 64.81265], [1766448000000, 85.008], [1766534400000, 70.7766], [1766707200000, 114.7223], [1766966400000, 106.488], [1767052800000, 107.8224], [1767139200000, 103.86675], [1767312000000, 147.03745], [1767571200000, 182.5032], [1767657600000, 362.181], [1767744000000, 139.682], [1767830400000, 391.8378], [1767916800000, 159.3072], [1768176000000, 211.52], [1768262400000, 162.0928], [1768348800000, 129.72], [1768435200000, 144.6626], [1768521600000, 104.90465], [1768780800000, 107.765], [1768867200000, 74.365], [1768953600000, 116.2437], [1769040000000, 150.048], [1769126400000, 100.1424], [1769385600000, 99.0688], [1769472000000, 116.23225], [1769558400000, 200.9394], [1769644800000, 119.95995], [1769731200000, 100.3749], [1769990400000, 148.3421], [1770076800000, 140.4366], [1770163200000, 184.49], [1770249600000, 208.7625], [1770336000000, 141.35905], [1770595200000, 131.5491], [1770681600000, 182.748], [1770768000000, 412.1097], [1771804800000, 264.2244], [1771891200000, 197.868], [1771977600000, 216.9005], [1772064000000, 389.3312], [1772409600000, 1065.5736], [1772496000000, 631.1408], [1772582400000, 449.9145], [1772668800000, 225.3438], [1772755200000, 179.8348], [1773014400000, 300.1188]], "closing_price": [[1764201600000, 2710.0], [1764288000000, 2990.0], [1764547200000, 2975.0], [1764633600000, 2890.0], [1764720000000, 2920.0], [1764806400000, 3070.0], [1764892800000, 3000.0], [1765152000000, 2955.0], [1765238400000, 2965.0], [1765324800000, 2980.0], [1765411200000, 3125.0], [1765497600000, 3165.0], [1765756800000, 3105.0], [1765843200000, 3180.0], [1765929600000, 3185.0], [1766016000000, 3220.0], [1766102400000, 3325.0], [1766361600000, 3295.0], [1766448000000, 3300.0], [1766534400000, 3295.0], [1766707200000, 3290.0], [1766966400000, 3400.0], [1767052800000, 3360.0], [1767139200000, 3445.0], [1767312000000, 3395.0], [1767571200000, 3410.0], [1767657600000, 3335.0], [1767744000000, 3310.0], [1767830400000, 3310.0], [1767916800000, 3120.0], [1768176000000, 3305.0], [1768262400000, 3440.0], [1768348800000, 3450.0], [1768435200000, 3460.0], [1768521600000, 3505.0], [1768780800000, 3500.0], [1768867200000, 3475.0], [1768953600000, 3495.0], [1769040000000, 3600.0], [1769126400000, 3720.0], [1769385600000, 3730.0], [1769472000000, 3775.0], [1769558400000, 3810.0], [1769644800000, 3795.0], [1769731200000, 3765.0], [1769990400000, 3730.0], [1770076800000, 3810.0], [1770163200000, 3800.0], [1770249600000, 3750.0], [1770336000000, 3665.0], [1770595200000, 3765.0], [1770681600000, 3880.0], [1770768000000, 4065.0], [1771804800000, 4440.0], [1771891200000, 4400.0], [1771977600000, 4610.0], [1772064000000, 4790.0], [1772409600000, 4760.0], [1772496000000, 4330.0], [1772582400000, 4050.0], [1772668800000, 4180.0], [1772755200000, 4190.0], [1773014400000, 3830.0]], "margin_ratio": [[1764201600000, 4.032855577161039], [1764288000000, 3.4583998585822875], [1764547200000, 3.276128690118437], [1764633600000, 2.2523302103588474], [1764720000000, 3.348528195156444], [1764806400000, 2.1351613929644686], [1764892800000, 1.943079370691179], [1765152000000, 1.9047396146367332], [1765238400000, 1.119959695951918], [1765324800000, 2.758225207707265], [1765411200000, 2.6091567968888105], [1765497600000, 1.4510772494254907], [1765756800000, 1.2066522891992222], [1765843200000, 2.2143637970655825], [1765929600000, 1.9444433445289024], [1766016000000, 1.5678218136821636], [1766102400000, 1.3617394378645926], [1766361600000, 0.9165656708502741], [1766448000000, 1.202163691002298], [1766534400000, 1.0009064875375642], [1766707200000, 1.6223765246597137], [1766966400000, 1.5059289375994342], [1767052800000, 1.5247997171645749], [1767139200000, 1.4688598196924163], [1767312000000, 2.0793699840905076], [1767571200000, 2.5809185080431325], [1767657600000, 5.121880855577161], [1767744000000, 1.9753508926993104], [1767830400000, 5.541280537387308], [1767916800000, 2.2528859819692415], [1768176000000, 2.9912674562488952], [1768262400000, 2.2922792999823227], [1768348800000, 1.8344705674385717], [1768435200000, 2.0457853986211774], [1768521600000, 1.4835375640799011], [1768780800000, 1.5239879794944318], [1768867200000, 1.0516528195156443], [1768953600000, 1.6438918154498852], [1769040000000, 2.121944493547817], [1769126400000, 1.4161909139119675], [1769385600000, 1.4010083082906133], [1769472000000, 1.643729892168994], [1769558400000, 2.841639031288669], [1769644800000, 1.6964461728831537], [1769731200000, 1.419478875729185], [1769990400000, 2.097820045960756], [1770076800000, 1.9860222732897295], [1770163200000, 2.6090153791762423], [1770249600000, 2.952271522008131], [1770336000000, 1.9990673501856107], [1770595200000, 1.860337281244476], [1770681600000, 2.584380413646809], [1770768000000, 5.827961110129044], [1771804800000, 3.736601025278416], [1771891200000, 2.79820399505038], [1771977600000, 3.067357256496376], [1772064000000, 5.505832773554888], [1772409600000, 15.069098108538093], [1772496000000, 8.925448824465263], [1772582400000, 6.362587944140004], [1772668800000, 3.186760473749337], [1772755200000, 2.5431826056213542], [1773014400000, 4.24421141948029]]}