{"margin_balance": [[1764547200000, 0.277635], [1765152000000, 1.210845], [1765756800000, 1.191465], [1766361600000, 1.04066], [1766966400000, 2.022745], [1767571200000, 3.87266], [1768176000000, 3.73776], [1768780800000, 3.62976], [1769385600000, 4.31808], [1769990400000, 5.28525], [1770595200000, 5.42593], [1771200000000, 5.41488], [1771804800000, 5.85585], [1771891200000, 5.82266], [1771977600000, 5.83248], [1772064000000, 5.838], [1772409600000, 6.01861], [1772496000000, 6.07705], [1772582400000, 5.36796], [1772668800000, 5.21208], [1772755200000, 5.25358], [1773014400000, 4.69898], [1773100800000, 4.77572], [1773187200000, 4.96318], [1773273600000, 4.921], [1773360000000, 5.4516], [1773619200000, 4.8209], [1773705600000, 4.55225], [1773792000000, 4.4897], [1773878400000, 4.67258], [1773964800000, 5.8482], [1774224000000, 5.65785], [1774310400000, 5.18894], [1774396800000, 5.4946], [1774483200000, 5.48298], [1774569600000, 5.70024], [1774828800000, 5.6448], [1774915200000, 5.103], [1775001600000, 5.2311], [1775088000000, 5.36536], [1775520000000, 5.41471], [1775606400000, 6.37572], [1775692800000, 6.25602], [1775779200000, 6.44464], [1776038400000, 6.29952], [1776124800000, 6.83353], [1776211200000, 6.52616]], "closing_price": [[1750636800000, 270.0], [1751241600000, 270.0], [1751846400000, 265.0], [1752451200000, 244.0], [1753056000000, 247.5], [1753660800000, 294.0], [1754265600000, 294.0], [1754870400000, 293.5], [1755475200000, 309.0], [1756080000000, 301.0], [1756684800000, 324.0], [1757289600000, 312.0], [1757894400000, 307.5], [1758499200000, 305.5], [1759104000000, 292.0], [1759708800000, 350.0], [1760313600000, 321.0], [1760918400000, 299.0], [1761523200000, 300.0], [1762128000000, 313.5], [1762732800000, 293.5], [1763337600000, 313.0], [1763942400000, 312.5], [1764547200000, 334.5], [1765152000000, 453.5], [1765756800000, 478.5], [1766361600000, 426.5], [1766966400000, 450.5], [1767571200000, 607.0], [1768176000000, 599.0], [1768780800000, 608.0], [1769385600000, 692.0], [1769990400000, 675.0], [1770595200000, 761.0], [1771200000000, 778.0], [1771804800000, 845.0], [1771891200000, 839.0], [1771977600000, 838.0], [1772064000000, 840.0], [1772409600000, 871.0], [1772496000000, 895.0], [1772582400000, 806.0], [1772668800000, 762.0], [1772755200000, 757.0], [1773014400000, 682.0], [1773100800000, 667.0], [1773187200000, 706.0], [1773273600000, 700.0], [1773360000000, 770.0], [1773619200000, 710.0], [1773705600000, 695.0], [1773792000000, 695.0], [1773878400000, 737.0], [1773964800000, 810.0], [1774224000000, 891.0], [1774310400000, 802.0], [1774396800000, 830.0], [1774483200000, 747.0], [1774569600000, 756.0], [1774828800000, 735.0], [1774915200000, 675.0], [1775001600000, 705.0], [1775088000000, 737.0], [1775520000000, 721.0], [1775606400000, 793.0], [1775692800000, 821.0], [1775779200000, 857.0], [1776038400000, 816.0], [1776124800000, 851.0], [1776211200000, 841.0]], "margin_ratio": [[1764547200000, 0.24709416162335351], [1765152000000, 1.0776477394090422], [1765756800000, 1.0603996084015663], [1766361600000, 0.9261836952652189], [1766966400000, 1.800235849056604], [1767571200000, 3.4466536133855468], [1768176000000, 3.3265930936276256], [1768780800000, 3.2304734781060875], [1769385600000, 3.8430758276966897], [1769990400000, 4.703853684585262], [1770595200000, 4.829058383766465], [1771200000000, 4.819223923104308], [1771804800000, 5.211685653257387], [1771891200000, 5.182146671413315], [1771977600000, 5.190886436454255], [1772064000000, 5.195799216803133], [1772409600000, 5.356541473834104], [1772496000000, 5.408552865788536], [1772582400000, 4.7774652901388395], [1772668800000, 4.638732645069419], [1772755200000, 4.675667497330012], [1773014400000, 4.182075471698113], [1773100800000, 4.250373798504806], [1773187200000, 4.417212531149875], [1773273600000, 4.379672481310075], [1773360000000, 4.85190459238163], [1773619200000, 4.2905838376646495], [1773705600000, 4.051486294054824], [1773792000000, 3.9958170167319333], [1773878400000, 4.1585795656817375], [1773964800000, 5.204877180491279], [1774224000000, 5.035466358134568], [1774310400000, 4.61813812744749], [1774396800000, 4.8901744393022435], [1774483200000, 4.879832680669278], [1774569600000, 5.073193307226771], [1774828800000, 5.023851904592382], [1774915200000, 4.541651833392666], [1775001600000, 4.65566037735849], [1775088000000, 4.775151299394802], [1775520000000, 4.819072623709506], [1775606400000, 5.67436810252759], [1775692800000, 5.567835528657886], [1775779200000, 5.735706657173371], [1776038400000, 5.606550373798505], [1776124800000, 6.081817372730509], [1776211200000, 5.8082591669633326]]}