{"margin_balance": [[1763337600000, 0.89352], [1763424000000, 0.18952600000000003], [1763510400000, 0.083664], [1763596800000, 0.07623], [1763683200000, 0.166896], [1763942400000, 0.201985], [1764028800000, 0.08976], [1764115200000, 0.060695], [1764201600000, 0.137], [1764288000000, 0.138305], [1764547200000, 0.03571200000000001], [1764633600000, 0.090545], [1764720000000, 0.270875], [1764806400000, 0.047775], [1764892800000, 0.031072], [1765152000000, 0.069083], [1765238400000, 0.24363899999999997], [1765324800000, 0.072457], [1765411200000, 0.08789], [1765497600000, 0.08303699999999999], [1765756800000, 0.0466], [1765843200000, 0.010043], [1765929600000, 0.08784], [1766016000000, 0.015385], [1766102400000, 0.014912], [1766361600000, 0.04545], [1766448000000, 0.01456], [1766534400000, 0.067379], [1766707200000, 0.02852], [1766966400000, 0.01656], [1767052800000, 0.070528], [1767139200000, 0.02883], [1767312000000, 0.028799], [1767571200000, 0.026796000000000004], [1767657600000, 0.02733], [1767744000000, 0.064255], [1767830400000, 0.02534], [1767916800000, 0.01844], [1768176000000, 0.03185], [1768262400000, 0.024435], [1768348800000, 0.038829], [1768435200000, 0.011856000000000002], [1768521600000, 0.02668], [1768780800000, 0.022875], [1768867200000, 0.017138], [1768953600000, 0.008199], [1769040000000, 0.012683999999999997], [1769126400000, 0.010871999999999998], [1769385600000, 0.04732], [1769472000000, 0.0182], [1769558400000, 0.062376], [1769644800000, 0.0387], [1769731200000, 0.041877], [1769990400000, 0.01068], [1770076800000, 0.007128], [1770163200000, 0.007104], [1770249600000, 0.01232], [1770336000000, 0.01513], [1770595200000, 0.01068], [1770681600000, 0.028384], [1770768000000, 0.032708], [1771804800000, 0.018921], [1771891200000, 0.0099], [1771977600000, 0.03588], [1772064000000, 0.019756], [1772409600000, 0.018963], [1772496000000, 0.0445], [1772582400000, 0.01232], [1772668800000, 0.015504], [1772755200000, 0.01513], [1773014400000, 0.023922]], "closing_price": [[1763337600000, 102.0], [1763424000000, 98.2], [1763510400000, 99.6], [1763596800000, 99.0], [1763683200000, 97.6], [1763942400000, 101.5], [1764028800000, 102.0], [1764115200000, 99.5], [1764201600000, 100.0], [1764288000000, 99.5], [1764547200000, 99.2], [1764633600000, 99.5], [1764720000000, 98.5], [1764806400000, 97.5], [1764892800000, 97.1], [1765152000000, 97.3], [1765238400000, 96.3], [1765324800000, 94.1], [1765411200000, 93.5], [1765497600000, 93.3], [1765756800000, 93.2], [1765843200000, 91.3], [1765929600000, 91.5], [1766016000000, 90.5], [1766102400000, 93.2], [1766361600000, 90.9], [1766448000000, 91.0], [1766534400000, 92.3], [1766707200000, 92.0], [1766966400000, 92.0], [1767052800000, 92.8], [1767139200000, 93.0], [1767312000000, 92.9], [1767571200000, 92.4], [1767657600000, 91.1], [1767744000000, 90.5], [1767830400000, 90.5], [1767916800000, 92.2], [1768176000000, 91.0], [1768262400000, 90.5], [1768348800000, 90.3], [1768435200000, 91.2], [1768521600000, 92.0], [1768780800000, 91.5], [1768867200000, 90.2], [1768953600000, 91.1], [1769040000000, 90.6], [1769126400000, 90.6], [1769385600000, 91.0], [1769472000000, 91.0], [1769558400000, 90.4], [1769644800000, 90.0], [1769731200000, 89.1], [1769990400000, 89.0], [1770076800000, 89.1], [1770163200000, 88.8], [1770249600000, 88.0], [1770336000000, 89.0], [1770595200000, 89.0], [1770681600000, 88.7], [1770768000000, 88.4], [1771804800000, 90.1], [1771891200000, 90.0], [1771977600000, 89.7], [1772064000000, 89.8], [1772409600000, 90.3], [1772496000000, 89.0], [1772582400000, 88.0], [1772668800000, 91.2], [1772755200000, 89.0], [1773014400000, 88.6]], "margin_ratio": [[1763337600000, 3.2586433260393872], [1763424000000, 0.6911962071480672], [1763510400000, 0.3051203501094092], [1763596800000, 0.2780087527352298], [1763683200000, 0.6086652078774616], [1763942400000, 0.736633843909555], [1764028800000, 0.3273522975929978], [1764115200000, 0.22135302698760026], [1764201600000, 0.49963530269876005], [1764288000000, 0.5043946024799416], [1764547200000, 0.13024070021881842], [1764633600000, 0.33021517140773154], [1764720000000, 0.9878738147337708], [1764806400000, 0.17423413566739604], [1764892800000, 0.11331874544128372], [1765152000000, 0.25194383661560904], [1765238400000, 0.8885448577680524], [1765324800000, 0.2642487235594456], [1765411200000, 0.32053245805981034], [1765497600000, 0.30283369803063453], [1765756800000, 0.1699489423778264], [1765843200000, 0.036626549963530264], [1765929600000, 0.32035010940919034], [1766016000000, 0.05610867979576951], [1766102400000, 0.05438366156090445], [1766361600000, 0.1657549234135667], [1766448000000, 0.053099927060539745], [1766534400000, 0.2457293946024799], [1766707200000, 0.10401167031363967], [1766966400000, 0.06039387308533916], [1767052800000, 0.25721371261852655], [1767139200000, 0.1051422319474836], [1767312000000, 0.1050291757840992], [1767571200000, 0.09772428884026259], [1767657600000, 0.099671772428884], [1767744000000, 0.23433625091174326], [1767830400000, 0.09241429613420861], [1767916800000, 0.06725018234865063], [1768176000000, 0.11615609044493072], [1768262400000, 0.08911378555798687], [1768348800000, 0.14160831509846827], [1768435200000, 0.043238512035010945], [1768521600000, 0.09730123997082421], [1768780800000, 0.08342450765864332], [1768867200000, 0.0625018234865062], [1768953600000, 0.029901531728665207], [1769040000000, 0.04625820568927789], [1769126400000, 0.03964989059080962], [1769385600000, 0.17257476294675417], [1769472000000, 0.06637490882567469], [1769558400000, 0.2274835886214442], [1769644800000, 0.14113785557986872], [1769731200000, 0.15272428884026257], [1769990400000, 0.03894967177242888], [1770076800000, 0.025995623632385115], [1770163200000, 0.025908096280087525], [1770249600000, 0.0449307075127644], [1770336000000, 0.055178701677607585], [1770595200000, 0.03894967177242888], [1770681600000, 0.1035156819839533], [1770768000000, 0.11928519328956964], [1771804800000, 0.06900437636761488], [1771891200000, 0.036105032822757115], [1771977600000, 0.13085339168490154], [1772064000000, 0.07204959883296863], [1772409600000, 0.06915754923413567], [1772496000000, 0.16229029905178702], [1772582400000, 0.0449307075127644], [1772668800000, 0.05654266958424508], [1772755200000, 0.055178701677607585], [1773014400000, 0.08724288840262581]]}