{"margin_balance": [[1766361600000, 14.4613], [1766448000000, 11.865], [1766534400000, 4.7428], [1766707200000, 7.50891], [1766966400000, 11.9972], [1767052800000, 5.43165], [1767139200000, 7.38514], [1767312000000, 30.06021], [1767571200000, 9.32756], [1767657600000, 6.10344], [1767744000000, 3.0191], [1767830400000, 4.5152], [1767916800000, 2.52882], [1768176000000, 4.8764], [1768262400000, 8.15262], [1768348800000, 4.43486], [1768435200000, 2.85498], [1768521600000, 2.7192], [1768780800000, 5.06499], [1768867200000, 9.52956], [1768953600000, 6.1124], [1769040000000, 5.44236], [1769126400000, 3.77784], [1769385600000, 2.85428], [1769472000000, 8.22081], [1769558400000, 1.08672], [1769644800000, 4.6656], [1769731200000, 3.2091], [1769990400000, 2.33987], [1770076800000, 7.06176], [1770163200000, 4.624], [1770249600000, 1.83141], [1770336000000, 2.53266], [1770595200000, 1.1058], [1770681600000, 4.63166], [1770768000000, 13.8417], [1771804800000, 19.96576], [1771891200000, 7.29015], [1771977600000, 7.7814], [1772064000000, 5.70657], [1772409600000, 3.47011], [1772496000000, 3.1248], [1772582400000, 3.07296], [1772668800000, 2.01335], [1772755200000, 1.16725], [1773014400000, 2.1888], [1773100800000, 1.18125], [1773187200000, 10.35118], [1773273600000, 4.67116], [1773360000000, 4.91579], [1773619200000, 3.80256], [1773705600000, 4.51554], [1773792000000, 4.13055], [1773878400000, 4.26682], [1773964800000, 3.36449], [1774224000000, 2.62908], [1774310400000, 2.27106], [1774396800000, 1.89864], [1774483200000, 6.20576], [1774569600000, 4.4933], [1774828800000, 3.90216], [1774915200000, 3.4237], [1775001600000, 3.03252], [1775088000000, 2.8496], [1775520000000, 3.2332], [1775606400000, 4.4517], [1775692800000, 2.80098], [1775779200000, 3.4496], [1776038400000, 9.3398], [1776124800000, 3.31822], [1776211200000, 3.03448], [1776297600000, 2.29052], [1776384000000, 3.0058], [1776643200000, 3.86496], [1776729600000, 12.86924], [1776816000000, 9.84808]], "closing_price": [[1766361600000, 730.0], [1766448000000, 678.0], [1766534400000, 668.0], [1766707200000, 687.0], [1766966400000, 712.0], [1767052800000, 739.0], [1767139200000, 749.0], [1767312000000, 769.0], [1767571200000, 731.0], [1767657600000, 692.0], [1767744000000, 665.0], [1767830400000, 680.0], [1767916800000, 669.0], [1768176000000, 668.0], [1768262400000, 658.0], [1768348800000, 622.0], [1768435200000, 622.0], [1768521600000, 618.0], [1768780800000, 623.0], [1768867200000, 618.0], [1768953600000, 590.0], [1769040000000, 589.0], [1769126400000, 583.0], [1769385600000, 572.0], [1769472000000, 591.0], [1769558400000, 566.0], [1769644800000, 576.0], [1769731200000, 563.0], [1769990400000, 533.0], [1770076800000, 576.0], [1770163200000, 578.0], [1770249600000, 567.0], [1770336000000, 573.0], [1770595200000, 570.0], [1770681600000, 569.0], [1770768000000, 645.0], [1771804800000, 688.0], [1771891200000, 655.0], [1771977600000, 660.0], [1772064000000, 669.0], [1772409600000, 623.0], [1772496000000, 630.0], [1772582400000, 582.0], [1772668800000, 601.0], [1772755200000, 575.0], [1773014400000, 576.0], [1773100800000, 625.0], [1773187200000, 691.0], [1773273600000, 676.0], [1773360000000, 667.0], [1773619200000, 699.0], [1773705600000, 699.0], [1773792000000, 685.0], [1773878400000, 673.0], [1773964800000, 661.0], [1774224000000, 654.0], [1774310400000, 666.0], [1774396800000, 648.0], [1774483200000, 656.0], [1774569600000, 686.0], [1774828800000, 687.0], [1774915200000, 670.0], [1775001600000, 683.0], [1775088000000, 685.0], [1775520000000, 685.0], [1775606400000, 710.0], [1775692800000, 702.0], [1775779200000, 704.0], [1776038400000, 697.0], [1776124800000, 661.0], [1776211200000, 664.0], [1776297600000, 662.0], [1776384000000, 665.0], [1776643200000, 704.0], [1776729600000, 772.0], [1776816000000, 722.0]], "margin_ratio": [[1766361600000, 6.438977692684447], [1766448000000, 5.282960060554789], [1766534400000, 2.111759205663654], [1766707200000, 3.3433857250990697], [1766966400000, 5.341822877242976], [1767052800000, 2.418473663119462], [1767139200000, 3.2882764148003027], [1767312000000, 13.38448283538893], [1767571200000, 4.153150184781157], [1767657600000, 2.717592056636538], [1767744000000, 1.3442717841399883], [1767830400000, 2.010418985707289], [1767916800000, 1.1259717707823145], [1768176000000, 2.1712453804710807], [1768262400000, 3.630001335767399], [1768348800000, 1.9746471347789303], [1768435200000, 1.2711964023331404], [1768521600000, 1.2107395698828975], [1768780800000, 2.2552161716906363], [1768867200000, 4.243091856271428], [1768953600000, 2.7215815485996706], [1769040000000, 2.4232423527316445], [1769126400000, 1.6821051694198317], [1769385600000, 1.2708847232735208], [1769472000000, 3.6603633287323563], [1769558400000, 0.48386838238568053], [1769644800000, 2.07738545794559], [1769731200000, 1.428870386036778], [1769990400000, 1.0418406874749544], [1770076800000, 3.1442895943719664], [1770163200000, 2.0588628166881873], [1770249600000, 0.8154459236831559], [1770336000000, 1.1276815530522284], [1770595200000, 0.49236386303931606], [1770681600000, 2.0622734761120265], [1770768000000, 6.163097199341021], [1771804800000, 8.889870430562357], [1771891200000, 3.245981566409902], [1771977600000, 3.4647134778930493], [1772064000000, 2.5408833875061223], [1772409600000, 1.5450866022529943], [1772496000000, 1.3913353221425708], [1772582400000, 1.368253261498731], [1772668800000, 0.8964557638363239], [1772755200000, 0.5197248319159357], [1773014400000, 0.9745758938510174], [1773100800000, 0.5259584131083307], [1773187200000, 4.608922926221114], [1773273600000, 2.0798610801905695], [1773360000000, 2.1887840064116837], [1773619200000, 1.6931118927824036], [1773705600000, 2.010570372679104], [1773792000000, 1.8391513424462356], [1773878400000, 1.899826350238212], [1773964800000, 1.4980586847143684], [1774224000000, 1.170613117235852], [1774310400000, 1.0112026359143327], [1774396800000, 0.8453804710806359], [1774483200000, 2.763150630036956], [1774569600000, 2.000667883699185], [1774828800000, 1.7374593704082995], [1774915200000, 1.5244222806002048], [1775001600000, 1.3502471169686985], [1775088000000, 1.2688009261320627], [1775520000000, 1.4396010508036867], [1775606400000, 1.9821452424417827], [1775692800000, 1.2471525891624737], [1775779200000, 1.5359544058061356], [1776038400000, 4.158600115766508], [1776124800000, 1.477456698873503], [1776211200000, 1.3511198183356337], [1776297600000, 1.0198673137717618], [1776384000000, 1.338349882007213], [1776643200000, 1.720895854668507], [1776729600000, 5.730103744601274], [1776816000000, 4.384914733514403]]}