{"margin_balance": [[1766361600000, 14.4613], [1766448000000, 11.865], [1766534400000, 4.7428], [1766707200000, 7.50891], [1766966400000, 11.9972], [1767052800000, 5.43165], [1767139200000, 7.38514], [1767312000000, 30.06021], [1767571200000, 9.32756], [1767657600000, 6.10344], [1767744000000, 3.0191], [1767830400000, 4.5152], [1767916800000, 2.52882], [1768176000000, 4.8764], [1768262400000, 8.15262], [1768348800000, 4.43486], [1768435200000, 2.85498], [1768521600000, 2.7192], [1768780800000, 5.06499], [1768867200000, 9.52956], [1768953600000, 6.1124], [1769040000000, 5.44236], [1769126400000, 3.77784], [1769385600000, 2.85428], [1769472000000, 8.22081], [1769558400000, 1.08672], [1769644800000, 4.6656], [1769731200000, 3.2091], [1769990400000, 2.33987], [1770076800000, 7.06176], [1770163200000, 4.624]], "closing_price": [[1766361600000, 730.0], [1766448000000, 678.0], [1766534400000, 668.0], [1766707200000, 687.0], [1766966400000, 712.0], [1767052800000, 739.0], [1767139200000, 749.0], [1767312000000, 769.0], [1767571200000, 731.0], [1767657600000, 692.0], [1767744000000, 665.0], [1767830400000, 680.0], [1767916800000, 669.0], [1768176000000, 668.0], [1768262400000, 658.0], [1768348800000, 622.0], [1768435200000, 622.0], [1768521600000, 618.0], [1768780800000, 623.0], [1768867200000, 618.0], [1768953600000, 590.0], [1769040000000, 589.0], [1769126400000, 583.0], [1769385600000, 572.0], [1769472000000, 591.0], [1769558400000, 566.0], [1769644800000, 576.0], [1769731200000, 563.0], [1769990400000, 533.0], [1770076800000, 576.0], [1770163200000, 578.0]], "margin_ratio": [[1766361600000, 7.702013208351087], [1766448000000, 6.3192373242437165], [1766534400000, 2.5259906263314873], [1766707200000, 3.999206433745207], [1766966400000, 6.389646357051555], [1767052800000, 2.8928685556028975], [1767139200000, 3.9332871751171705], [1767312000000, 16.00991158926289], [1767571200000, 4.967809970174692], [1767657600000, 3.2506604175543248], [1767744000000, 1.6079569663400086], [1767830400000, 2.404772049424798], [1767916800000, 1.3468363868768642], [1768176000000, 2.5971452918619518], [1768262400000, 4.342043033659992], [1768348800000, 2.3619833830421815], [1768435200000, 1.5205475074563273], [1768521600000, 1.4482317852577757], [1768780800000, 2.6975873455475075], [1768867200000, 5.075394120153388], [1768953600000, 3.2554324669791224], [1769040000000, 2.8985726459309755], [1769126400000, 2.012057946314444], [1769385600000, 1.5201746910950151], [1769472000000, 4.37836067319983], [1769558400000, 0.5787814230933106], [1769644800000, 2.484874307626758], [1769731200000, 1.7091499786962079], [1769990400000, 1.246202599062633], [1770076800000, 3.761056668086919], [1770163200000, 2.4627183638687686]]}