{"margin_balance": [[1764201600000, 285.1733], [1764288000000, 244.5521], [1764547200000, 231.66325], [1764633600000, 159.2679], [1764720000000, 236.7828], [1764806400000, 150.9826], [1764892800000, 137.4], [1765152000000, 134.6889], [1765238400000, 79.19515], [1765324800000, 195.041], [1765411200000, 184.5], [1765497600000, 102.6093], [1765756800000, 85.3254], [1765843200000, 156.5832], [1765929600000, 137.49645], [1766016000000, 110.8646], [1766102400000, 96.292], [1766361600000, 64.81265], [1766448000000, 85.008], [1766534400000, 70.7766], [1766707200000, 114.7223], [1766966400000, 106.488], [1767052800000, 107.8224], [1767139200000, 103.86675], [1767312000000, 147.03745], [1767571200000, 182.5032], [1767657600000, 362.181], [1767744000000, 139.682], [1767830400000, 391.8378], [1767916800000, 159.3072], [1768176000000, 211.52], [1768262400000, 162.0928], [1768348800000, 129.72], [1768435200000, 144.6626], [1768521600000, 104.90465]], "closing_price": [[1764201600000, 2710.0], [1764288000000, 2990.0], [1764547200000, 2975.0], [1764633600000, 2890.0], [1764720000000, 2920.0], [1764806400000, 3070.0], [1764892800000, 3000.0], [1765152000000, 2955.0], [1765238400000, 2965.0], [1765324800000, 2980.0], [1765411200000, 3125.0], [1765497600000, 3165.0], [1765756800000, 3105.0], [1765843200000, 3180.0], [1765929600000, 3185.0], [1766016000000, 3220.0], [1766102400000, 3325.0], [1766361600000, 3295.0], [1766448000000, 3300.0], [1766534400000, 3295.0], [1766707200000, 3290.0], [1766966400000, 3400.0], [1767052800000, 3360.0], [1767139200000, 3445.0], [1767312000000, 3395.0], [1767571200000, 3410.0], [1767657600000, 3335.0], [1767744000000, 3310.0], [1767830400000, 3310.0], [1767916800000, 3120.0], [1768176000000, 3305.0], [1768262400000, 3440.0], [1768348800000, 3450.0], [1768435200000, 3460.0], [1768521600000, 3505.0]], "margin_ratio": [[1764201600000, 4.489836307157488], [1764288000000, 3.8502864664104552], [1764547200000, 3.6473613444319715], [1764633600000, 2.507551723757898], [1764720000000, 3.727964758097656], [1764806400000, 2.377105988635809], [1764892800000, 2.1632583015430926], [1765152000000, 2.120574097894523], [1765238400000, 1.2468672902434532], [1765324800000, 3.0707719242450247], [1765411200000, 2.9048119114607034], [1765497600000, 1.6155052404696193], [1765756800000, 1.3433834052582607], [1765843200000, 2.4652831679925944], [1765929600000, 2.164776833298434], [1766016000000, 1.745478648451633], [1766102400000, 1.5160441657364445], [1766361600000, 1.0204257871725397], [1766448000000, 1.338386184116268], [1766534400000, 1.1143236354075319], [1766707200000, 1.8062151953938659], [1766966400000, 1.6765724164099045], [1767052800000, 1.6975815276004367], [1767139200000, 1.635302832545859], [1767312000000, 2.3149926080802583], [1767571200000, 2.8733738170173173], [1767657600000, 5.702263863982379], [1767744000000, 2.1991866526647907], [1767830400000, 6.169187581574834], [1767916800000, 2.5081704723113956], [1768176000000, 3.330221222288173], [1768262400000, 2.5520276216911517], [1768348800000, 2.0423425536839157], [1768435200000, 2.2776024044600276], [1768521600000, 1.6516437771686507]]}