{"margin_balance": [[1764201600000, 285.1733], [1764288000000, 244.5521], [1764547200000, 231.66325], [1764633600000, 159.2679], [1764720000000, 236.7828], [1764806400000, 150.9826], [1764892800000, 137.4], [1765152000000, 134.6889], [1765238400000, 79.19515], [1765324800000, 195.041], [1765411200000, 184.5], [1765497600000, 102.6093], [1765756800000, 85.3254], [1765843200000, 156.5832], [1765929600000, 137.49645], [1766016000000, 110.8646], [1766102400000, 96.292], [1766361600000, 64.81265], [1766448000000, 85.008], [1766534400000, 70.7766], [1766707200000, 114.7223], [1766966400000, 106.488], [1767052800000, 107.8224], [1767139200000, 103.86675], [1767312000000, 147.03745], [1767571200000, 182.5032], [1767657600000, 362.181], [1767744000000, 139.682], [1767830400000, 391.8378], [1767916800000, 159.3072], [1768176000000, 211.52], [1768262400000, 162.0928], [1768348800000, 129.72], [1768435200000, 144.6626], [1768521600000, 104.90465], [1768780800000, 107.765], [1768867200000, 74.365], [1768953600000, 116.2437], [1769040000000, 150.048], [1769126400000, 100.1424], [1769385600000, 99.0688], [1769472000000, 116.23225], [1769558400000, 200.9394], [1769644800000, 119.95995], [1769731200000, 100.3749], [1769990400000, 148.3421], [1770076800000, 140.4366], [1770163200000, 184.49], [1770249600000, 208.7625], [1770336000000, 141.35905], [1770595200000, 131.5491], [1770681600000, 182.748], [1770768000000, 412.1097], [1771804800000, 264.2244]], "closing_price": [[1764201600000, 2710.0], [1764288000000, 2990.0], [1764547200000, 2975.0], [1764633600000, 2890.0], [1764720000000, 2920.0], [1764806400000, 3070.0], [1764892800000, 3000.0], [1765152000000, 2955.0], [1765238400000, 2965.0], [1765324800000, 2980.0], [1765411200000, 3125.0], [1765497600000, 3165.0], [1765756800000, 3105.0], [1765843200000, 3180.0], [1765929600000, 3185.0], [1766016000000, 3220.0], [1766102400000, 3325.0], [1766361600000, 3295.0], [1766448000000, 3300.0], [1766534400000, 3295.0], [1766707200000, 3290.0], [1766966400000, 3400.0], [1767052800000, 3360.0], [1767139200000, 3445.0], [1767312000000, 3395.0], [1767571200000, 3410.0], [1767657600000, 3335.0], [1767744000000, 3310.0], [1767830400000, 3310.0], [1767916800000, 3120.0], [1768176000000, 3305.0], [1768262400000, 3440.0], [1768348800000, 3450.0], [1768435200000, 3460.0], [1768521600000, 3505.0], [1768780800000, 3500.0], [1768867200000, 3475.0], [1768953600000, 3495.0], [1769040000000, 3600.0], [1769126400000, 3720.0], [1769385600000, 3730.0], [1769472000000, 3775.0], [1769558400000, 3810.0], [1769644800000, 3795.0], [1769731200000, 3765.0], [1769990400000, 3730.0], [1770076800000, 3810.0], [1770163200000, 3800.0], [1770249600000, 3750.0], [1770336000000, 3665.0], [1770595200000, 3765.0], [1770681600000, 3880.0], [1770768000000, 4065.0], [1771804800000, 4440.0]], "margin_ratio": [[1764201600000, 3.6020737862704184], [1764288000000, 3.0889803105248], [1764547200000, 2.926178993851144], [1764633600000, 2.011740676929917], [1764720000000, 2.990844924541362], [1764806400000, 1.9070876047755945], [1764892800000, 1.7355234106192812], [1765152000000, 1.7012790327551621], [1765238400000, 1.0003277789847567], [1765324800000, 2.4635969543711442], [1765411200000, 2.330451741333751], [1765497600000, 1.2960759992522344], [1765756800000, 1.0777600379945735], [1765843200000, 1.9778297620791925], [1765929600000, 1.7367416874238972], [1766016000000, 1.4003501361640638], [1766102400000, 1.2162810790054719], [1766361600000, 0.8186599081460972], [1766448000000, 1.0737509031289945], [1766534400000, 0.8939916027950264], [1766707200000, 1.4490774189962763], [1766966400000, 1.3450685367541924], [1767052800000, 1.361923576340294], [1767139200000, 1.3119590699413408], [1767312000000, 1.857255725711514], [1767571200000, 2.305229811593397], [1767657600000, 4.574771502048777], [1767744000000, 1.7643477513982708], [1767830400000, 4.949371725367946], [1767916800000, 2.0122370820975832], [1768176000000, 2.67174608307271], [1768262400000, 2.047422482480561], [1768348800000, 1.6385159885409981], [1768435200000, 1.8272585803570076], [1768521600000, 1.3250689662141337], [1768780800000, 1.3611985469096568], [1768867200000, 0.9393173102671241], [1768953600000, 1.4682944882605862], [1769040000000, 1.8952825088544536], [1769126400000, 1.2649161542620109], [1769385600000, 1.251355325050651], [1769472000000, 1.4681498613097013], [1769558400000, 2.538100675515226], [1769644800000, 1.5152350914244428], [1769731200000, 1.2678529023913339], [1769990400000, 1.8737349878488099], [1770076800000, 1.7738792358644524], [1770163200000, 2.3303254295862534], [1770249600000, 2.6369156187002014], [1770336000000, 1.7855308630123836], [1770595200000, 1.6616196702758144], [1770681600000, 2.3083219231721426], [1770768000000, 5.2054296367779385], [1771804800000, 3.3374645695548266]]}