{"margin_balance": [[1763337600000, 0.89352], [1763424000000, 0.18952600000000003], [1763510400000, 0.083664], [1763596800000, 0.07623], [1763683200000, 0.166896], [1763942400000, 0.201985], [1764028800000, 0.08976], [1764115200000, 0.060695], [1764201600000, 0.137], [1764288000000, 0.138305], [1764547200000, 0.03571200000000001], [1764633600000, 0.090545], [1764720000000, 0.270875], [1764806400000, 0.047775], [1764892800000, 0.031072], [1765152000000, 0.069083], [1765238400000, 0.24363899999999997], [1765324800000, 0.072457], [1765411200000, 0.08789], [1765497600000, 0.08303699999999999], [1765756800000, 0.0466], [1765843200000, 0.010043], [1765929600000, 0.08784], [1766016000000, 0.015385], [1766102400000, 0.014912], [1766361600000, 0.04545], [1766448000000, 0.01456], [1766534400000, 0.067379], [1766707200000, 0.02852], [1766966400000, 0.01656], [1767052800000, 0.070528], [1767139200000, 0.02883], [1767312000000, 0.028799], [1767571200000, 0.026796000000000004], [1767657600000, 0.02733], [1767744000000, 0.064255], [1767830400000, 0.02534], [1767916800000, 0.01844], [1768176000000, 0.03185], [1768262400000, 0.024435], [1768348800000, 0.038829], [1768435200000, 0.011856000000000002], [1768521600000, 0.02668], [1768780800000, 0.022875], [1768867200000, 0.017138], [1768953600000, 0.008199], [1769040000000, 0.012683999999999997], [1769126400000, 0.010871999999999998], [1769385600000, 0.04732], [1769472000000, 0.0182], [1769558400000, 0.062376], [1769644800000, 0.0387], [1769731200000, 0.041877], [1769990400000, 0.01068], [1770076800000, 0.007128], [1770163200000, 0.007104], [1770249600000, 0.01232]], "closing_price": [[1763337600000, 102.0], [1763424000000, 98.2], [1763510400000, 99.6], [1763596800000, 99.0], [1763683200000, 97.6], [1763942400000, 101.5], [1764028800000, 102.0], [1764115200000, 99.5], [1764201600000, 100.0], [1764288000000, 99.5], [1764547200000, 99.2], [1764633600000, 99.5], [1764720000000, 98.5], [1764806400000, 97.5], [1764892800000, 97.1], [1765152000000, 97.3], [1765238400000, 96.3], [1765324800000, 94.1], [1765411200000, 93.5], [1765497600000, 93.3], [1765756800000, 93.2], [1765843200000, 91.3], [1765929600000, 91.5], [1766016000000, 90.5], [1766102400000, 93.2], [1766361600000, 90.9], [1766448000000, 91.0], [1766534400000, 92.3], [1766707200000, 92.0], [1766966400000, 92.0], [1767052800000, 92.8], [1767139200000, 93.0], [1767312000000, 92.9], [1767571200000, 92.4], [1767657600000, 91.1], [1767744000000, 90.5], [1767830400000, 90.5], [1767916800000, 92.2], [1768176000000, 91.0], [1768262400000, 90.5], [1768348800000, 90.3], [1768435200000, 91.2], [1768521600000, 92.0], [1768780800000, 91.5], [1768867200000, 90.2], [1768953600000, 91.1], [1769040000000, 90.6], [1769126400000, 90.6], [1769385600000, 91.0], [1769472000000, 91.0], [1769558400000, 90.4], [1769644800000, 90.0], [1769731200000, 89.1], [1769990400000, 89.0], [1770076800000, 89.1], [1770163200000, 88.8], [1770249600000, 88.0]], "margin_ratio": [[1763337600000, 3.298338870431894], [1763424000000, 0.6996160944998155], [1763510400000, 0.3088372093023256], [1763596800000, 0.28139534883720935], [1763683200000, 0.6160797342192691], [1763942400000, 0.7456072351421188], [1764028800000, 0.3313399778516058], [1764115200000, 0.22404946474713916], [1764201600000, 0.5057216685123662], [1764288000000, 0.5105389442598746], [1764547200000, 0.13182724252491698], [1764633600000, 0.3342377260981912], [1764720000000, 0.9999077150239941], [1764806400000, 0.1763565891472868], [1764892800000, 0.11469915097822073], [1765152000000, 0.2550129198966408], [1765238400000, 0.8993687707641194], [1765324800000, 0.2674677002583979], [1765411200000, 0.32443706164636393], [1765497600000, 0.3065227021040974], [1765756800000, 0.17201919527500925], [1765843200000, 0.037072720561092655], [1765929600000, 0.32425249169435216], [1766016000000, 0.056792174234034695], [1766102400000, 0.05504614248800295], [1766361600000, 0.16777408637873753], [1766448000000, 0.053746770025839795], [1766534400000, 0.24872277593207823], [1766707200000, 0.10527870062753783], [1766966400000, 0.06112956810631229], [1767052800000, 0.2603469915097822], [1767139200000, 0.10642303433001107], [1767312000000, 0.10630860095976376], [1767571200000, 0.09891472868217056], [1767657600000, 0.1008859357696567], [1767744000000, 0.23719084533038023], [1767830400000, 0.09354005167958657], [1767916800000, 0.06806939830195645], [1768176000000, 0.11757105943152456], [1768262400000, 0.09019933554817275], [1768348800000, 0.14333333333333334], [1768435200000, 0.043765227021040985], [1768521600000, 0.09848652639350312], [1768780800000, 0.0844407530454042], [1768867200000, 0.06326319675156884], [1768953600000, 0.030265780730897005], [1769040000000, 0.04682170542635658], [1769126400000, 0.040132890365448495], [1769385600000, 0.17467700258397933], [1769472000000, 0.06718346253229975], [1769558400000, 0.23025470653377633], [1769644800000, 0.14285714285714285], [1769731200000, 0.1545847176079734], [1769990400000, 0.03942414174972315], [1770076800000, 0.026312292358803984], [1770163200000, 0.02622369878183832], [1770249600000, 0.04547803617571059]]}