{"margin_balance": [[1765843200000, 0.002664], [1765929600000, 0.00176], [1766016000000, 0.001742], [1766102400000, 0.001732], [1766361600000, 0.00609], [1766448000000, 0.00696], [1766534400000, 0.006912], [1766707200000, 0.006944], [1766966400000, 0.006912], [1767052800000, 0.00688], [1767139200000, 0.00684], [1767312000000, 0.00684], [1767571200000, 0.0068], [1767657600000, 0.006792], [1767744000000, 0.0068], [1767830400000, 0.007631999999999999], [1767916800000, 0.0058730000000000015], [1768176000000, 0.002499], [1768262400000, 0.00252], [1768348800000, 0.00415], [1768435200000, 0.004125], [1768521600000, 0.00498], [1768780800000, 0.004055], [1768867200000, 0.005663000000000001], [1768953600000, 0.0104], [1769040000000, 0.009576], [1769126400000, 0.012976], [1769385600000, 0.015295], [1769472000000, 0.011283999999999997], [1769558400000, 0.011326000000000003], [1769644800000, 0.013408], [1769731200000, 0.020775], [1769990400000, 0.02436], [1770076800000, 0.021475], [1770163200000, 0.019596000000000002], [1770249600000, 0.01955], [1770336000000, 0.019228], [1770595200000, 0.019067], [1770681600000, 0.02085], [1770768000000, 0.021554], [1771804800000, 0.023058], [1771891200000, 0.026816], [1771977600000, 0.027264], [1772064000000, 0.026071], [1772409600000, 0.025885], [1772496000000, 0.022167], [1772582400000, 0.020592000000000003], [1772668800000, 0.021267999999999995], [1772755200000, 0.01932], [1773014400000, 0.0163], [1773100800000, 0.01642], [1773187200000, 0.0168], [1773273600000, 0.01676], [1773360000000, 0.01859], [1773619200000, 0.029995], [1773705600000, 0.02989], [1773792000000, 0.0323], [1773878400000, 0.03211], [1773964800000, 0.028492]], "closing_price": [[1749513600000, 135.0], [1749600000000, 123.0], [1749686400000, 115.0], [1749772800000, 110.5], [1750032000000, 106.5], [1750118400000, 115.5], [1750204800000, 111.0], [1750291200000, 109.0], [1750377600000, 106.0], [1750636800000, 100.5], [1750723200000, 102.0], [1750809600000, 103.5], [1750896000000, 100.5], [1750982400000, 100.0], [1751241600000, 96.3], [1751328000000, 97.2], [1751414400000, 95.1], [1751500800000, 99.6], [1751587200000, 96.2], [1751846400000, 96.3], [1751932800000, 105.5], [1752019200000, 106.0], [1752105600000, 103.0], [1752192000000, 103.5], [1752451200000, 100.0], [1752537600000, 99.9], [1752624000000, 100.0], [1752710400000, 100.0], [1752796800000, 99.5], [1753056000000, 99.2], [1753142400000, 99.9], [1753228800000, 101.5], [1753315200000, 100.5], [1753401600000, 100.5], [1753660800000, 102.5], [1753747200000, 100.0], [1753833600000, 98.7], [1753920000000, 97.9], [1754006400000, 100.5], [1754265600000, 99.9], [1754352000000, 101.0], [1754438400000, 100.5], [1754524800000, 102.0], [1754611200000, 101.0], [1754870400000, 99.6], [1754956800000, 101.5], [1755043200000, 100.0], [1755129600000, 99.9], [1755216000000, 98.8], [1755475200000, 98.9], [1755561600000, 98.5], [1755648000000, 97.1], [1755734400000, 98.2], [1755820800000, 97.3], [1756080000000, 97.2], [1756166400000, 97.3], [1756252800000, 97.1], [1756339200000, 97.9], [1756425600000, 97.1], [1756684800000, 95.8], [1756771200000, 95.2], [1756857600000, 95.5], [1756944000000, 96.0], [1757030400000, 96.7], [1757289600000, 96.6], [1757376000000, 97.5], [1757462400000, 94.6], [1757548800000, 92.4], [1757635200000, 93.4], [1757894400000, 92.5], [1757980800000, 91.7], [1758067200000, 91.8], [1758153600000, 91.1], [1758240000000, 90.2], [1758499200000, 90.2], [1758585600000, 91.6], [1758672000000, 92.1], [1758758400000, 91.0], [1758844800000, 89.3], [1759190400000, 90.3], [1759276800000, 90.2], [1759363200000, 89.9], [1759449600000, 89.4], [1759795200000, 89.5], [1759881600000, 88.3], [1759968000000, 88.9], [1760313600000, 88.7], [1760400000000, 86.9], [1760486400000, 87.1], [1760572800000, 87.5], [1760659200000, 87.9], [1760918400000, 86.4], [1761004800000, 87.0], [1761091200000, 87.4], [1761177600000, 86.5], [1761523200000, 85.1], [1761609600000, 84.4], [1761696000000, 84.5], [1761782400000, 83.3], [1761868800000, 84.6], [1762128000000, 86.6], [1762214400000, 86.6], [1762300800000, 88.0], [1762387200000, 88.8], [1762473600000, 90.3], [1762732800000, 91.6], [1762819200000, 91.0], [1762905600000, 88.8], [1762992000000, 87.8], [1763078400000, 87.9], [1763337600000, 87.1], [1763424000000, 85.8], [1763510400000, 86.5], [1763596800000, 86.0], [1763683200000, 85.1], [1763942400000, 85.9], [1764028800000, 86.8], [1764115200000, 86.9], [1764201600000, 87.1], [1764288000000, 87.9], [1764547200000, 86.3], [1764633600000, 86.7], [1764720000000, 86.8], [1764806400000, 86.7], [1764892800000, 86.8], [1765152000000, 86.1], [1765238400000, 87.0], [1765324800000, 89.4], [1765411200000, 89.2], [1765497600000, 89.3], [1765756800000, 89.9], [1765843200000, 88.8], [1765929600000, 88.0], [1766016000000, 87.1], [1766102400000, 86.6], [1766361600000, 87.0], [1766448000000, 87.0], [1766534400000, 86.4], [1766707200000, 86.8], [1766966400000, 86.4], [1767052800000, 86.0], [1767139200000, 85.5], [1767312000000, 85.5], [1767571200000, 85.0], [1767657600000, 84.9], [1767744000000, 85.0], [1767830400000, 84.8], [1767916800000, 83.9], [1768176000000, 83.3], [1768262400000, 84.0], [1768348800000, 83.0], [1768435200000, 82.5], [1768521600000, 83.0], [1768780800000, 81.1], [1768867200000, 80.9], [1768953600000, 80.0], [1769040000000, 79.8], [1769126400000, 81.1], [1769385600000, 80.5], [1769472000000, 80.6], [1769558400000, 80.9], [1769644800000, 83.8], [1769731200000, 83.1], [1769990400000, 87.0], [1770076800000, 85.9], [1770163200000, 85.2], [1770249600000, 85.0], [1770336000000, 83.6], [1770595200000, 82.9], [1770681600000, 83.4], [1770768000000, 82.9], [1771804800000, 85.4], [1771891200000, 83.8], [1771977600000, 85.2], [1772064000000, 84.1], [1772409600000, 83.5], [1772496000000, 82.1], [1772582400000, 79.2], [1772668800000, 81.8], [1772755200000, 84.0], [1773014400000, 81.5], [1773100800000, 82.1], [1773187200000, 84.0], [1773273600000, 83.8], [1773360000000, 84.5], [1773619200000, 85.7], [1773705600000, 85.4], [1773792000000, 85.0], [1773878400000, 84.5], [1773964800000, 83.8]],