{"margin_balance": [[1764547200000, 0.0033720000000000004], [1765152000000, 0.007321999999999999], [1765756800000, 0.011396], [1766361600000, 0.01484], [1766966400000, 0.01456], [1767571200000, 0.026817999999999995], [1768176000000, 0.01744], [1768780800000, 0.100724], [1769385600000, 0.296367], [1769990400000, 0.2976], [1770595200000, 0.087606], [1771200000000, 0.084107], [1771804800000, 0.087216], [1771891200000, 0.085576], [1771977600000, 0.0828], [1772064000000, 0.086944], [1772409600000, 0.087626], [1772496000000, 0.087606], [1772582400000, 0.082926], [1772668800000, 0.088705], [1772755200000, 0.085715], [1773014400000, 0.079101], [1773100800000, 0.08058], [1773187200000, 0.08221200000000001], [1773273600000, 0.081375], [1773360000000, 0.0798], [1773619200000, 0.084214], [1773705600000, 0.0872], [1773792000000, 0.08586], [1773878400000, 0.08033200000000001], [1773964800000, 0.08208], [1774224000000, 0.079952], [1774310400000, 0.08023400000000001], [1774396800000, 0.07998], [1774483200000, 0.0819], [1774569600000, 0.07956], [1774828800000, 0.07746299999999999], [1774915200000, 0.074148], [1775001600000, 0.0756], [1775088000000, 0.07575], [1775520000000, 0.076104], [1775606400000, 0.076406], [1775692800000, 0.080445], [1775779200000, 0.078848], [1776038400000, 0.07998], [1776124800000, 0.0832], [1776211200000, 0.089784]], "closing_price": [[1606780800000, 78.0], [1609459200000, 74.0], [1612137600000, 78.7], [1614556800000, 77.7], [1617235200000, 75.2], [1619827200000, 63.8], [1622505600000, 63.0], [1625097600000, 64.3], [1627776000000, 59.0], [1630454400000, 56.8], [1633046400000, 57.7], [1635724800000, 50.2], [1638316800000, 49.7], [1640995200000, 49.1], [1643673600000, 47.3], [1646092800000, 44.45], [1648771200000, 42.0], [1750636800000, 43.3], [1751241600000, 44.0], [1751846400000, 42.35], [1752451200000, 43.0], [1753056000000, 44.5], [1753660800000, 43.2], [1754265600000, 43.65], [1754870400000, 45.05], [1755475200000, 46.7], [1756080000000, 47.8], [1756684800000, 47.5], [1757289600000, 46.1], [1757894400000, 45.85], [1758499200000, 44.9], [1759104000000, 43.8], [1759708800000, 44.05], [1760313600000, 43.7], [1760918400000, 43.55], [1761523200000, 43.25], [1762128000000, 43.8], [1762732800000, 56.6], [1763337600000, 61.9], [1763942400000, 56.9], [1764547200000, 56.2], [1765152000000, 52.3], [1765756800000, 51.8], [1766361600000, 53.0], [1766966400000, 52.0], [1767571200000, 58.3], [1768176000000, 54.5], [1768780800000, 59.6], [1769385600000, 66.9], [1769990400000, 64.0], [1770595200000, 55.8], [1771200000000, 55.7], [1771804800000, 55.2], [1771891200000, 56.3], [1771977600000, 55.2], [1772064000000, 57.2], [1772409600000, 56.9], [1772496000000, 55.8], [1772582400000, 54.2], [1772668800000, 56.5], [1772755200000, 55.3], [1773014400000, 51.7], [1773100800000, 51.0], [1773187200000, 52.7], [1773273600000, 52.5], [1773360000000, 52.5], [1773619200000, 53.3], [1773705600000, 54.5], [1773792000000, 54.0], [1773878400000, 53.2], [1773964800000, 54.0], [1774224000000, 52.6], [1774310400000, 52.1], [1774396800000, 51.6], [1774483200000, 52.5], [1774569600000, 52.0], [1774828800000, 51.3], [1774915200000, 50.1], [1775001600000, 50.4], [1775088000000, 50.5], [1775520000000, 50.4], [1775606400000, 50.6], [1775692800000, 51.9], [1775779200000, 51.2], [1776038400000, 51.6], [1776124800000, 52.0], [1776211200000, 52.2]], "margin_ratio": [[1764547200000, 0.02937282229965157], [1765152000000, 0.06378048780487804], [1765756800000, 0.09926829268292682], [1766361600000, 0.12926829268292683], [1766966400000, 0.12682926829268293], [1767571200000, 0.23360627177700344], [1768176000000, 0.1519163763066202], [1768780800000, 0.8773867595818814], [1769385600000, 2.581594076655052], [1769990400000, 2.592334494773519], [1770595200000, 0.7631184668989547], [1771200000000, 0.7326393728222996], [1771804800000, 0.7597212543554007], [1771891200000, 0.7454355400696864], [1771977600000, 0.7212543554006968], [1772064000000, 0.7573519163763065], [1772409600000, 0.7632926829268292], [1772496000000, 0.7631184668989547], [1772582400000, 0.7223519163763066], [1772668800000, 0.7726916376306621], [1772755200000, 0.7466463414634146], [1773014400000, 0.6890331010452961], [1773100800000, 0.7019163763066202], [1773187200000, 0.7161324041811846], [1773273600000, 0.7088414634146342], [1773360000000, 0.6951219512195121], [1773619200000, 0.7335714285714284], [1773705600000, 0.759581881533101], [1773792000000, 0.7479094076655053], [1773878400000, 0.6997560975609757], [1773964800000, 0.7149825783972126], [1774224000000, 0.6964459930313588], [1774310400000, 0.6989024390243903], [1774396800000, 0.6966898954703833], [1774483200000, 0.7134146341463414], [1774569600000, 0.6930313588850174], [1774828800000, 0.6747648083623692], [1774915200000, 0.6458885017421603], [1775001600000, 0.6585365853658537], [1775088000000, 0.6598432055749128], [1775520000000, 0.6629268292682927], [1775606400000, 0.6655574912891986], [1775692800000, 0.7007404181184669], [1775779200000, 0.686829268292683], [1776038400000, 0.6966898954703833], [1776124800000, 0.7247386759581881], [1776211200000, 0.7820905923344947]]}