{"margin_balance": [[1763337600000, 0.89352], [1763424000000, 0.18952600000000003], [1763510400000, 0.083664], [1763596800000, 0.07623], [1763683200000, 0.166896], [1763942400000, 0.201985], [1764028800000, 0.08976], [1764115200000, 0.060695], [1764201600000, 0.137], [1764288000000, 0.138305], [1764547200000, 0.03571200000000001], [1764633600000, 0.090545], [1764720000000, 0.270875], [1764806400000, 0.047775], [1764892800000, 0.031072], [1765152000000, 0.069083], [1765238400000, 0.24363899999999997], [1765324800000, 0.072457], [1765411200000, 0.08789], [1765497600000, 0.08303699999999999], [1765756800000, 0.0466], [1765843200000, 0.010043], [1765929600000, 0.08784], [1766016000000, 0.015385], [1766102400000, 0.014912], [1766361600000, 0.04545], [1766448000000, 0.01456], [1766534400000, 0.067379], [1766707200000, 0.02852], [1766966400000, 0.01656], [1767052800000, 0.070528], [1767139200000, 0.02883], [1767312000000, 0.028799], [1767571200000, 0.026796000000000004], [1767657600000, 0.02733], [1767744000000, 0.064255], [1767830400000, 0.02534], [1767916800000, 0.01844], [1768176000000, 0.03185], [1768262400000, 0.024435], [1768348800000, 0.038829], [1768435200000, 0.011856000000000002], [1768521600000, 0.02668], [1768780800000, 0.022875], [1768867200000, 0.017138]], "closing_price": [[1763337600000, 102.0], [1763424000000, 98.2], [1763510400000, 99.6], [1763596800000, 99.0], [1763683200000, 97.6], [1763942400000, 101.5], [1764028800000, 102.0], [1764115200000, 99.5], [1764201600000, 100.0], [1764288000000, 99.5], [1764547200000, 99.2], [1764633600000, 99.5], [1764720000000, 98.5], [1764806400000, 97.5], [1764892800000, 97.1], [1765152000000, 97.3], [1765238400000, 96.3], [1765324800000, 94.1], [1765411200000, 93.5], [1765497600000, 93.3], [1765756800000, 93.2], [1765843200000, 91.3], [1765929600000, 91.5], [1766016000000, 90.5], [1766102400000, 93.2], [1766361600000, 90.9], [1766448000000, 91.0], [1766534400000, 92.3], [1766707200000, 92.0], [1766966400000, 92.0], [1767052800000, 92.8], [1767139200000, 93.0], [1767312000000, 92.9], [1767571200000, 92.4], [1767657600000, 91.1], [1767744000000, 90.5], [1767830400000, 90.5], [1767916800000, 92.2], [1768176000000, 91.0], [1768262400000, 90.5], [1768348800000, 90.3], [1768435200000, 91.2], [1768521600000, 92.0], [1768780800000, 91.5], [1768867200000, 90.2]], "margin_ratio": [[1763337600000, 3.239738941261784], [1763424000000, 0.68718636693256], [1763510400000, 0.3033502538071066], [1763596800000, 0.27639593908629445], [1763683200000, 0.6051341551849166], [1763942400000, 0.7323604060913705], [1764028800000, 0.32545322697606965], [1764115200000, 0.2200688905003626], [1764201600000, 0.49673676577229886], [1764288000000, 0.5014684554024657], [1764547200000, 0.12948513415518495], [1764633600000, 0.3282994923857868], [1764720000000, 0.9821428571428571], [1764806400000, 0.1732233502538071], [1764892800000, 0.11266134880348079], [1765152000000, 0.2504822335025381], [1765238400000, 0.8833901377810007], [1765324800000, 0.26271573604060916], [1765411200000, 0.31867295141406815], [1765497600000, 0.3010768672951414], [1765756800000, 0.16896301667875274], [1765843200000, 0.0364140681653372], [1765929600000, 0.3184916606236403], [1766016000000, 0.05578317621464829], [1766102400000, 0.05406816533720087], [1766361600000, 0.16479332849891226], [1766448000000, 0.05279187817258884], [1766534400000, 0.24430384336475708], [1766707200000, 0.10340826686004352], [1766966400000, 0.06004350978970268], [1767052800000, 0.2557215373459028], [1767139200000, 0.10453226976069618], [1767312000000, 0.10441986947063091], [1767571200000, 0.0971573604060914], [1767657600000, 0.09909354604786078], [1767744000000, 0.23297679477882527], [1767830400000, 0.09187817258883249], [1767916800000, 0.06686004350978972], [1768176000000, 0.1154822335025381], [1768262400000, 0.08859680928208846], [1768348800000, 0.14078680203045688], [1768435200000, 0.04298767222625092], [1768521600000, 0.09673676577229877], [1768780800000, 0.08294053662073968], [1768867200000, 0.06213923132704859]]}