{"margin_balance": [[1764201600000, 285.1733], [1764288000000, 244.5521], [1764547200000, 231.66325], [1764633600000, 159.2679], [1764720000000, 236.7828], [1764806400000, 150.9826], [1764892800000, 137.4], [1765152000000, 134.6889], [1765238400000, 79.19515], [1765324800000, 195.041], [1765411200000, 184.5], [1765497600000, 102.6093], [1765756800000, 85.3254], [1765843200000, 156.5832], [1765929600000, 137.49645], [1766016000000, 110.8646], [1766102400000, 96.292], [1766361600000, 64.81265], [1766448000000, 85.008], [1766534400000, 70.7766], [1766707200000, 114.7223], [1766966400000, 106.488], [1767052800000, 107.8224], [1767139200000, 103.86675], [1767312000000, 147.03745], [1767571200000, 182.5032], [1767657600000, 362.181], [1767744000000, 139.682], [1767830400000, 391.8378], [1767916800000, 159.3072], [1768176000000, 211.52], [1768262400000, 162.0928], [1768348800000, 129.72], [1768435200000, 144.6626], [1768521600000, 104.90465], [1768780800000, 107.765], [1768867200000, 74.365], [1768953600000, 116.2437], [1769040000000, 150.048], [1769126400000, 100.1424], [1769385600000, 99.0688], [1769472000000, 116.23225], [1769558400000, 200.9394], [1769644800000, 119.95995], [1769731200000, 100.3749], [1769990400000, 148.3421], [1770076800000, 140.4366], [1770163200000, 184.49], [1770249600000, 208.7625], [1770336000000, 141.35905], [1770595200000, 131.5491], [1770681600000, 182.748], [1770768000000, 412.1097], [1771804800000, 264.2244], [1771891200000, 197.868], [1771977600000, 216.9005], [1772064000000, 389.3312], [1772409600000, 1065.5736], [1772496000000, 631.1408], [1772582400000, 449.9145], [1772668800000, 225.3438], [1772755200000, 179.8348], [1773014400000, 300.1188], [1773100800000, 210.0856], [1773187200000, 229.0968], [1773273600000, 211.13295], [1773360000000, 1104.345], [1773619200000, 279.2505], [1773705600000, 272.6196], [1773792000000, 289.12845], [1773878400000, 530.5245], [1773964800000, 279.136], [1774224000000, 286.26], [1774310400000, 612.56475], [1774396800000, 179.5255], [1774483200000, 168.45735], [1774569600000, 224.0043]], "closing_price": [[1764201600000, 2710.0], [1764288000000, 2990.0], [1764547200000, 2975.0], [1764633600000, 2890.0], [1764720000000, 2920.0], [1764806400000, 3070.0], [1764892800000, 3000.0], [1765152000000, 2955.0], [1765238400000, 2965.0], [1765324800000, 2980.0], [1765411200000, 3125.0], [1765497600000, 3165.0], [1765756800000, 3105.0], [1765843200000, 3180.0], [1765929600000, 3185.0], [1766016000000, 3220.0], [1766102400000, 3325.0], [1766361600000, 3295.0], [1766448000000, 3300.0], [1766534400000, 3295.0], [1766707200000, 3290.0], [1766966400000, 3400.0], [1767052800000, 3360.0], [1767139200000, 3445.0], [1767312000000, 3395.0], [1767571200000, 3410.0], [1767657600000, 3335.0], [1767744000000, 3310.0], [1767830400000, 3310.0], [1767916800000, 3120.0], [1768176000000, 3305.0], [1768262400000, 3440.0], [1768348800000, 3450.0], [1768435200000, 3460.0], [1768521600000, 3505.0], [1768780800000, 3500.0], [1768867200000, 3475.0], [1768953600000, 3495.0], [1769040000000, 3600.0], [1769126400000, 3720.0], [1769385600000, 3730.0], [1769472000000, 3775.0], [1769558400000, 3810.0], [1769644800000, 3795.0], [1769731200000, 3765.0], [1769990400000, 3730.0], [1770076800000, 3810.0], [1770163200000, 3800.0], [1770249600000, 3750.0], [1770336000000, 3665.0], [1770595200000, 3765.0], [1770681600000, 3880.0], [1770768000000, 4065.0], [1771804800000, 4440.0], [1771891200000, 4400.0], [1771977600000, 4610.0], [1772064000000, 4790.0], [1772409600000, 4760.0], [1772496000000, 4330.0], [1772582400000, 4050.0], [1772668800000, 4180.0], [1772755200000, 4190.0], [1773014400000, 3830.0], [1773100800000, 4195.0], [1773187200000, 4230.0], [1773273600000, 4315.0], [1773360000000, 4365.0], [1773619200000, 3995.0], [1773705600000, 4180.0], [1773792000000, 4355.0], [1773878400000, 4345.0], [1773964800000, 4160.0], [1774224000000, 3900.0], [1774310400000, 4005.0], [1774396800000, 3850.0], [1774483200000, 3935.0], [1774569600000, 3705.0]], "margin_ratio": [[1764201600000, 4.272003175839649], [1764288000000, 3.6634823381370403], [1764547200000, 3.4704025226952693], [1764633600000, 2.385892980195943], [1764720000000, 3.5470953051502536], [1764806400000, 2.2617760733439196], [1764892800000, 2.0583036222548463], [1765152000000, 2.017690325673368], [1765238400000, 1.186373101237379], [1765324800000, 2.9217874584294576], [1765411200000, 2.7638793180932977], [1765497600000, 1.5371258651166972], [1765756800000, 1.2782065494202597], [1765843200000, 2.3456751655331516], [1765929600000, 2.0597484794918657], [1766016000000, 1.6607933606974865], [1766102400000, 1.4424903376576685], [1766361600000, 0.9709178476196184], [1766448000000, 1.2734517781705965], [1766534400000, 1.060260059322288], [1766707200000, 1.7185831560655542], [1766966400000, 1.5952302483746295], [1767052800000, 1.6152200617191481], [1767139200000, 1.555962938550499], [1767312000000, 2.202676244120203], [1767571200000, 2.7339665038799175], [1767657600000, 5.425607454234952], [1767744000000, 2.092488839620098], [1767830400000, 5.86987746052671], [1767916800000, 2.386481708961261], [1768176000000, 3.168649069718669], [1768262400000, 2.4282110435329725], [1768348800000, 1.9432543368187676], [1768435200000, 2.16710009887048], [1768521600000, 1.571511070497648], [1768780800000, 1.614360188153519], [1768867200000, 1.114015639512239], [1768953600000, 1.7413742996674357], [1769040000000, 2.2477754142073882], [1769126400000, 1.5001707762830692], [1769385600000, 1.4840878449231507], [1769472000000, 1.7412027743655811], [1769558400000, 3.0101477065044793], [1769644800000, 1.797045120891632], [1769731200000, 1.503653713635138], [1769990400000, 2.222220391287413], [1770076800000, 2.1037930311292206], [1770163200000, 2.76372951433622], [1770249600000, 3.127340683704347], [1770336000000, 2.117611678700902], [1770595200000, 1.9706549420259463], [1770681600000, 2.7376336998531925], [1770768000000, 6.173558138838122], [1771804800000, 3.9581807831740425], [1771891200000, 2.9641369805554723], [1771977600000, 3.249250981214609], [1772064000000, 5.832327650777482], [1772409600000, 15.96269287233724], [1772496000000, 9.454726308535818], [1772582400000, 6.7398882463972205], [1772668800000, 3.3757347874284687], [1772755200000, 2.693992869341163], [1773014400000, 4.495892380980916], [1773100800000, 3.1471612188033675], [1773187200000, 3.4319561374599274], [1773273600000, 3.1628509153009556], [1773360000000, 16.54350301105552], [1773619200000, 4.183277406597358], [1773705600000, 4.083944033316356], [1773792000000, 4.331252808820445], [1773878400000, 7.947456332204812], [1773964800000, 4.181562153578812], [1774224000000, 4.288282350121341], [1774310400000, 9.176450100368518], [1774396800000, 2.6893594391347335], [1774483200000, 2.523554393744195], [1774569600000, 3.35566857416784]]}