{"margin_balance": [[1764201600000, 285.1733], [1764288000000, 244.5521], [1764547200000, 231.66325], [1764633600000, 159.2679], [1764720000000, 236.7828], [1764806400000, 150.9826], [1764892800000, 137.4], [1765152000000, 134.6889], [1765238400000, 79.19515], [1765324800000, 195.041], [1765411200000, 184.5], [1765497600000, 102.6093], [1765756800000, 85.3254], [1765843200000, 156.5832], [1765929600000, 137.49645], [1766016000000, 110.8646], [1766102400000, 96.292], [1766361600000, 64.81265], [1766448000000, 85.008], [1766534400000, 70.7766], [1766707200000, 114.7223], [1766966400000, 106.488], [1767052800000, 107.8224], [1767139200000, 103.86675], [1767312000000, 147.03745], [1767571200000, 182.5032], [1767657600000, 362.181], [1767744000000, 139.682], [1767830400000, 391.8378], [1767916800000, 159.3072], [1768176000000, 211.52], [1768262400000, 162.0928], [1768348800000, 129.72], [1768435200000, 144.6626], [1768521600000, 104.90465], [1768780800000, 107.765], [1768867200000, 74.365], [1768953600000, 116.2437]], "closing_price": [[1764201600000, 2710.0], [1764288000000, 2990.0], [1764547200000, 2975.0], [1764633600000, 2890.0], [1764720000000, 2920.0], [1764806400000, 3070.0], [1764892800000, 3000.0], [1765152000000, 2955.0], [1765238400000, 2965.0], [1765324800000, 2980.0], [1765411200000, 3125.0], [1765497600000, 3165.0], [1765756800000, 3105.0], [1765843200000, 3180.0], [1765929600000, 3185.0], [1766016000000, 3220.0], [1766102400000, 3325.0], [1766361600000, 3295.0], [1766448000000, 3300.0], [1766534400000, 3295.0], [1766707200000, 3290.0], [1766966400000, 3400.0], [1767052800000, 3360.0], [1767139200000, 3445.0], [1767312000000, 3395.0], [1767571200000, 3410.0], [1767657600000, 3335.0], [1767744000000, 3310.0], [1767830400000, 3310.0], [1767916800000, 3120.0], [1768176000000, 3305.0], [1768262400000, 3440.0], [1768348800000, 3450.0], [1768435200000, 3460.0], [1768521600000, 3505.0], [1768780800000, 3500.0], [1768867200000, 3475.0], [1768953600000, 3495.0]], "margin_ratio": [[1764201600000, 4.433319860085503], [1764288000000, 3.801820443062573], [1764547200000, 3.6014496696463274], [1764633600000, 2.475987563155849], [1764720000000, 3.6810384764865915], [1764806400000, 2.347183832102604], [1764892800000, 2.1360279828993396], [1765152000000, 2.093881072677808], [1765238400000, 1.2311721725612126], [1765324800000, 3.0321181500194325], [1765411200000, 2.868247182277497], [1765497600000, 1.5951698406529344], [1765756800000, 1.3264733773804898], [1765843200000, 2.434251068791294], [1765929600000, 2.13752739992227], [1766016000000, 1.7235071900505248], [1766102400000, 1.4969607462106491], [1766361600000, 1.00758103381267], [1766448000000, 1.321539059463661], [1766534400000, 1.1002969296541003], [1766707200000, 1.7834792071511854], [1766966400000, 1.6554683249125532], [1767052800000, 1.6762129809560826], [1767139200000, 1.6147182277497083], [1767312000000, 2.2858523124757095], [1767571200000, 2.837204819277108], [1767657600000, 5.63048581422464], [1767744000000, 2.1715040808394868], [1767830400000, 6.091532063738827], [1767916800000, 2.476598523124757], [1768176000000, 3.288301593470657], [1768262400000, 2.5199036144578315], [1768348800000, 2.0166342790516905], [1768435200000, 2.2489327633113096], [1768521600000, 1.6308534784298483], [1768780800000, 1.6753206373882625], [1768867200000, 1.1560823940924991], [1768953600000, 1.8071309755149632]]}