{"margin_balance": [[1766361600000, 0.138725], [1766966400000, 0.4746], [1767571200000, 0.726], [1768176000000, 2.0111], [1768780800000, 2.016875], [1769385600000, 2.2866], [1769990400000, 1.71842], [1770595200000, 2.00298], [1771200000000, 1.989975], [1771804800000, 2.02016], [1771891200000, 2.08608], [1771977600000, 2.04974], [1772064000000, 2.21188], [1772409600000, 2.2784], [1772496000000, 2.29558], [1772582400000, 2.12265], [1772668800000, 2.1648], [1772755200000, 2.097025], [1773014400000, 2.00448], [1773100800000, 2.099355], [1773187200000, 2.111945], [1773273600000, 2.09076], [1773360000000, 2.018885], [1773619200000, 1.95965], [1773705600000, 2.03287], [1773792000000, 2.34465], [1773878400000, 2.42676], [1773964800000, 2.366], [1774224000000, 2.15061], [1774310400000, 2.10838], [1774396800000, 2.12779], [1774483200000, 2.20133], [1774569600000, 2.18868], [1774828800000, 2.109], [1774915200000, 1.98369], [1775001600000, 2.0448], [1775088000000, 2.04835], [1775520000000, 2.06259], [1775606400000, 2.16513], [1775692800000, 2.14775], [1775779200000, 2.20887], [1776038400000, 2.235765], [1776124800000, 2.339195], [1776211200000, 2.32183]], "closing_price": [[1750636800000, 691.0], [1751241600000, 670.0], [1751846400000, 585.0], [1752451200000, 569.0], [1753056000000, 541.0], [1753660800000, 565.0], [1754265600000, 532.0], [1754870400000, 590.0], [1755475200000, 634.0], [1756080000000, 650.0], [1756684800000, 629.0], [1757289600000, 610.0], [1757894400000, 599.0], [1758499200000, 535.0], [1759104000000, 510.0], [1759708800000, 485.5], [1760313600000, 537.0], [1760918400000, 505.0], [1761523200000, 501.0], [1762128000000, 482.5], [1762732800000, 487.0], [1763337600000, 459.0], [1763942400000, 403.5], [1764547200000, 445.0], [1765152000000, 455.0], [1765756800000, 423.0], [1766361600000, 447.5], [1766966400000, 420.0], [1767571200000, 440.0], [1768176000000, 455.0], [1768780800000, 437.5], [1769385600000, 444.0], [1769990400000, 401.5], [1770595200000, 399.0], [1771200000000, 422.5], [1771804800000, 428.0], [1771891200000, 424.0], [1771977600000, 423.5], [1772064000000, 457.0], [1772409600000, 445.0], [1772496000000, 431.5], [1772582400000, 400.5], [1772668800000, 410.0], [1772755200000, 402.5], [1773014400000, 384.0], [1773100800000, 404.5], [1773187200000, 408.5], [1773273600000, 399.0], [1773360000000, 390.5], [1773619200000, 385.0], [1773705600000, 395.5], [1773792000000, 435.0], [1773878400000, 428.0], [1773964800000, 422.5], [1774224000000, 399.0], [1774310400000, 389.0], [1774396800000, 395.5], [1774483200000, 391.0], [1774569600000, 396.5], [1774828800000, 380.0], [1774915200000, 355.5], [1775001600000, 360.0], [1775088000000, 355.0], [1775520000000, 349.0], [1775606400000, 364.5], [1775692800000, 355.0], [1775779200000, 364.5], [1776038400000, 374.5], [1776124800000, 398.5], [1776211200000, 404.5]], "margin_ratio": [[1766361600000, 0.07377812051268413], [1766966400000, 0.25240653087273307], [1767571200000, 0.38610859969153855], [1768176000000, 1.0695633675477316], [1768780800000, 1.0726346859543692], [1769385600000, 1.2160825400202095], [1769990400000, 0.9139073552092751], [1770595200000, 1.0652449077274904], [1771200000000, 1.0583284582247514], [1771804800000, 1.0743817475934692], [1771891200000, 1.109439982981439], [1771977600000, 1.090113279795777], [1772064000000, 1.1763442003935543], [1772409600000, 1.2117215337977982], [1772496000000, 1.2208583736637773], [1772582400000, 1.1288890070733395], [1772668800000, 1.1513056427165878], [1772755200000, 1.1152608626283038], [1773014400000, 1.0660426527681752], [1773100800000, 1.1165000265915013], [1773187200000, 1.1231957666329841], [1773273600000, 1.1119289475083762], [1773360000000, 1.0737036643088869], [1773619200000, 1.0422007126522363], [1773705600000, 1.0811413072382066], [1773792000000, 1.246955273094719], [1773878400000, 1.2906238366218155], [1773964800000, 1.258309844173802], [1774224000000, 1.1437589746317078], [1774310400000, 1.1212997925862893], [1774396800000, 1.1316226134127532], [1774483200000, 1.1707333936074031], [1774569600000, 1.164005743764293], [1774828800000, 1.1216295272031058], [1774915200000, 1.054985906504281], [1775001600000, 1.087486039461788], [1775088000000, 1.089374036058076], [1775520000000, 1.0969472956443123], [1775606400000, 1.1514811466255386], [1775692800000, 1.142237940754135], [1775779200000, 1.174743392011913], [1776038400000, 1.189046960591395], [1776124800000, 1.244054140296761], [1776211200000, 1.2348189118757644]]}