{"margin_balance": [[1766361600000, 14.4613], [1766448000000, 11.865], [1766534400000, 4.7428], [1766707200000, 7.50891], [1766966400000, 11.9972], [1767052800000, 5.43165], [1767139200000, 7.38514], [1767312000000, 30.06021], [1767571200000, 9.32756], [1767657600000, 6.10344], [1767744000000, 3.0191], [1767830400000, 4.5152], [1767916800000, 2.52882], [1768176000000, 4.8764], [1768262400000, 8.15262], [1768348800000, 4.43486], [1768435200000, 2.85498], [1768521600000, 2.7192], [1768780800000, 5.06499], [1768867200000, 9.52956], [1768953600000, 6.1124], [1769040000000, 5.44236], [1769126400000, 3.77784], [1769385600000, 2.85428], [1769472000000, 8.22081], [1769558400000, 1.08672], [1769644800000, 4.6656], [1769731200000, 3.2091], [1769990400000, 2.33987], [1770076800000, 7.06176], [1770163200000, 4.624], [1770249600000, 1.83141], [1770336000000, 2.53266], [1770595200000, 1.1058], [1770681600000, 4.63166], [1770768000000, 13.8417], [1771804800000, 19.96576], [1771891200000, 7.29015], [1771977600000, 7.7814], [1772064000000, 5.70657], [1772409600000, 3.47011], [1772496000000, 3.1248], [1772582400000, 3.07296], [1772668800000, 2.01335], [1772755200000, 1.16725], [1773014400000, 2.1888], [1773100800000, 1.18125], [1773187200000, 10.35118], [1773273600000, 4.67116], [1773360000000, 4.91579], [1773619200000, 3.80256], [1773705600000, 4.51554], [1773792000000, 4.13055], [1773878400000, 4.26682], [1773964800000, 3.36449], [1774224000000, 2.62908], [1774310400000, 2.27106], [1774396800000, 1.89864], [1774483200000, 6.20576], [1774569600000, 4.4933], [1774828800000, 3.90216], [1774915200000, 3.4237], [1775001600000, 3.03252], [1775088000000, 2.8496]], "closing_price": [[1766361600000, 730.0], [1766448000000, 678.0], [1766534400000, 668.0], [1766707200000, 687.0], [1766966400000, 712.0], [1767052800000, 739.0], [1767139200000, 749.0], [1767312000000, 769.0], [1767571200000, 731.0], [1767657600000, 692.0], [1767744000000, 665.0], [1767830400000, 680.0], [1767916800000, 669.0], [1768176000000, 668.0], [1768262400000, 658.0], [1768348800000, 622.0], [1768435200000, 622.0], [1768521600000, 618.0], [1768780800000, 623.0], [1768867200000, 618.0], [1768953600000, 590.0], [1769040000000, 589.0], [1769126400000, 583.0], [1769385600000, 572.0], [1769472000000, 591.0], [1769558400000, 566.0], [1769644800000, 576.0], [1769731200000, 563.0], [1769990400000, 533.0], [1770076800000, 576.0], [1770163200000, 578.0], [1770249600000, 567.0], [1770336000000, 573.0], [1770595200000, 570.0], [1770681600000, 569.0], [1770768000000, 645.0], [1771804800000, 688.0], [1771891200000, 655.0], [1771977600000, 660.0], [1772064000000, 669.0], [1772409600000, 623.0], [1772496000000, 630.0], [1772582400000, 582.0], [1772668800000, 601.0], [1772755200000, 575.0], [1773014400000, 576.0], [1773100800000, 625.0], [1773187200000, 691.0], [1773273600000, 676.0], [1773360000000, 667.0], [1773619200000, 699.0], [1773705600000, 699.0], [1773792000000, 685.0], [1773878400000, 673.0], [1773964800000, 661.0], [1774224000000, 654.0], [1774310400000, 666.0], [1774396800000, 648.0], [1774483200000, 656.0], [1774569600000, 686.0], [1774828800000, 687.0], [1774915200000, 670.0], [1775001600000, 683.0], [1775088000000, 685.0]], "margin_ratio": [[1766361600000, 6.318013019354275], [1766448000000, 5.183712700423785], [1766534400000, 2.072087028703744], [1766707200000, 3.2805758224474646], [1766966400000, 5.241469701603391], [1767052800000, 2.3730394512648], [1767139200000, 3.226501813097995], [1767312000000, 13.133037703700467], [1767571200000, 4.075127790641794], [1767657600000, 2.6665385119489713], [1767744000000, 1.319017868845297], [1767830400000, 1.9726506182008825], [1767916800000, 1.1048189086460747], [1768176000000, 2.1304556773996244], [1768262400000, 3.5618069815195073], [1768348800000, 1.9375507885884047], [1768435200000, 1.2473153042946394], [1768521600000, 1.1879942330377038], [1768780800000, 2.212848966752589], [1768867200000, 4.1633797894184985], [1768953600000, 2.670453056053126], [1769040000000, 2.3777185547642974], [1769126400000, 1.6505046092009263], [1769385600000, 1.2470094805365024], [1769472000000, 3.591598584472891], [1769558400000, 0.47477827777535053], [1769644800000, 2.0383590370920532], [1769731200000, 1.4020271746253659], [1769990400000, 1.0222683385032112], [1770076800000, 3.0852199746603173], [1770163200000, 2.0201843680370484], [1770249600000, 0.8001266984140853], [1770336000000, 1.106496570404998], [1770595200000, 0.48311415964000176], [1770681600000, 2.0235309537332347], [1770768000000, 6.0473153042946395], [1771804800000, 8.722862510376164], [1771891200000, 3.1850015291187908], [1771977600000, 3.3996242736685742], [1772064000000, 2.4931495478177292], [1772409600000, 1.5160601162130283], [1772496000000, 1.3651972563239987], [1772582400000, 1.3425488225785314], [1772668800000, 0.8796146620647473], [1772755200000, 0.5099611166936082], [1773014400000, 0.9562672025863953], [1773100800000, 0.5160775918563503], [1773187200000, 4.5223382410765], [1773273600000, 2.0407881515138278], [1773360000000, 2.147664817161082], [1773619200000, 1.6613045567739964], [1773705600000, 1.9727991611691205], [1773792000000, 1.8046004631045485], [1773878400000, 1.8641356109921798], [1773964800000, 1.469915680020971], [1774224000000, 1.148621608632968], [1774310400000, 0.9922058630783345], [1774396800000, 0.8294988859277383], [1774483200000, 2.7112412075669536], [1774569600000, 1.963082703482022], [1774828800000, 1.7048189086460748], [1774915200000, 1.4957840010485386], [1775001600000, 1.324880947179868], [1775088000000, 1.2449648302678145]]}