{"margin_balance": [[1766361600000, 14.4613], [1766448000000, 11.865], [1766534400000, 4.7428], [1766707200000, 7.50891], [1766966400000, 11.9972], [1767052800000, 5.43165], [1767139200000, 7.38514], [1767312000000, 30.06021], [1767571200000, 9.32756], [1767657600000, 6.10344], [1767744000000, 3.0191], [1767830400000, 4.5152], [1767916800000, 2.52882], [1768176000000, 4.8764], [1768262400000, 8.15262], [1768348800000, 4.43486], [1768435200000, 2.85498], [1768521600000, 2.7192], [1768780800000, 5.06499], [1768867200000, 9.52956], [1768953600000, 6.1124], [1769040000000, 5.44236], [1769126400000, 3.77784], [1769385600000, 2.85428], [1769472000000, 8.22081], [1769558400000, 1.08672], [1769644800000, 4.6656], [1769731200000, 3.2091], [1769990400000, 2.33987], [1770076800000, 7.06176], [1770163200000, 4.624], [1770249600000, 1.83141], [1770336000000, 2.53266], [1770595200000, 1.1058], [1770681600000, 4.63166], [1770768000000, 13.8417], [1771804800000, 19.96576], [1771891200000, 7.29015], [1771977600000, 7.7814], [1772064000000, 5.70657], [1772409600000, 3.47011], [1772496000000, 3.1248], [1772582400000, 3.07296], [1772668800000, 2.01335], [1772755200000, 1.16725], [1773014400000, 2.1888], [1773100800000, 1.18125], [1773187200000, 10.35118], [1773273600000, 4.67116], [1773360000000, 4.91579], [1773619200000, 3.80256], [1773705600000, 4.51554], [1773792000000, 4.13055], [1773878400000, 4.26682], [1773964800000, 3.36449], [1774224000000, 2.62908], [1774310400000, 2.27106], [1774396800000, 1.89864], [1774483200000, 6.20576], [1774569600000, 4.4933], [1774828800000, 3.90216], [1774915200000, 3.4237], [1775001600000, 3.03252], [1775088000000, 2.8496], [1775520000000, 3.2332], [1775606400000, 4.4517]], "closing_price": [[1766361600000, 730.0], [1766448000000, 678.0], [1766534400000, 668.0], [1766707200000, 687.0], [1766966400000, 712.0], [1767052800000, 739.0], [1767139200000, 749.0], [1767312000000, 769.0], [1767571200000, 731.0], [1767657600000, 692.0], [1767744000000, 665.0], [1767830400000, 680.0], [1767916800000, 669.0], [1768176000000, 668.0], [1768262400000, 658.0], [1768348800000, 622.0], [1768435200000, 622.0], [1768521600000, 618.0], [1768780800000, 623.0], [1768867200000, 618.0], [1768953600000, 590.0], [1769040000000, 589.0], [1769126400000, 583.0], [1769385600000, 572.0], [1769472000000, 591.0], [1769558400000, 566.0], [1769644800000, 576.0], [1769731200000, 563.0], [1769990400000, 533.0], [1770076800000, 576.0], [1770163200000, 578.0], [1770249600000, 567.0], [1770336000000, 573.0], [1770595200000, 570.0], [1770681600000, 569.0], [1770768000000, 645.0], [1771804800000, 688.0], [1771891200000, 655.0], [1771977600000, 660.0], [1772064000000, 669.0], [1772409600000, 623.0], [1772496000000, 630.0], [1772582400000, 582.0], [1772668800000, 601.0], [1772755200000, 575.0], [1773014400000, 576.0], [1773100800000, 625.0], [1773187200000, 691.0], [1773273600000, 676.0], [1773360000000, 667.0], [1773619200000, 699.0], [1773705600000, 699.0], [1773792000000, 685.0], [1773878400000, 673.0], [1773964800000, 661.0], [1774224000000, 654.0], [1774310400000, 666.0], [1774396800000, 648.0], [1774483200000, 656.0], [1774569600000, 686.0], [1774828800000, 687.0], [1774915200000, 670.0], [1775001600000, 683.0], [1775088000000, 685.0], [1775520000000, 685.0], [1775606400000, 710.0]], "margin_ratio": [[1766361600000, 6.272522229451312], [1766448000000, 5.146389069616135], [1766534400000, 2.0571676425937975], [1766707200000, 3.2569551073519847], [1766966400000, 5.203730210366515], [1767052800000, 2.355953155497723], [1767139200000, 3.2032704402515724], [1767312000000, 13.038477553675992], [1767571200000, 4.0457861635220125], [1767657600000, 2.647338972023422], [1767744000000, 1.3095207113424419], [1767830400000, 1.9584471914985901], [1767916800000, 1.0968640208197786], [1768176000000, 2.1151160268922142], [1768262400000, 3.536161353285622], [1768348800000, 1.9236000867490781], [1768435200000, 1.2383344176968119], [1768521600000, 1.1794404684450228], [1768780800000, 2.196916070266753], [1768867200000, 4.1334027325959655], [1768953600000, 2.6512253307308606], [1769040000000, 2.3605985686402082], [1769126400000, 1.6386206896551723], [1769385600000, 1.2380307959227934], [1769472000000, 3.5657384515289525], [1769558400000, 0.471359791802212], [1769644800000, 2.023682498373455], [1769731200000, 1.3919323357189328], [1769990400000, 1.0149078291043157], [1770076800000, 3.0630058555627846], [1770163200000, 2.0056386900889174], [1770249600000, 0.7943656473649967], [1770336000000, 1.0985296031229668], [1770595200000, 0.47963565387117757], [1770681600000, 2.0089611797874647], [1770768000000, 6.00377358490566], [1771804800000, 8.660056386900889], [1771891200000, 3.162068965517241], [1771977600000, 3.3751463890696156], [1772064000000, 2.475198438516591], [1772409600000, 1.5051442203426588], [1772496000000, 1.3553675992192582], [1772582400000, 1.33288223812622], [1772668800000, 0.8732812838863586], [1772755200000, 0.5062893081761005], [1773014400000, 0.9493819128171763], [1773100800000, 0.5123617436564736], [1773187200000, 4.4897766211234], [1773273600000, 2.026094122749946], [1773360000000, 2.1322012578616354], [1773619200000, 1.6493428757319455], [1773705600000, 1.958594664931685], [1773792000000, 1.7916070266753417], [1773878400000, 1.8507135111689437], [1773964800000, 1.459332032097159], [1774224000000, 1.1403513337670788], [1774310400000, 0.9850618087182822], [1774396800000, 0.8235263500325308], [1774483200000, 2.6917198004771197], [1774569600000, 1.948948167425721], [1774828800000, 1.6925439167208849], [1774915200000, 1.4850140967252223], [1775001600000, 1.3153415744957708], [1775088000000, 1.236000867490783], [1775520000000, 1.4023855996530037], [1775606400000, 1.9309043591411839]]}