{"margin_balance": [[1764201600000, 285.1733], [1764288000000, 244.5521], [1764547200000, 231.66325], [1764633600000, 159.2679], [1764720000000, 236.7828], [1764806400000, 150.9826], [1764892800000, 137.4], [1765152000000, 134.6889], [1765238400000, 79.19515], [1765324800000, 195.041], [1765411200000, 184.5], [1765497600000, 102.6093], [1765756800000, 85.3254], [1765843200000, 156.5832], [1765929600000, 137.49645], [1766016000000, 110.8646], [1766102400000, 96.292], [1766361600000, 64.81265], [1766448000000, 85.008], [1766534400000, 70.7766], [1766707200000, 114.7223], [1766966400000, 106.488], [1767052800000, 107.8224], [1767139200000, 103.86675], [1767312000000, 147.03745], [1767571200000, 182.5032], [1767657600000, 362.181], [1767744000000, 139.682], [1767830400000, 391.8378], [1767916800000, 159.3072], [1768176000000, 211.52], [1768262400000, 162.0928], [1768348800000, 129.72], [1768435200000, 144.6626], [1768521600000, 104.90465], [1768780800000, 107.765], [1768867200000, 74.365], [1768953600000, 116.2437], [1769040000000, 150.048], [1769126400000, 100.1424], [1769385600000, 99.0688], [1769472000000, 116.23225], [1769558400000, 200.9394], [1769644800000, 119.95995], [1769731200000, 100.3749], [1769990400000, 148.3421], [1770076800000, 140.4366], [1770163200000, 184.49], [1770249600000, 208.7625], [1770336000000, 141.35905], [1770595200000, 131.5491], [1770681600000, 182.748], [1770768000000, 412.1097], [1771804800000, 264.2244], [1771891200000, 197.868], [1771977600000, 216.9005], [1772064000000, 389.3312], [1772409600000, 1065.5736], [1772496000000, 631.1408], [1772582400000, 449.9145], [1772668800000, 225.3438], [1772755200000, 179.8348], [1773014400000, 300.1188], [1773100800000, 210.0856], [1773187200000, 229.0968], [1773273600000, 211.13295], [1773360000000, 1104.345], [1773619200000, 279.2505], [1773705600000, 272.6196], [1773792000000, 289.12845], [1773878400000, 530.5245], [1773964800000, 279.136], [1774224000000, 286.26], [1774310400000, 612.56475], [1774396800000, 179.5255], [1774483200000, 168.45735], [1774569600000, 224.0043], [1774828800000, 246.23735], [1774915200000, 360.70125], [1775001600000, 278.5178], [1775088000000, 278.32], [1775520000000, 220.2518]], "closing_price": [[1764201600000, 2710.0], [1764288000000, 2990.0], [1764547200000, 2975.0], [1764633600000, 2890.0], [1764720000000, 2920.0], [1764806400000, 3070.0], [1764892800000, 3000.0], [1765152000000, 2955.0], [1765238400000, 2965.0], [1765324800000, 2980.0], [1765411200000, 3125.0], [1765497600000, 3165.0], [1765756800000, 3105.0], [1765843200000, 3180.0], [1765929600000, 3185.0], [1766016000000, 3220.0], [1766102400000, 3325.0], [1766361600000, 3295.0], [1766448000000, 3300.0], [1766534400000, 3295.0], [1766707200000, 3290.0], [1766966400000, 3400.0], [1767052800000, 3360.0], [1767139200000, 3445.0], [1767312000000, 3395.0], [1767571200000, 3410.0], [1767657600000, 3335.0], [1767744000000, 3310.0], [1767830400000, 3310.0], [1767916800000, 3120.0], [1768176000000, 3305.0], [1768262400000, 3440.0], [1768348800000, 3450.0], [1768435200000, 3460.0], [1768521600000, 3505.0], [1768780800000, 3500.0], [1768867200000, 3475.0], [1768953600000, 3495.0], [1769040000000, 3600.0], [1769126400000, 3720.0], [1769385600000, 3730.0], [1769472000000, 3775.0], [1769558400000, 3810.0], [1769644800000, 3795.0], [1769731200000, 3765.0], [1769990400000, 3730.0], [1770076800000, 3810.0], [1770163200000, 3800.0], [1770249600000, 3750.0], [1770336000000, 3665.0], [1770595200000, 3765.0], [1770681600000, 3880.0], [1770768000000, 4065.0], [1771804800000, 4440.0], [1771891200000, 4400.0], [1771977600000, 4610.0], [1772064000000, 4790.0], [1772409600000, 4760.0], [1772496000000, 4330.0], [1772582400000, 4050.0], [1772668800000, 4180.0], [1772755200000, 4190.0], [1773014400000, 3830.0], [1773100800000, 4195.0], [1773187200000, 4230.0], [1773273600000, 4315.0], [1773360000000, 4365.0], [1773619200000, 3995.0], [1773705600000, 4180.0], [1773792000000, 4355.0], [1773878400000, 4345.0], [1773964800000, 4160.0], [1774224000000, 3900.0], [1774310400000, 4005.0], [1774396800000, 3850.0], [1774483200000, 3935.0], [1774569600000, 3705.0], [1774828800000, 3655.0], [1774915200000, 3675.0], [1775001600000, 3740.0], [1775088000000, 4000.0], [1775520000000, 3890.0]], "margin_ratio": [[1764201600000, 3.9524018078526], [1764288000000, 3.389406238782347], [1764547200000, 3.2107713033198015], [1764633600000, 2.2073971718000496], [1764720000000, 3.2817264687416414], [1764806400000, 2.0925658229374418], [1764892800000, 1.904315756064636], [1765152000000, 1.8667408619870023], [1765238400000, 1.097616971971632], [1765324800000, 2.703199777136846], [1765411200000, 2.5571052182964], [1765497600000, 1.422128869787213], [1765756800000, 1.182580084516139], [1765843200000, 2.170188172452839], [1765929600000, 1.905652519199079], [1766016000000, 1.5365444291834311], [1766102400000, 1.3345733099197665], [1766361600000, 0.89828057195999], [1766448000000, 1.1781810319617363], [1766534400000, 0.9809388248958101], [1766707200000, 1.5900107966664772], [1766966400000, 1.4758862898967318], [1767052800000, 1.4943806053617439], [1767139200000, 1.4395566852709354], [1767312000000, 2.03788742915987], [1767571200000, 2.529430271413504], [1767657600000, 5.01970149088243], [1767744000000, 1.9359434748080093], [1767830400000, 5.430734325776592], [1767916800000, 2.20794185600102], [1768176000000, 2.9315929310246855], [1768262400000, 2.246549293920188], [1768348800000, 1.7978736526688834], [1768435200000, 2.00497284201802], [1768521600000, 1.4539416148431297], [1768780800000, 1.4935850615160517], [1768867200000, 1.0306727889355651], [1768953600000, 1.611096866471985], [1769040000000, 2.0796125950945163], [1769126400000, 1.3879385019659911], [1769385600000, 1.3730587829287932], [1769472000000, 1.610938173492313], [1769558400000, 2.784949530088605], [1769644800000, 1.662602786621004], [1769731200000, 1.3911608703305112], [1769990400000, 2.0559694200707117], [1770076800000, 1.9464019658525973], [1770163200000, 2.5569666218076033], [1770249600000, 2.893374949239036], [1770336000000, 1.9591867989616354], [1770595200000, 1.823224336434661], [1770681600000, 2.532823113459244], [1770768000000, 5.7116957419000745], [1771804800000, 3.66205740943759], [1771891200000, 2.7423810045196317], [1771977600000, 3.006164771821671], [1772064000000, 5.3959937298948475], [1772409600000, 14.768475951430245], [1772496000000, 8.74738988162474], [1772582400000, 6.235656995865667], [1772668800000, 3.123185945207264], [1772755200000, 2.492447184343032], [1773014400000, 4.1595411901834884], [1773100800000, 2.911712650671708], [1773187200000, 3.17520120745261], [1773273600000, 2.9262285539258146], [1773360000000, 15.305833942002915], [1773619200000, 3.8703138794681777], [1773705600000, 3.778411933712071], [1773792000000, 4.007218798118969], [1773878400000, 7.352883292054679], [1773964800000, 3.8687269496714576], [1774224000000, 3.9674630882901214], [1774310400000, 8.48993235105382], [1774396800000, 2.4881603949445545], [1774483200000, 2.334759722197198], [1774569600000, 3.1046209455329663], [1774828800000, 3.412763212056786], [1774915200000, 4.99919267545276], [1775001600000, 3.860158914734055], [1775088000000, 3.8574174761856588], [1775520000000, 3.0526126131120597]]}