{"margin_balance": [[1764201600000, 285.1733], [1764288000000, 244.5521], [1764547200000, 231.66325], [1764633600000, 159.2679], [1764720000000, 236.7828], [1764806400000, 150.9826], [1764892800000, 137.4], [1765152000000, 134.6889], [1765238400000, 79.19515], [1765324800000, 195.041], [1765411200000, 184.5], [1765497600000, 102.6093], [1765756800000, 85.3254], [1765843200000, 156.5832], [1765929600000, 137.49645], [1766016000000, 110.8646], [1766102400000, 96.292], [1766361600000, 64.81265], [1766448000000, 85.008], [1766534400000, 70.7766], [1766707200000, 114.7223], [1766966400000, 106.488], [1767052800000, 107.8224], [1767139200000, 103.86675], [1767312000000, 147.03745], [1767571200000, 182.5032], [1767657600000, 362.181], [1767744000000, 139.682], [1767830400000, 391.8378], [1767916800000, 159.3072], [1768176000000, 211.52], [1768262400000, 162.0928], [1768348800000, 129.72], [1768435200000, 144.6626], [1768521600000, 104.90465], [1768780800000, 107.765], [1768867200000, 74.365], [1768953600000, 116.2437], [1769040000000, 150.048], [1769126400000, 100.1424], [1769385600000, 99.0688], [1769472000000, 116.23225], [1769558400000, 200.9394], [1769644800000, 119.95995], [1769731200000, 100.3749], [1769990400000, 148.3421], [1770076800000, 140.4366], [1770163200000, 184.49], [1770249600000, 208.7625], [1770336000000, 141.35905], [1770595200000, 131.5491], [1770681600000, 182.748], [1770768000000, 412.1097], [1771804800000, 264.2244], [1771891200000, 197.868], [1771977600000, 216.9005], [1772064000000, 389.3312], [1772409600000, 1065.5736], [1772496000000, 631.1408], [1772582400000, 449.9145], [1772668800000, 225.3438], [1772755200000, 179.8348], [1773014400000, 300.1188], [1773100800000, 210.0856], [1773187200000, 229.0968], [1773273600000, 211.13295], [1773360000000, 1104.345], [1773619200000, 279.2505], [1773705600000, 272.6196], [1773792000000, 289.12845], [1773878400000, 530.5245], [1773964800000, 279.136], [1774224000000, 286.26]], "closing_price": [[1764201600000, 2710.0], [1764288000000, 2990.0], [1764547200000, 2975.0], [1764633600000, 2890.0], [1764720000000, 2920.0], [1764806400000, 3070.0], [1764892800000, 3000.0], [1765152000000, 2955.0], [1765238400000, 2965.0], [1765324800000, 2980.0], [1765411200000, 3125.0], [1765497600000, 3165.0], [1765756800000, 3105.0], [1765843200000, 3180.0], [1765929600000, 3185.0], [1766016000000, 3220.0], [1766102400000, 3325.0], [1766361600000, 3295.0], [1766448000000, 3300.0], [1766534400000, 3295.0], [1766707200000, 3290.0], [1766966400000, 3400.0], [1767052800000, 3360.0], [1767139200000, 3445.0], [1767312000000, 3395.0], [1767571200000, 3410.0], [1767657600000, 3335.0], [1767744000000, 3310.0], [1767830400000, 3310.0], [1767916800000, 3120.0], [1768176000000, 3305.0], [1768262400000, 3440.0], [1768348800000, 3450.0], [1768435200000, 3460.0], [1768521600000, 3505.0], [1768780800000, 3500.0], [1768867200000, 3475.0], [1768953600000, 3495.0], [1769040000000, 3600.0], [1769126400000, 3720.0], [1769385600000, 3730.0], [1769472000000, 3775.0], [1769558400000, 3810.0], [1769644800000, 3795.0], [1769731200000, 3765.0], [1769990400000, 3730.0], [1770076800000, 3810.0], [1770163200000, 3800.0], [1770249600000, 3750.0], [1770336000000, 3665.0], [1770595200000, 3765.0], [1770681600000, 3880.0], [1770768000000, 4065.0], [1771804800000, 4440.0], [1771891200000, 4400.0], [1771977600000, 4610.0], [1772064000000, 4790.0], [1772409600000, 4760.0], [1772496000000, 4330.0], [1772582400000, 4050.0], [1772668800000, 4180.0], [1772755200000, 4190.0], [1773014400000, 3830.0], [1773100800000, 4195.0], [1773187200000, 4230.0], [1773273600000, 4315.0], [1773360000000, 4365.0], [1773619200000, 3995.0], [1773705600000, 4180.0], [1773792000000, 4355.0], [1773878400000, 4345.0], [1773964800000, 4160.0], [1774224000000, 3900.0]], "margin_ratio": [[1764201600000, 4.260514835509607], [1764288000000, 3.6536304419278696], [1764547200000, 3.461069859861954], [1764633600000, 2.3794767980398603], [1764720000000, 3.5375563988406493], [1764806400000, 2.255693668389757], [1764892800000, 2.0527683987211285], [1765152000000, 2.0122643200764934], [1765238400000, 1.1831826874234321], [1765324800000, 2.9139301401380466], [1765411200000, 2.7564466489377595], [1765497600000, 1.5329922012728958], [1765756800000, 1.2747691756058208], [1765843200000, 2.3393671377775127], [1765929600000, 2.0542093704245974], [1766016000000, 1.6563271282158545], [1766102400000, 1.438611169211462], [1766361600000, 0.9683068395733111], [1766448000000, 1.2700271909642336], [1766534400000, 1.057408790749096], [1766707200000, 1.7139615143275468], [1766966400000, 1.5909403292795892], [1767052800000, 1.6108763856933697], [1767139200000, 1.5517786177428512], [1767312000000, 2.1967527713867394], [1767571200000, 2.7266142767502317], [1767657600000, 5.411016822541608], [1767744000000, 2.0868616846445756], [1767830400000, 5.854092090716229], [1767916800000, 2.380063943586219], [1768176000000, 3.160127887172439], [1768262400000, 2.421681058953596], [1768348800000, 1.9380285056921747], [1768435200000, 2.1612722980846804], [1768521600000, 1.567284937401022], [1768780800000, 1.6100188245137002], [1768867200000, 1.1110198105596558], [1768953600000, 1.7366913676158606], [1769040000000, 2.2417306600531868], [1769126400000, 1.4961364926644156], [1769385600000, 1.4800968117847433], [1769472000000, 1.7365203035826338], [1769558400000, 3.002052768398721], [1769644800000, 1.792212477963367], [1769731200000, 1.4996100636447844], [1769990400000, 2.2162443601159354], [1770076800000, 2.0981354767382796], [1770163200000, 2.7562972480353785], [1770249600000, 3.1189305883407537], [1770336000000, 2.1119169629784564], [1770595200000, 1.9653554247467657], [1770681600000, 2.73027161084053], [1770768000000, 6.1569561060148805], [1771804800000, 3.94753637911973], [1771891200000, 2.9561657752412827], [1771977600000, 3.2405130426987783], [1772064000000, 5.816643260525294], [1772409600000, 15.919765739385067], [1772496000000, 9.429300504975052], [1772582400000, 6.721763229449906], [1772668800000, 3.366656706606508], [1772755200000, 2.6867481399587656], [1773014400000, 4.483801954163804], [1773100800000, 3.1386978217348434], [1773187200000, 3.422726865270267], [1773273600000, 3.1543453252457643], [1773360000000, 16.499013954044283], [1773619200000, 4.172027669047121], [1773705600000, 4.072961424687005], [1773792000000, 4.319605133415006], [1773878400000, 7.926083903546778], [1773964800000, 4.170317028714853], [1774224000000, 4.276750231571399]]}