{"margin_balance": [[1750636800000, 1.037768], [1751241600000, 1.619074], [1751846400000, 2.272872], [1752451200000, 1.8808369999999996], [1753056000000, 2.0774], [1753660800000, 1.92386], [1754265600000, 1.901592], [1754870400000, 1.910196], [1755475200000, 1.715535], [1756080000000, 1.701468], [1756684800000, 1.7920630000000004], [1757289600000, 1.41727], [1757894400000, 1.288755], [1758499200000, 1.280748], [1759104000000, 1.317804], [1759708800000, 1.353074], [1760313600000, 1.559079], [1760918400000, 1.613271], [1761523200000, 1.6848], [1762128000000, 1.5215880000000004], [1762732800000, 2.407398], [1763337600000, 2.07522], [1763942400000, 1.647222], [1764547200000, 1.718149], [1765152000000, 1.755656], [1765756800000, 1.6814019999999996], [1766361600000, 1.60632], [1766966400000, 1.515424], [1767571200000, 1.58067], [1768176000000, 1.552299], [1768780800000, 1.481253], [1769385600000, 1.3780180000000002], [1769990400000, 1.25928], [1770595200000, 1.153737], [1771200000000, 1.1283059999999998], [1771804800000, 1.154208], [1771891200000, 1.136625], [1771977600000, 1.12996], [1772064000000, 1.1735920000000002], [1772409600000, 1.1544], [1772496000000, 1.1269120000000001], [1772582400000, 1.0837575], [1772668800000, 1.1040659999999998], [1772755200000, 1.113838], [1773014400000, 1.0168065], [1773100800000, 1.021496], [1773187200000, 1.03663], [1773273600000, 1.020928], [1773360000000, 1.030435], [1773619200000, 1.041148], [1773705600000, 1.054368], [1773792000000, 1.0165629999999999], [1773878400000, 0.98332], [1773964800000, 0.979904], [1774224000000, 0.9245325], [1774310400000, 0.92235], [1774396800000, 0.9530534999999999], [1774483200000, 0.944735], [1774569600000, 0.917763], [1774828800000, 0.90528], [1774915200000, 0.890695], [1775001600000, 0.9071659999999998], [1775088000000, 0.898135], [1775520000000, 0.9044009999999999], [1775606400000, 0.905322], [1775692800000, 0.8873], [1775779200000, 0.893487], [1776038400000, 0.9043920000000002], [1776124800000, 0.9585], [1776211200000, 0.9593779999999998]], "closing_price": [[1646092800000, 704.0], [1648771200000, 509.0], [1750636800000, 58.4], [1751241600000, 64.3], [1751846400000, 65.2], [1752451200000, 62.3], [1753056000000, 65.0], [1753660800000, 62.0], [1754265600000, 61.6], [1754870400000, 62.1], [1755475200000, 60.3], [1756080000000, 60.4], [1756684800000, 61.1], [1757289600000, 59.3], [1757894400000, 58.5], [1758499200000, 57.9], [1759104000000, 56.9], [1759708800000, 58.6], [1760313600000, 63.3], [1760918400000, 62.7], [1761523200000, 62.4], [1762128000000, 59.6], [1762732800000, 65.1], [1763337600000, 61.0], [1763942400000, 56.2], [1764547200000, 58.7], [1765152000000, 58.6], [1765756800000, 57.8], [1766361600000, 58.2], [1766966400000, 56.8], [1767571200000, 58.5], [1768176000000, 57.9], [1768780800000, 56.3], [1769385600000, 55.7], [1769990400000, 53.0], [1770595200000, 51.9], [1771200000000, 51.9], [1771804800000, 52.8], [1771891200000, 52.5], [1771977600000, 52.0], [1772064000000, 53.2], [1772409600000, 52.0], [1772496000000, 51.2], [1772582400000, 49.15], [1772668800000, 49.8], [1772755200000, 51.4], [1773014400000, 49.05], [1773100800000, 49.3], [1773187200000, 50.2], [1773273600000, 49.85], [1773360000000, 49.9], [1773619200000, 50.2], [1773705600000, 50.4], [1773792000000, 50.3], [1773878400000, 48.8], [1773964800000, 48.8], [1774224000000, 47.05], [1774310400000, 47.3], [1774396800000, 48.65], [1774483200000, 48.25], [1774569600000, 47.95], [1774828800000, 47.15], [1774915200000, 46.15], [1775001600000, 47.15], [1775088000000, 46.9], [1775520000000, 47.55], [1775606400000, 47.85], [1775692800000, 46.7], [1775779200000, 47.1], [1776038400000, 47.7], [1776124800000, 50.0], [1776211200000, 49.3]], "margin_ratio": [[1750636800000, 1.1426646113190928], [1751241600000, 1.7827284739044262], [1751846400000, 2.502611759524334], [1752451200000, 2.070950231226602], [1753056000000, 2.2873816340013216], [1753660800000, 2.118321955516406], [1754265600000, 2.0938031270645237], [1754870400000, 2.1032768112750495], [1755475200000, 1.8889396608676505], [1756080000000, 1.8734507817661308], [1756684800000, 1.9732030389781992], [1757289600000, 1.5605263157894738], [1757894400000, 1.4190211407179039], [1758499200000, 1.4102048007046908], [1759104000000, 1.4510063862585334], [1759708800000, 1.4898414446157238], [1760313600000, 1.7166692358511342], [1760918400000, 1.7763389121338913], [1761523200000, 1.8550979960361158], [1762128000000, 1.6753886809072898], [1762732800000, 2.650735520810395], [1763337600000, 2.284981281656023], [1763942400000, 1.81372164721427], [1764547200000, 1.8918178815238935], [1765152000000, 1.9331160537326582], [1765756800000, 1.8513565293988103], [1766361600000, 1.7686853116053736], [1766966400000, 1.6686016295970052], [1767571200000, 1.7404426337811056], [1768176000000, 1.7092039198414448], [1768780800000, 1.6309766571239817], [1769385600000, 1.5173067606254131], [1769990400000, 1.386566835498789], [1770595200000, 1.270355648535565], [1771200000000, 1.2423541070248842], [1771804800000, 1.2708742567716362], [1771891200000, 1.2515139837040299], [1771977600000, 1.2441752917859503], [1772064000000, 1.2922175732217576], [1772409600000, 1.2710856639506718], [1772496000000, 1.2408192028187626], [1772582400000, 1.1933026866329002], [1772668800000, 1.215663950671658], [1772755200000, 1.226423695221317], [1773014400000, 1.1195843426558028], [1773100800000, 1.124747852895838], [1773187200000, 1.1414115833516847], [1773273600000, 1.1241224399911915], [1773360000000, 1.134590398590619], [1773619200000, 1.1463862585333626], [1773705600000, 1.1609425236731998], [1773792000000, 1.1193162299053072], [1773878400000, 1.0827130587976217], [1773964800000, 1.0789517727372826], [1774224000000, 1.0179833737062323], [1774310400000, 1.0155802686632902], [1774396800000, 1.0493872495045142], [1774483200000, 1.0402279233648977], [1774569600000, 1.0105296190266462], [1774828800000, 0.9967848491521691], [1774915200000, 0.980725611098877], [1775001600000, 0.9988614842545693], [1775088000000, 0.9889176392865009], [1775520000000, 0.9958170006606475], [1775606400000, 0.9968310944725831], [1775692800000, 0.9769874476987448], [1775779200000, 0.9837998238273509], [1776038400000, 0.9958070909491304], [1776124800000, 1.0553842765910593], [1776211200000, 1.0563510240035232]]}