{"margin_balance": [[1766361600000, 14.4613], [1766448000000, 11.865], [1766534400000, 4.7428], [1766707200000, 7.50891], [1766966400000, 11.9972], [1767052800000, 5.43165], [1767139200000, 7.38514], [1767312000000, 30.06021], [1767571200000, 9.32756], [1767657600000, 6.10344], [1767744000000, 3.0191], [1767830400000, 4.5152], [1767916800000, 2.52882], [1768176000000, 4.8764], [1768262400000, 8.15262], [1768348800000, 4.43486], [1768435200000, 2.85498], [1768521600000, 2.7192], [1768780800000, 5.06499], [1768867200000, 9.52956], [1768953600000, 6.1124], [1769040000000, 5.44236], [1769126400000, 3.77784], [1769385600000, 2.85428], [1769472000000, 8.22081], [1769558400000, 1.08672], [1769644800000, 4.6656], [1769731200000, 3.2091], [1769990400000, 2.33987], [1770076800000, 7.06176], [1770163200000, 4.624], [1770249600000, 1.83141], [1770336000000, 2.53266], [1770595200000, 1.1058], [1770681600000, 4.63166], [1770768000000, 13.8417], [1771804800000, 19.96576], [1771891200000, 7.29015], [1771977600000, 7.7814], [1772064000000, 5.70657], [1772409600000, 3.47011], [1772496000000, 3.1248], [1772582400000, 3.07296], [1772668800000, 2.01335], [1772755200000, 1.16725], [1773014400000, 2.1888], [1773100800000, 1.18125], [1773187200000, 10.35118], [1773273600000, 4.67116], [1773360000000, 4.91579], [1773619200000, 3.80256], [1773705600000, 4.51554], [1773792000000, 4.13055], [1773878400000, 4.26682], [1773964800000, 3.36449]], "closing_price": [[1766361600000, 730.0], [1766448000000, 678.0], [1766534400000, 668.0], [1766707200000, 687.0], [1766966400000, 712.0], [1767052800000, 739.0], [1767139200000, 749.0], [1767312000000, 769.0], [1767571200000, 731.0], [1767657600000, 692.0], [1767744000000, 665.0], [1767830400000, 680.0], [1767916800000, 669.0], [1768176000000, 668.0], [1768262400000, 658.0], [1768348800000, 622.0], [1768435200000, 622.0], [1768521600000, 618.0], [1768780800000, 623.0], [1768867200000, 618.0], [1768953600000, 590.0], [1769040000000, 589.0], [1769126400000, 583.0], [1769385600000, 572.0], [1769472000000, 591.0], [1769558400000, 566.0], [1769644800000, 576.0], [1769731200000, 563.0], [1769990400000, 533.0], [1770076800000, 576.0], [1770163200000, 578.0], [1770249600000, 567.0], [1770336000000, 573.0], [1770595200000, 570.0], [1770681600000, 569.0], [1770768000000, 645.0], [1771804800000, 688.0], [1771891200000, 655.0], [1771977600000, 660.0], [1772064000000, 669.0], [1772409600000, 623.0], [1772496000000, 630.0], [1772582400000, 582.0], [1772668800000, 601.0], [1772755200000, 575.0], [1773014400000, 576.0], [1773100800000, 625.0], [1773187200000, 691.0], [1773273600000, 676.0], [1773360000000, 667.0], [1773619200000, 699.0], [1773705600000, 699.0], [1773792000000, 685.0], [1773878400000, 673.0], [1773964800000, 661.0]], "margin_ratio": [[1766361600000, 6.73621203651947], [1766448000000, 5.526830631637787], [1766534400000, 2.209241662008571], [1766707200000, 3.49772219116825], [1766966400000, 5.588410657723123], [1767052800000, 2.530114589155953], [1767139200000, 3.4400689398174027], [1767312000000, 14.002333705980996], [1767571200000, 4.344866778460965], [1767657600000, 2.843040804918949], [1767744000000, 1.4063256940562696], [1767830400000, 2.1032234022731506], [1767916800000, 1.1779485746226943], [1768176000000, 2.27147382150177], [1768262400000, 3.797568474007826], [1768348800000, 2.0658002608533628], [1768435200000, 1.32987702627166], [1768521600000, 1.266629401900503], [1768780800000, 2.3593208496366684], [1768867200000, 4.438960313024036], [1768953600000, 2.8472144587292716], [1769040000000, 2.5351034097261036], [1769126400000, 1.7597540525433202], [1769385600000, 1.3295509595677288], [1769472000000, 3.829332029066518], [1769558400000, 0.5062045835662381], [1769644800000, 2.1732811626607047], [1769731200000, 1.4948295136948013], [1769990400000, 1.0899338550400595], [1770076800000, 3.2894354387926215], [1770163200000, 2.153903484255636], [1770249600000, 0.8530883174958077], [1770336000000, 1.1797372833985467], [1770595200000, 0.5150922302962548], [1770681600000, 2.1574715856158004], [1770768000000, 6.447596422582448], [1771804800000, 9.300242220980062], [1771891200000, 3.395821688093907], [1771977600000, 3.6246506428172163], [1772064000000, 2.658174958077138], [1772409600000, 1.616410471399292], [1772496000000, 1.455561766349916], [1772582400000, 1.4314141978759083], [1772668800000, 0.9378377119433574], [1772755200000, 0.5437162288056642], [1773014400000, 1.019564002235886], [1773100800000, 0.5502375628842928], [1773187200000, 4.82167877771567], [1773273600000, 2.1758710639090744], [1773360000000, 2.2898220607415687], [1773619200000, 1.7712688652878703], [1773705600000, 2.103381777529346], [1773792000000, 1.9240497484628285], [1773878400000, 1.9875256195267377], [1773964800000, 1.5672116638718092]]}