{"margin_balance": [[1763337600000, 0.89352], [1763424000000, 0.18952600000000003], [1763510400000, 0.083664], [1763596800000, 0.07623], [1763683200000, 0.166896], [1763942400000, 0.201985], [1764028800000, 0.08976], [1764115200000, 0.060695], [1764201600000, 0.137], [1764288000000, 0.138305], [1764547200000, 0.03571200000000001], [1764633600000, 0.090545], [1764720000000, 0.270875], [1764806400000, 0.047775], [1764892800000, 0.031072], [1765152000000, 0.069083], [1765238400000, 0.24363899999999997], [1765324800000, 0.072457], [1765411200000, 0.08789], [1765497600000, 0.08303699999999999], [1765756800000, 0.0466], [1765843200000, 0.010043], [1765929600000, 0.08784], [1766016000000, 0.015385], [1766102400000, 0.014912], [1766361600000, 0.04545], [1766448000000, 0.01456], [1766534400000, 0.067379], [1766707200000, 0.02852], [1766966400000, 0.01656], [1767052800000, 0.070528], [1767139200000, 0.02883], [1767312000000, 0.028799], [1767571200000, 0.026796000000000004], [1767657600000, 0.02733], [1767744000000, 0.064255], [1767830400000, 0.02534], [1767916800000, 0.01844], [1768176000000, 0.03185], [1768262400000, 0.024435], [1768348800000, 0.038829], [1768435200000, 0.011856000000000002], [1768521600000, 0.02668], [1768780800000, 0.022875], [1768867200000, 0.017138], [1768953600000, 0.008199], [1769040000000, 0.012683999999999997], [1769126400000, 0.010871999999999998], [1769385600000, 0.04732], [1769472000000, 0.0182], [1769558400000, 0.062376], [1769644800000, 0.0387], [1769731200000, 0.041877], [1769990400000, 0.01068], [1770076800000, 0.007128], [1770163200000, 0.007104], [1770249600000, 0.01232], [1770336000000, 0.01513], [1770595200000, 0.01068]], "closing_price": [[1763337600000, 102.0], [1763424000000, 98.2], [1763510400000, 99.6], [1763596800000, 99.0], [1763683200000, 97.6], [1763942400000, 101.5], [1764028800000, 102.0], [1764115200000, 99.5], [1764201600000, 100.0], [1764288000000, 99.5], [1764547200000, 99.2], [1764633600000, 99.5], [1764720000000, 98.5], [1764806400000, 97.5], [1764892800000, 97.1], [1765152000000, 97.3], [1765238400000, 96.3], [1765324800000, 94.1], [1765411200000, 93.5], [1765497600000, 93.3], [1765756800000, 93.2], [1765843200000, 91.3], [1765929600000, 91.5], [1766016000000, 90.5], [1766102400000, 93.2], [1766361600000, 90.9], [1766448000000, 91.0], [1766534400000, 92.3], [1766707200000, 92.0], [1766966400000, 92.0], [1767052800000, 92.8], [1767139200000, 93.0], [1767312000000, 92.9], [1767571200000, 92.4], [1767657600000, 91.1], [1767744000000, 90.5], [1767830400000, 90.5], [1767916800000, 92.2], [1768176000000, 91.0], [1768262400000, 90.5], [1768348800000, 90.3], [1768435200000, 91.2], [1768521600000, 92.0], [1768780800000, 91.5], [1768867200000, 90.2], [1768953600000, 91.1], [1769040000000, 90.6], [1769126400000, 90.6], [1769385600000, 91.0], [1769472000000, 91.0], [1769558400000, 90.4], [1769644800000, 90.0], [1769731200000, 89.1], [1769990400000, 89.0], [1770076800000, 89.1], [1770163200000, 88.8], [1770249600000, 88.0], [1770336000000, 89.0], [1770595200000, 89.0]], "margin_ratio": [[1763337600000, 3.321635687732342], [1763424000000, 0.704557620817844], [1763510400000, 0.3110185873605948], [1763596800000, 0.2833828996282528], [1763683200000, 0.6204312267657992], [1763942400000, 0.7508736059479554], [1764028800000, 0.33368029739776955], [1764115200000, 0.22563197026022305], [1764201600000, 0.5092936802973979], [1764288000000, 0.5141449814126395], [1764547200000, 0.13275836431226767], [1764633600000, 0.3365985130111524], [1764720000000, 1.0069702602230481], [1764806400000, 0.17760223048327137], [1764892800000, 0.11550929368029741], [1765152000000, 0.2568141263940521], [1765238400000, 0.9057211895910781], [1765324800000, 0.26935687732342006], [1765411200000, 0.326728624535316], [1765497600000, 0.3086877323420074], [1765756800000, 0.17323420074349444], [1765843200000, 0.03733457249070632], [1765929600000, 0.3265427509293681], [1766016000000, 0.05719330855018588], [1766102400000, 0.05543494423791822], [1766361600000, 0.16895910780669146], [1766448000000, 0.054126394052044606], [1766534400000, 0.25047955390334575], [1766707200000, 0.10602230483271376], [1766966400000, 0.061561338289962825], [1767052800000, 0.2621858736059479], [1767139200000, 0.10717472118959108], [1767312000000, 0.10705947955390335], [1767571200000, 0.09961338289962829], [1767657600000, 0.10159851301115243], [1767744000000, 0.23886617100371751], [1767830400000, 0.0942007434944238], [1767916800000, 0.06855018587360596], [1768176000000, 0.11840148698884762], [1768262400000, 0.0908364312267658], [1768348800000, 0.1443457249070632], [1768435200000, 0.04407434944237919], [1768521600000, 0.099182156133829], [1768780800000, 0.08503717472118959], [1768867200000, 0.06371003717472119], [1768953600000, 0.030479553903345724], [1769040000000, 0.04715241635687732], [1769126400000, 0.040416356877323416], [1769385600000, 0.175910780669145], [1769472000000, 0.06765799256505577], [1769558400000, 0.23188104089219333], [1769644800000, 0.14386617100371749], [1769731200000, 0.15567657992565054], [1769990400000, 0.039702602230483275], [1770076800000, 0.026498141263940518], [1770163200000, 0.026408921933085503], [1770249600000, 0.0457992565055762], [1770336000000, 0.056245353159851304], [1770595200000, 0.039702602230483275]]}