{"margin_balance": [[1635724800000, 0.387], [1638316800000, 0.088], [1640995200000, 0.0648], [1643673600000, 0.126], [1646092800000, 0.046], [1648771200000, 2.166]], "closing_price": [[1635724800000, 15.0], [1638316800000, 22.0], [1640995200000, 18.0], [1643673600000, 15.0], [1646092800000, 23.0], [1648771200000, 19.0], [1750636800000, 45.2], [1751241600000, 47.5], [1751846400000, 46.0], [1752451200000, 45.0], [1753056000000, 44.5], [1753660800000, 44.0], [1754265600000, 45.0], [1754870400000, 50.8], [1755475200000, 48.65], [1756080000000, 46.8], [1756684800000, 46.8], [1757289600000, 48.5], [1757894400000, 48.45], [1758499200000, 48.8], [1759104000000, 48.8], [1759708800000, 48.45], [1760313600000, 46.8], [1760918400000, 45.5], [1761523200000, 47.5], [1762128000000, 44.0], [1762732800000, 43.0], [1763337600000, 42.5], [1763942400000, 41.5], [1764547200000, 42.65], [1765152000000, 41.25], [1765756800000, 41.5], [1766361600000, 41.4], [1766966400000, 42.4], [1767571200000, 40.3], [1768176000000, 45.3], [1768780800000, 43.3], [1769385600000, 43.6], [1769990400000, 45.4], [1770595200000, 43.8], [1771200000000, 44.0], [1771804800000, 44.0], [1771891200000, 44.4], [1771977600000, 44.1], [1772064000000, 43.9], [1772409600000, 44.5], [1772496000000, 43.0], [1772582400000, 43.6], [1772668800000, 44.0], [1772755200000, 44.3], [1773014400000, 43.5], [1773100800000, 43.0], [1773187200000, 43.4], [1773273600000, 42.85], [1773360000000, 43.1], [1773619200000, 43.2], [1773705600000, 43.2], [1773792000000, 42.8], [1773878400000, 42.6], [1773964800000, 42.2], [1774224000000, 42.6], [1774310400000, 42.25], [1774396800000, 41.6], [1774483200000, 41.2], [1774569600000, 41.2], [1774828800000, 40.9], [1774915200000, 39.0], [1775001600000, 39.45], [1775088000000, 39.45], [1775520000000, 38.3], [1775606400000, 39.0], [1775692800000, 39.3], [1775779200000, 38.2], [1776038400000, 39.0], [1776124800000, 38.5], [1776211200000, 38.5]], "margin_ratio": [[1635724800000, 3.0376766091051803], [1638316800000, 0.6907378335949764], [1640995200000, 0.5086342229199372], [1643673600000, 0.9890109890109889], [1646092800000, 0.3610675039246468], [1648771200000, 17.001569858712713]]}