{"margin_balance": [[1764201600000, 285.1733], [1764288000000, 244.5521], [1764547200000, 231.66325], [1764633600000, 159.2679], [1764720000000, 236.7828], [1764806400000, 150.9826], [1764892800000, 137.4], [1765152000000, 134.6889], [1765238400000, 79.19515], [1765324800000, 195.041], [1765411200000, 184.5], [1765497600000, 102.6093], [1765756800000, 85.3254], [1765843200000, 156.5832], [1765929600000, 137.49645], [1766016000000, 110.8646], [1766102400000, 96.292], [1766361600000, 64.81265], [1766448000000, 85.008], [1766534400000, 70.7766], [1766707200000, 114.7223], [1766966400000, 106.488], [1767052800000, 107.8224], [1767139200000, 103.86675], [1767312000000, 147.03745], [1767571200000, 182.5032], [1767657600000, 362.181], [1767744000000, 139.682], [1767830400000, 391.8378], [1767916800000, 159.3072], [1768176000000, 211.52], [1768262400000, 162.0928], [1768348800000, 129.72], [1768435200000, 144.6626], [1768521600000, 104.90465], [1768780800000, 107.765], [1768867200000, 74.365], [1768953600000, 116.2437], [1769040000000, 150.048], [1769126400000, 100.1424], [1769385600000, 99.0688], [1769472000000, 116.23225], [1769558400000, 200.9394], [1769644800000, 119.95995], [1769731200000, 100.3749], [1769990400000, 148.3421], [1770076800000, 140.4366], [1770163200000, 184.49]], "closing_price": [[1764201600000, 2710.0], [1764288000000, 2990.0], [1764547200000, 2975.0], [1764633600000, 2890.0], [1764720000000, 2920.0], [1764806400000, 3070.0], [1764892800000, 3000.0], [1765152000000, 2955.0], [1765238400000, 2965.0], [1765324800000, 2980.0], [1765411200000, 3125.0], [1765497600000, 3165.0], [1765756800000, 3105.0], [1765843200000, 3180.0], [1765929600000, 3185.0], [1766016000000, 3220.0], [1766102400000, 3325.0], [1766361600000, 3295.0], [1766448000000, 3300.0], [1766534400000, 3295.0], [1766707200000, 3290.0], [1766966400000, 3400.0], [1767052800000, 3360.0], [1767139200000, 3445.0], [1767312000000, 3395.0], [1767571200000, 3410.0], [1767657600000, 3335.0], [1767744000000, 3310.0], [1767830400000, 3310.0], [1767916800000, 3120.0], [1768176000000, 3305.0], [1768262400000, 3440.0], [1768348800000, 3450.0], [1768435200000, 3460.0], [1768521600000, 3505.0], [1768780800000, 3500.0], [1768867200000, 3475.0], [1768953600000, 3495.0], [1769040000000, 3600.0], [1769126400000, 3720.0], [1769385600000, 3730.0], [1769472000000, 3775.0], [1769558400000, 3810.0], [1769644800000, 3795.0], [1769731200000, 3765.0], [1769990400000, 3730.0], [1770076800000, 3810.0], [1770163200000, 3800.0]], "margin_ratio": [[1764201600000, 4.277764193921466], [1764288000000, 3.6684227342752695], [1764547200000, 3.4750825406778167], [1764633600000, 2.389110480753509], [1764720000000, 3.5518787473317723], [1764806400000, 2.2648261958085385], [1764892800000, 2.061079351555035], [1765152000000, 2.0204112858345042], [1765238400000, 1.187972986959998], [1765324800000, 2.92572764051416], [1765411200000, 2.767606552852285], [1765497600000, 1.5391987591522276], [1765756800000, 1.2799302773156767], [1765843200000, 2.348838430279566], [1765929600000, 2.0625261572570546], [1766016000000, 1.6630330267715308], [1766102400000, 1.4444356107710146], [1766361600000, 0.9722271807464588], [1766448000000, 1.2751690940101195], [1766534400000, 1.0616898750601897], [1766707200000, 1.7209007546790551], [1766966400000, 1.5973814991877187], [1767052800000, 1.6173982698333886], [1767139200000, 1.5580612353575611], [1767312000000, 2.205646667396695], [1767571200000, 2.737653399655887], [1767657600000, 5.432924167580452], [1767744000000, 2.0953106694607744], [1767830400000, 5.87779329504186], [1767916800000, 2.3897000034501326], [1768176000000, 3.172922157503064], [1768262400000, 2.4314856121960697], [1768348800000, 1.9458749161842732], [1768435200000, 2.170022545868016], [1768521600000, 1.5736303347678886], [1768780800000, 1.6165372366836124], [1768867200000, 1.1155179474409764], [1768953600000, 1.7437226333213829], [1769040000000, 2.250806656056258], [1769126400000, 1.5021938344626267], [1769385600000, 1.4860892144347557], [1769472000000, 1.743550876708753], [1769558400000, 3.0142070469713085], [1769644800000, 1.7994685295383874], [1769731200000, 1.5056814687365463], [1769990400000, 2.225217170861078], [1770076800000, 2.1066301052590526], [1770163200000, 2.7674565470770625]]}