{"margin_balance": [[1766361600000, 14.4613], [1766448000000, 11.865], [1766534400000, 4.7428], [1766707200000, 7.50891], [1766966400000, 11.9972], [1767052800000, 5.43165], [1767139200000, 7.38514], [1767312000000, 30.06021], [1767571200000, 9.32756], [1767657600000, 6.10344], [1767744000000, 3.0191], [1767830400000, 4.5152], [1767916800000, 2.52882], [1768176000000, 4.8764], [1768262400000, 8.15262], [1768348800000, 4.43486], [1768435200000, 2.85498], [1768521600000, 2.7192], [1768780800000, 5.06499], [1768867200000, 9.52956], [1768953600000, 6.1124], [1769040000000, 5.44236], [1769126400000, 3.77784], [1769385600000, 2.85428], [1769472000000, 8.22081], [1769558400000, 1.08672], [1769644800000, 4.6656], [1769731200000, 3.2091], [1769990400000, 2.33987], [1770076800000, 7.06176], [1770163200000, 4.624], [1770249600000, 1.83141], [1770336000000, 2.53266]], "closing_price": [[1766361600000, 730.0], [1766448000000, 678.0], [1766534400000, 668.0], [1766707200000, 687.0], [1766966400000, 712.0], [1767052800000, 739.0], [1767139200000, 749.0], [1767312000000, 769.0], [1767571200000, 731.0], [1767657600000, 692.0], [1767744000000, 665.0], [1767830400000, 680.0], [1767916800000, 669.0], [1768176000000, 668.0], [1768262400000, 658.0], [1768348800000, 622.0], [1768435200000, 622.0], [1768521600000, 618.0], [1768780800000, 623.0], [1768867200000, 618.0], [1768953600000, 590.0], [1769040000000, 589.0], [1769126400000, 583.0], [1769385600000, 572.0], [1769472000000, 591.0], [1769558400000, 566.0], [1769644800000, 576.0], [1769731200000, 563.0], [1769990400000, 533.0], [1770076800000, 576.0], [1770163200000, 578.0], [1770249600000, 567.0], [1770336000000, 573.0]], "margin_ratio": [[1766361600000, 7.867098248286367], [1766448000000, 6.454683929931456], [1766534400000, 2.5801327385485804], [1766707200000, 4.084925470569035], [1766966400000, 6.5266021107605265], [1767052800000, 2.954874333587205], [1767139200000, 4.017593297791318], [1767312000000, 16.353068218909804], [1767571200000, 5.074290066369275], [1767657600000, 3.32033511043412], [1767744000000, 1.6424219345011422], [1767830400000, 2.4563159612664567], [1767916800000, 1.3757044935262757], [1768176000000, 2.652812534000653], [1768262400000, 4.435110434120336], [1768348800000, 2.4126101621151124], [1768435200000, 1.553138940267653], [1768521600000, 1.479273202045479], [1768780800000, 2.7554074638233055], [1768867200000, 5.184180176259384], [1768953600000, 3.325209444021325], [1769040000000, 2.9607006854531606], [1769126400000, 2.0551844195408555], [1769385600000, 1.552758132956153], [1769472000000, 4.472206506364922], [1769558400000, 0.5911870307909911], [1769644800000, 2.5381351321945385], [1769731200000, 1.7457839190512459], [1769990400000, 1.2729137199434228], [1770076800000, 3.8416712000870414], [1770163200000, 2.5155042976825155], [1770249600000, 0.9963061690784463], [1770336000000, 1.3777934936350777]]}