{"margin_balance": [[1761609600000, 0.00255], [1761696000000, 0.003855], [1761782400000, 0.003885], [1761868800000, 0.00518], [1762128000000, 0.00518], [1762214400000, 0.00518], [1762300800000, 0.00516], [1762387200000, 0.00516], [1762473600000, 0.003855], [1762732800000, 0.008995], [1762819200000, 0.01285], [1762905600000, 0.016705], [1762992000000, 0.02827], [1763078400000, 0.039835], [1763337600000, 0.049725], [1763424000000, 0.0576], [1763510400000, 0.064005], [1763596800000, 0.07375], [1763683200000, 0.0775], [1763942400000, 0.08625], [1764028800000, 0.0992], [1764115200000, 0.10625], [1764201600000, 0.11284], [1764288000000, 0.12], [1764547200000, 0.17018], [1764633600000, 0.17688], [1764720000000, 0.19966], [1764806400000, 0.20216], [1764892800000, 0.19684], [1765152000000, 0.19304], [1765238400000, 0.19812], [1765324800000, 0.19987], [1765411200000, 0.19908], [1765497600000, 0.19908], [1765756800000, 0.20066], [1765843200000, 0.19829], [1765929600000, 0.199545], [1766016000000, 0.213655], [1766102400000, 0.2575], [1766361600000, 0.273175], [1766448000000, 0.29393], [1766534400000, 0.2964], [1766707200000, 0.30008], [1766966400000, 0.32116], [1767052800000, 0.31857], [1767139200000, 0.33592], [1767312000000, 0.33184], [1767571200000, 0.34648], [1767657600000, 0.3782], [1767744000000, 0.433785], [1767830400000, 0.4307], [1767916800000, 0.45194], [1768176000000, 0.5192], [1768262400000, 0.54285], [1768348800000, 0.55932], [1768435200000, 0.56876], [1768521600000, 0.65682], [1768780800000, 0.79851], [1768867200000, 0.90636], [1768953600000, 0.87115], [1769040000000, 0.96883], [1769126400000, 1.300825], [1769385600000, 1.49898], [1769472000000, 1.44129], [1769558400000, 1.433265], [1769644800000, 1.42912], [1769731200000, 1.47378], [1769990400000, 1.469295], [1770076800000, 1.67832], [1770163200000, 1.76792], [1770249600000, 1.823045], [1770336000000, 1.792], [1770595200000, 1.8054], [1770681600000, 1.81566], [1770768000000, 2.089575], [1771804800000, 2.49884], [1771891200000, 2.508], [1771977600000, 2.42478]], "closing_price": [[1733097600000, 170.5], [1733702400000, 162.5], [1734307200000, 153.0], [1734912000000, 146.0], [1736121600000, 155.0], [1736726400000, 158.0], [1737331200000, 149.0], [1737936000000, 163.0], [1739145600000, 177.5], [1739750400000, 174.0], [1740355200000, 185.5], [1740614400000, 174.0], [1740960000000, 168.0], [1741046400000, 170.0], [1741132800000, 172.0], [1741219200000, 176.0], [1741305600000, 173.5], [1741564800000, 171.5], [1741651200000, 172.0], [1741737600000, 169.5], [1741824000000, 167.5], [1741910400000, 168.5], [1742169600000, 173.0], [1742256000000, 169.0], [1742342400000, 169.5], [1742428800000, 172.5], [1742515200000, 170.5], [1742774400000, 169.5], [1742860800000, 171.5], [1742947200000, 183.0], [1743033600000, 178.5], [1743120000000, 168.5], [1743379200000, 157.0], [1743465600000, 161.0], [1743552000000, 161.5], [1743984000000, 145.5], [1744070400000, 131.5], [1744156800000, 121.5], [1744243200000, 133.5], [1744329600000, 137.5], [1744588800000, 136.0], [1744675200000, 139.0], [1744761600000, 135.5], [1744848000000, 136.0], [1744934400000, 139.5], [1745193600000, 132.5], [1745280000000, 132.0], [1745366400000, 135.5], [1745452800000, 137.0], [1745539200000, 150.5], [1745798400000, 161.5], [1745884800000, 161.0], [1745971200000, 161.5], [1746144000000, 170.0], [1746403200000, 162.5], [1746489600000, 166.0], [1746576000000, 165.0], [1746662400000, 168.0], [1746748800000, 165.0], [1747008000000, 167.0], [1747094400000, 165.0], [1747180800000, 166.0], [1747267200000, 165.0], [1747353600000, 166.5], [1747612800000, 168.0], [1747699200000, 165.0], [1747785600000, 163.0], [1747872000000, 165.0], [1747958400000, 163.0], [1748217600000, 160.0], [1748304000000, 157.5], [1748390400000, 157.0], [1748476800000, 157.0], [1748822400000, 152.0], [1748908800000, 152.0], [1748995200000, 151.0], [1749081600000, 153.5], [1749168000000, 159.5], [1749427200000, 159.0], [1749513600000, 158.5], [1749600000000, 169.0], [1749686400000, 168.0], [1749772800000, 165.0], [1750032000000, 158.0], [1750118400000, 156.0], [1750204800000, 156.0], [1750291200000, 157.0], [1750377600000, 159.5], [1750636800000, 158.0], [1750723200000, 161.0], [1750809600000, 159.5], [1750896000000, 157.5], [1750982400000, 153.5], [1751241600000, 148.0], [1751328000000, 148.0], [1751414400000, 148.0], [1751500800000, 153.0], [1751587200000, 149.5], [1751846400000, 145.0], [1751932800000, 140.0], [1752019200000, 136.0], [1752105600000, 135.5], [1752192000000, 137.5], [1752451200000, 136.5], [1752537600000, 135.5], [1752624000000, 137.0], [1752710400000, 137.0], [1752796800000, 138.5], [1753056000000, 138.5], [1753142400000, 135.5], [1753228800000, 134.5], [1753315200000, 137.0], [1753401600000, 136.0], [1753660800000, 133.5], [1753747200000, 132.5], [1753833600000, 126.5], [1753920000000, 125.5], [1754006400000, 135.5], [1754265600000, 131.0], [1754352000000, 131.0], [1754438400000, 132.0], [1754524800000, 132.5], [1754611200000, 132.5], [1754870400000, 131.5], [1754956800000, 128.0], [1755043200000, 127.0], [1755129600000, 124.0], [1755216000000, 126.0], [1755475200000, 124.5], [1755561600000, 124.5], [1755648000000, 123.0], [1755734400000, 127.5], [1755820800000, 130.0], [1756080000000, 131.0], [1756166400000, 131.0], [1756252800000, 132.0], [1756339200000, 132.0], [1756425600000, 133.0], [1756684800000, 135.5], [1756771200000, 139.5], [1756857600000, 141.5], [1756944000000, 122.5], [1757030400000, 123.0], [1757289600000, 126.0], [1757376000000, 130.0], [1757462400000, 134.0], [1757548800000, 134.0], [1757635200000, 137.0], [1757894400000, 134.0], [1757980800000, 133.0], [1758067200000, 133.0], [1758153600000, 133.0], [1758240000000, 133.0], [1758499200000, 132.0], [1758585600000, 130.0], [1758672000000, 131.0], [1758758400000, 135.0], [1758844800000, 133.5], [1759190400000, 135.0], [1759276800000, 134.5], [1759363200000, 136.0], [1759449600000, 134.0], [1759795200000, 134.5], [1759881600000, 135.0], [1759968000000, 131.5], [1760313600000, 132.5], [1760400000000, 130.0], [1760486400000, 130.0], [1760572800000, 130.0], [1760659200000, 127.0], [1760918400000, 123.5], [1761004800000, 119.5], [1761091200000, 119.5], [1761177600000, 126.5], [1761523200000, 126.5], [1761609600000, 127.5], [1761696000000, 128.5], [1761782400000, 129.5], [1761868800000, 129.5], [1762128000000, 129.5], [1762214400000, 129.5], [1762300800000, 129.0], [1762387200000, 129.0], [1762473600000, 128.5], [1762732800000, 128.5], [1762819200000, 128.5], [1762905600000, 128.5], [1762992000000, 128.5], [1763078400000, 128.5], [1763337600000, 127.5], [1763424000000, 128.0], [1763510400000, 125.5], [1763596800000, 125.0], [1763683200000, 125.0], [1763942400000, 125.0], [1764028800000, 124.0], [1764115200000, 125.0], [1764201600000, 124.0], [1764288000000, 125.0], [1764547200000, 134.0], [1764633600000, 134.0], [1764720000000, 134.0], [1764806400000, 133.0], [1764892800000, 129.5], [1765152000000, 127.0], [1765238400000, 127.0], [1765324800000, 126.5], [1765411200000, 126.0], [1765497600000, 126.0], [1765756800000, 127.0], [1765843200000, 125.5], [1765929600000, 125.5], [1766016000000, 123.5], [1766102400000, 125.0], [1766361600000, 122.5], [1766448000000, 123.5], [1766534400000, 123.5], [1766707200000, 124.0], [1766966400000, 124.0], [1767052800000, 123.0], [1767139200000, 123.5], [1767312000000, 122.0], [1767571200000, 122.0], [1767657600000, 122.0], [1767744000000, 119.5], [1767830400000, 118.0], [1767916800000, 118.0], [1768176000000, 118.0], [1768262400000, 117.5], [1768348800000, 118.0], [1768435200000, 118.0], [1768521600000, 123.0], [1768780800000, 129.0], [1768867200000, 136.5], [1768953600000, 133.0], [1769040000000, 139.0], [1769126400000, 152.5], [1769385600000, 166.0], [1769472000000, 160.5], [1769558400000, 160.5], [1769644800000, 159.5], [1769731200000, 159.5], [1769990400000, 154.5], [1770076800000, 168.0], [1770163200000, 164.0], [1770249600000, 171.5], [1770336000000, 160.0], 