{"margin_balance": [[1766361600000, 14.4613], [1766448000000, 11.865], [1766534400000, 4.7428], [1766707200000, 7.50891], [1766966400000, 11.9972], [1767052800000, 5.43165], [1767139200000, 7.38514], [1767312000000, 30.06021], [1767571200000, 9.32756], [1767657600000, 6.10344], [1767744000000, 3.0191], [1767830400000, 4.5152], [1767916800000, 2.52882], [1768176000000, 4.8764], [1768262400000, 8.15262], [1768348800000, 4.43486], [1768435200000, 2.85498], [1768521600000, 2.7192], [1768780800000, 5.06499], [1768867200000, 9.52956], [1768953600000, 6.1124], [1769040000000, 5.44236], [1769126400000, 3.77784], [1769385600000, 2.85428], [1769472000000, 8.22081], [1769558400000, 1.08672], [1769644800000, 4.6656], [1769731200000, 3.2091], [1769990400000, 2.33987], [1770076800000, 7.06176], [1770163200000, 4.624], [1770249600000, 1.83141], [1770336000000, 2.53266], [1770595200000, 1.1058], [1770681600000, 4.63166], [1770768000000, 13.8417], [1771804800000, 19.96576], [1771891200000, 7.29015], [1771977600000, 7.7814], [1772064000000, 5.70657], [1772409600000, 3.47011], [1772496000000, 3.1248], [1772582400000, 3.07296], [1772668800000, 2.01335], [1772755200000, 1.16725], [1773014400000, 2.1888], [1773100800000, 1.18125], [1773187200000, 10.35118], [1773273600000, 4.67116], [1773360000000, 4.91579], [1773619200000, 3.80256], [1773705600000, 4.51554]], "closing_price": [[1766361600000, 730.0], [1766448000000, 678.0], [1766534400000, 668.0], [1766707200000, 687.0], [1766966400000, 712.0], [1767052800000, 739.0], [1767139200000, 749.0], [1767312000000, 769.0], [1767571200000, 731.0], [1767657600000, 692.0], [1767744000000, 665.0], [1767830400000, 680.0], [1767916800000, 669.0], [1768176000000, 668.0], [1768262400000, 658.0], [1768348800000, 622.0], [1768435200000, 622.0], [1768521600000, 618.0], [1768780800000, 623.0], [1768867200000, 618.0], [1768953600000, 590.0], [1769040000000, 589.0], [1769126400000, 583.0], [1769385600000, 572.0], [1769472000000, 591.0], [1769558400000, 566.0], [1769644800000, 576.0], [1769731200000, 563.0], [1769990400000, 533.0], [1770076800000, 576.0], [1770163200000, 578.0], [1770249600000, 567.0], [1770336000000, 573.0], [1770595200000, 570.0], [1770681600000, 569.0], [1770768000000, 645.0], [1771804800000, 688.0], [1771891200000, 655.0], [1771977600000, 660.0], [1772064000000, 669.0], [1772409600000, 623.0], [1772496000000, 630.0], [1772582400000, 582.0], [1772668800000, 601.0], [1772755200000, 575.0], [1773014400000, 576.0], [1773100800000, 625.0], [1773187200000, 691.0], [1773273600000, 676.0], [1773360000000, 667.0], [1773619200000, 699.0], [1773705600000, 699.0]], "margin_ratio": [[1766361600000, 6.469222510512659], [1766448000000, 5.3077748948734005], [1766534400000, 2.121678446810414], [1766707200000, 3.3590900957323075], [1766966400000, 5.366914198801109], [1767052800000, 2.4298335868300978], [1767139200000, 3.30372192896126], [1767312000000, 13.44735170439295], [1767571200000, 4.17265813724613], [1767657600000, 2.730356983090275], [1767744000000, 1.3505860248725061], [1767830400000, 2.0198622170528764], [1767916800000, 1.1312606244967345], [1768176000000, 2.181444036861412], [1768262400000, 3.647051981748233], [1768348800000, 1.983922340520712], [1768435200000, 1.2771673973338105], [1768521600000, 1.2164265903194058], [1768780800000, 2.2658092511407357], [1768867200000, 4.2630222778921], [1768953600000, 2.734365214279324], [1769040000000, 2.4346246756732572], [1769126400000, 1.690006262861233], [1769385600000, 1.2768542542721661], [1769472000000, 3.6775565894247118], [1769558400000, 0.48614118278607854], [1769644800000, 2.087143240583341], [1769731200000, 1.4355819987474276], [1769990400000, 1.0467343652142793], [1770076800000, 3.1590587814261433], [1770163200000, 2.0685335957770423], [1770249600000, 0.8192761921803704], [1770336000000, 1.1329784378634695], [1770595200000, 0.4946765679520443], [1770681600000, 2.0719602755658943], [1770768000000, 6.192046166234231], [1771804800000, 8.93162744922609], [1771891200000, 3.261228415496108], [1771977600000, 3.4809877426858726], [1772064000000, 2.5528182875548002], [1772409600000, 1.5523440994900242], [1772496000000, 1.397870627180818], [1772582400000, 1.3746801467298917], [1772668800000, 0.9006665473740717], [1772755200000, 0.5221660552921177], [1773014400000, 0.9791536190390983], [1773100800000, 0.5284289165250067], [1773187200000, 4.630571709761116], [1773273600000, 2.08963049118726], [1773360000000, 2.199065044287376], [1773619200000, 1.7010646864095913], [1773705600000, 2.020014315111389]]}