{"margin_balance": [[1763337600000, 0.89352], [1763424000000, 0.18952600000000003], [1763510400000, 0.083664], [1763596800000, 0.07623], [1763683200000, 0.166896], [1763942400000, 0.201985], [1764028800000, 0.08976], [1764115200000, 0.060695], [1764201600000, 0.137], [1764288000000, 0.138305], [1764547200000, 0.03571200000000001], [1764633600000, 0.090545], [1764720000000, 0.270875], [1764806400000, 0.047775], [1764892800000, 0.031072], [1765152000000, 0.069083], [1765238400000, 0.24363899999999997], [1765324800000, 0.072457], [1765411200000, 0.08789], [1765497600000, 0.08303699999999999], [1765756800000, 0.0466], [1765843200000, 0.010043], [1765929600000, 0.08784], [1766016000000, 0.015385], [1766102400000, 0.014912], [1766361600000, 0.04545], [1766448000000, 0.01456], [1766534400000, 0.067379], [1766707200000, 0.02852], [1766966400000, 0.01656], [1767052800000, 0.070528], [1767139200000, 0.02883], [1767312000000, 0.028799], [1767571200000, 0.026796000000000004], [1767657600000, 0.02733], [1767744000000, 0.064255], [1767830400000, 0.02534], [1767916800000, 0.01844], [1768176000000, 0.03185], [1768262400000, 0.024435], [1768348800000, 0.038829], [1768435200000, 0.011856000000000002], [1768521600000, 0.02668], [1768780800000, 0.022875], [1768867200000, 0.017138], [1768953600000, 0.008199], [1769040000000, 0.012683999999999997], [1769126400000, 0.010871999999999998], [1769385600000, 0.04732], [1769472000000, 0.0182], [1769558400000, 0.062376], [1769644800000, 0.0387], [1769731200000, 0.041877], [1769990400000, 0.01068], [1770076800000, 0.007128], [1770163200000, 0.007104], [1770249600000, 0.01232], [1770336000000, 0.01513], [1770595200000, 0.01068], [1770681600000, 0.028384], [1770768000000, 0.032708], [1771804800000, 0.018921], [1771891200000, 0.0099], [1771977600000, 0.03588], [1772064000000, 0.019756], [1772409600000, 0.018963], [1772496000000, 0.0445], [1772582400000, 0.01232], [1772668800000, 0.015504], [1772755200000, 0.01513], [1773014400000, 0.023922], [1773100800000, 0.00908], [1773187200000, 0.024165], [1773273600000, 0.003568]], "closing_price": [[1763337600000, 102.0], [1763424000000, 98.2], [1763510400000, 99.6], [1763596800000, 99.0], [1763683200000, 97.6], [1763942400000, 101.5], [1764028800000, 102.0], [1764115200000, 99.5], [1764201600000, 100.0], [1764288000000, 99.5], [1764547200000, 99.2], [1764633600000, 99.5], [1764720000000, 98.5], [1764806400000, 97.5], [1764892800000, 97.1], [1765152000000, 97.3], [1765238400000, 96.3], [1765324800000, 94.1], [1765411200000, 93.5], [1765497600000, 93.3], [1765756800000, 93.2], [1765843200000, 91.3], [1765929600000, 91.5], [1766016000000, 90.5], [1766102400000, 93.2], [1766361600000, 90.9], [1766448000000, 91.0], [1766534400000, 92.3], [1766707200000, 92.0], [1766966400000, 92.0], [1767052800000, 92.8], [1767139200000, 93.0], [1767312000000, 92.9], [1767571200000, 92.4], [1767657600000, 91.1], [1767744000000, 90.5], [1767830400000, 90.5], [1767916800000, 92.2], [1768176000000, 91.0], [1768262400000, 90.5], [1768348800000, 90.3], [1768435200000, 91.2], [1768521600000, 92.0], [1768780800000, 91.5], [1768867200000, 90.2], [1768953600000, 91.1], [1769040000000, 90.6], [1769126400000, 90.6], [1769385600000, 91.0], [1769472000000, 91.0], [1769558400000, 90.4], [1769644800000, 90.0], [1769731200000, 89.1], [1769990400000, 89.0], [1770076800000, 89.1], [1770163200000, 88.8], [1770249600000, 88.0], [1770336000000, 89.0], [1770595200000, 89.0], [1770681600000, 88.7], [1770768000000, 88.4], [1771804800000, 90.1], [1771891200000, 90.0], [1771977600000, 89.7], [1772064000000, 89.8], [1772409600000, 90.3], [1772496000000, 89.0], [1772582400000, 88.0], [1772668800000, 91.2], [1772755200000, 89.0], [1773014400000, 88.6], [1773100800000, 90.8], [1773187200000, 89.5], [1773273600000, 89.2]], "margin_ratio": [[1763337600000, 3.2886271623113728], [1763424000000, 0.6975561280824439], [1763510400000, 0.30792786161207214], [1763596800000, 0.2805668016194332], [1763683200000, 0.6142657342657342], [1763942400000, 0.743411851306588], [1764028800000, 0.3303643724696356], [1764115200000, 0.2233897681266102], [1764201600000, 0.5042326094957674], [1764288000000, 0.5090357011409643], [1764547200000, 0.13143908722856093], [1764633600000, 0.33325358851674636], [1764720000000, 0.9969635627530363], [1764806400000, 0.17583732057416265], [1764892800000, 0.11436142804563856], [1765152000000, 0.2542620537357379], [1765238400000, 0.8967206477732791], [1765324800000, 0.2666801619433198], [1765411200000, 0.3234817813765182], [1765497600000, 0.30562016930437974], [1765756800000, 0.1715126978284873], [1765843200000, 0.03696356275303644], [1765929600000, 0.32329775487670226], [1766016000000, 0.05662495399337504], [1766102400000, 0.05488406330511593], [1766361600000, 0.16728008833271987], [1766448000000, 0.05358851674641148], [1766534400000, 0.24799043062200954], [1766707200000, 0.10496871549503128], [1766966400000, 0.060949576739050416], [1767052800000, 0.25958041958041955], [1767139200000, 0.10610967979389031], [1767312000000, 0.10599558336400441], [1767571200000, 0.09862348178137652], [1767657600000, 0.10058888479941111], [1767744000000, 0.23649245491350757], [1767830400000, 0.09326463010673536], [1767916800000, 0.06786897313213103], [1768176000000, 0.11722488038277512], [1768262400000, 0.08993375046006624], [1768348800000, 0.1429112992270887], [1768435200000, 0.04363636363636364], [1768521600000, 0.09819654030180346], [1768780800000, 0.08419212366580787], [1768867200000, 0.06307692307692307], [1768953600000, 0.030176665439823332], [1769040000000, 0.046683842473316146], [1769126400000, 0.04001472211998527], [1769385600000, 0.1741626794258373], [1769472000000, 0.06698564593301436], [1769558400000, 0.22957673905042325], [1769644800000, 0.14243651085756348], [1769731200000, 0.15412955465587044], [1769990400000, 0.039308060360691933], [1770076800000, 0.02623481781376518], [1770163200000, 0.026146485093853512], [1770249600000, 0.04534412955465587], [1770336000000, 0.05568641884431358], [1770595200000, 0.039308060360691933], [1770681600000, 0.10446816341553183], [1770768000000, 0.12038277511961723], [1771804800000, 0.06963930806036069], [1771891200000, 0.03643724696356276], [1771977600000, 0.1320574162679426], [1772064000000, 0.07271255060728744], [1772409600000, 0.06979389032020611], [1772496000000, 0.16378358483621638], [1772582400000, 0.04534412955465587], [1772668800000, 0.057062937062937066], [1772755200000, 0.05568641884431358], [1773014400000, 0.08804563857195435], [1773100800000, 0.03341921236658078], [1773187200000, 0.08894000736105999], [1773273600000, 0.013132131026867867]]}