{"margin_balance": [[1764547200000, 0.0033720000000000004], [1765152000000, 0.007321999999999999], [1765756800000, 0.011396], [1766361600000, 0.01484], [1766966400000, 0.01456], [1767571200000, 0.026817999999999995], [1768176000000, 0.01744], [1768780800000, 0.100724], [1769385600000, 0.296367], [1769990400000, 0.2976], [1770595200000, 0.087606], [1771200000000, 0.084107], [1771804800000, 0.087216], [1771891200000, 0.085576], [1771977600000, 0.0828], [1772064000000, 0.086944], [1772409600000, 0.087626], [1772496000000, 0.087606], [1772582400000, 0.082926], [1772668800000, 0.088705], [1772755200000, 0.085715], [1773014400000, 0.079101], [1773100800000, 0.08058], [1773187200000, 0.08221200000000001], [1773273600000, 0.081375], [1773360000000, 0.0798], [1773619200000, 0.084214], [1773705600000, 0.0872], [1773792000000, 0.08586], [1773878400000, 0.08033200000000001], [1773964800000, 0.08208], [1774224000000, 0.079952], [1774310400000, 0.08023400000000001], [1774396800000, 0.07998], [1774483200000, 0.0819], [1774569600000, 0.07956], [1774828800000, 0.07746299999999999], [1774915200000, 0.074148], [1775001600000, 0.0756], [1775088000000, 0.07575], [1775520000000, 0.076104], [1775606400000, 0.076406], [1775692800000, 0.080445], [1775779200000, 0.078848], [1776038400000, 0.07998], [1776124800000, 0.0832], [1776211200000, 0.089784]], "closing_price": [[1606780800000, 78.0], [1609459200000, 74.0], [1612137600000, 78.7], [1614556800000, 77.7], [1617235200000, 75.2], [1619827200000, 63.8], [1622505600000, 63.0], [1625097600000, 64.3], [1627776000000, 59.0], [1630454400000, 56.8], [1633046400000, 57.7], [1635724800000, 50.2], [1638316800000, 49.7], [1640995200000, 49.1], [1643673600000, 47.3], [1646092800000, 44.45], [1648771200000, 42.0], [1750636800000, 43.3], [1751241600000, 44.0], [1751846400000, 42.35], [1752451200000, 43.0], [1753056000000, 44.5], [1753660800000, 43.2], [1754265600000, 43.65], [1754870400000, 45.05], [1755475200000, 46.7], [1756080000000, 47.8], [1756684800000, 47.5], [1757289600000, 46.1], [1757894400000, 45.85], [1758499200000, 44.9], [1759104000000, 43.8], [1759708800000, 44.05], [1760313600000, 43.7], [1760918400000, 43.55], [1761523200000, 43.25], [1762128000000, 43.8], [1762732800000, 56.6], [1763337600000, 61.9], [1763942400000, 56.9], [1764547200000, 56.2], [1765152000000, 52.3], [1765756800000, 51.8], [1766361600000, 53.0], [1766966400000, 52.0], [1767571200000, 58.3], [1768176000000, 54.5], [1768780800000, 59.6], [1769385600000, 66.9], [1769990400000, 64.0], [1770595200000, 55.8], [1771200000000, 55.7], [1771804800000, 55.2], [1771891200000, 56.3], [1771977600000, 55.2], [1772064000000, 57.2], [1772409600000, 56.9], [1772496000000, 55.8], [1772582400000, 54.2], [1772668800000, 56.5], [1772755200000, 55.3], [1773014400000, 51.7], [1773100800000, 51.0], [1773187200000, 52.7], [1773273600000, 52.5], [1773360000000, 52.5], [1773619200000, 53.3], [1773705600000, 54.5], [1773792000000, 54.0], [1773878400000, 53.2], [1773964800000, 54.0], [1774224000000, 52.6], [1774310400000, 52.1], [1774396800000, 51.6], [1774483200000, 52.5], [1774569600000, 52.0], [1774828800000, 51.3], [1774915200000, 50.1], [1775001600000, 50.4], [1775088000000, 50.5], [1775520000000, 50.4], [1775606400000, 50.6], [1775692800000, 51.9], [1775779200000, 51.2], [1776038400000, 51.6], [1776124800000, 52.0], [1776211200000, 52.2]], "margin_ratio": [[1764547200000, 0.029094046591889564], [1765152000000, 0.06317515099223467], [1765756800000, 0.09832614322691977], [1766361600000, 0.1280414150129422], [1766966400000, 0.12562553925798103], [1767571200000, 0.23138912855910262], [1768176000000, 0.15047454702329596], [1768780800000, 0.8690595340811044], [1769385600000, 2.5570923209663503], [1769990400000, 2.5677308024158756], [1770595200000, 0.7558757549611734], [1771200000000, 0.7256859361518551], [1771804800000, 0.7525107851596203], [1771891200000, 0.7383606557377049], [1771977600000, 0.7144089732528041], [1772064000000, 0.7501639344262295], [1772409600000, 0.7560483175150992], [1772496000000, 0.7558757549611734], [1772582400000, 0.7154961173425367], [1772668800000, 0.7653580672993961], [1772755200000, 0.7395599654874893], [1773014400000, 0.6824935289042279], [1773100800000, 0.6952545297670406], [1773187200000, 0.7093356341673857], [1773273600000, 0.702113891285591], [1773360000000, 0.6885245901639344], [1773619200000, 0.7266091458153581], [1773705600000, 0.7523727351164797], [1773792000000, 0.7408110440034513], [1773878400000, 0.6931147540983608], [1773964800000, 0.7081967213114754], [1774224000000, 0.6898360655737704], [1774310400000, 0.6922691975841244], [1774396800000, 0.6900776531492666], [1774483200000, 0.7066436583261433], [1774569600000, 0.6864538395168249], [1774828800000, 0.6683606557377048], [1774915200000, 0.6397584124245039], [1775001600000, 0.6522864538395169], [1775088000000, 0.6535806729939603], [1775520000000, 0.6566350301984469], [1775606400000, 0.6592407247627264], [1775692800000, 0.6940897325280414], [1775779200000, 0.6803106125970664], [1776038400000, 0.6900776531492666], [1776124800000, 0.71786022433132], [1776211200000, 0.7746678170836929]]}