{"margin_balance": [[1764201600000, 285.1733], [1764288000000, 244.5521], [1764547200000, 231.66325], [1764633600000, 159.2679], [1764720000000, 236.7828], [1764806400000, 150.9826], [1764892800000, 137.4], [1765152000000, 134.6889], [1765238400000, 79.19515], [1765324800000, 195.041], [1765411200000, 184.5], [1765497600000, 102.6093], [1765756800000, 85.3254], [1765843200000, 156.5832], [1765929600000, 137.49645], [1766016000000, 110.8646], [1766102400000, 96.292], [1766361600000, 64.81265], [1766448000000, 85.008], [1766534400000, 70.7766], [1766707200000, 114.7223], [1766966400000, 106.488], [1767052800000, 107.8224], [1767139200000, 103.86675], [1767312000000, 147.03745], [1767571200000, 182.5032], [1767657600000, 362.181], [1767744000000, 139.682], [1767830400000, 391.8378], [1767916800000, 159.3072], [1768176000000, 211.52], [1768262400000, 162.0928], [1768348800000, 129.72], [1768435200000, 144.6626], [1768521600000, 104.90465], [1768780800000, 107.765], [1768867200000, 74.365], [1768953600000, 116.2437], [1769040000000, 150.048], [1769126400000, 100.1424], [1769385600000, 99.0688], [1769472000000, 116.23225], [1769558400000, 200.9394], [1769644800000, 119.95995], [1769731200000, 100.3749], [1769990400000, 148.3421], [1770076800000, 140.4366]], "closing_price": [[1764201600000, 2710.0], [1764288000000, 2990.0], [1764547200000, 2975.0], [1764633600000, 2890.0], [1764720000000, 2920.0], [1764806400000, 3070.0], [1764892800000, 3000.0], [1765152000000, 2955.0], [1765238400000, 2965.0], [1765324800000, 2980.0], [1765411200000, 3125.0], [1765497600000, 3165.0], [1765756800000, 3105.0], [1765843200000, 3180.0], [1765929600000, 3185.0], [1766016000000, 3220.0], [1766102400000, 3325.0], [1766361600000, 3295.0], [1766448000000, 3300.0], [1766534400000, 3295.0], [1766707200000, 3290.0], [1766966400000, 3400.0], [1767052800000, 3360.0], [1767139200000, 3445.0], [1767312000000, 3395.0], [1767571200000, 3410.0], [1767657600000, 3335.0], [1767744000000, 3310.0], [1767830400000, 3310.0], [1767916800000, 3120.0], [1768176000000, 3305.0], [1768262400000, 3440.0], [1768348800000, 3450.0], [1768435200000, 3460.0], [1768521600000, 3505.0], [1768780800000, 3500.0], [1768867200000, 3475.0], [1768953600000, 3495.0], [1769040000000, 3600.0], [1769126400000, 3720.0], [1769385600000, 3730.0], [1769472000000, 3775.0], [1769558400000, 3810.0], [1769644800000, 3795.0], [1769731200000, 3765.0], [1769990400000, 3730.0], [1770076800000, 3810.0]], "margin_ratio": [[1764201600000, 4.111317272897654], [1764288000000, 3.5256851635598228], [1764547200000, 3.339867796952266], [1764633600000, 2.2961506855239824], [1764720000000, 3.4136758790709743], [1764806400000, 2.1767022764297965], [1764892800000, 1.9808831797932616], [1765152000000, 1.9417975001081267], [1765238400000, 1.1417492034658245], [1765324800000, 2.811888182460389], [1765411200000, 2.6599195536525237], [1765497600000, 1.479308853423295], [1765756800000, 1.2301284546516154], [1765843200000, 2.2574456122140045], [1765929600000, 1.9822736905843175], [1766016000000, 1.598324755272984], [1766102400000, 1.3882329195680694], [1766361600000, 0.9343980220002018], [1766448000000, 1.2255525280048438], [1766534400000, 1.0203797413606677], [1766707200000, 1.6539408618427693], [1766966400000, 1.5352277150642273], [1767052800000, 1.5544656372994248], [1767139200000, 1.497437394576359], [1767312000000, 2.119825411242305], [1767571200000, 2.6311318714588467], [1767657600000, 5.221530210631028], [1767744000000, 2.0137825641912834], [1767830400000, 5.649089572250335], [1767916800000, 2.2967172700142724], [1768176000000, 3.0494644118622323], [1768262400000, 2.3368770093565736], [1768348800000, 1.8701613252021971], [1768435200000, 2.085587416922567], [1768521600000, 1.5124007035451177], [1768780800000, 1.5536381067716216], [1768867200000, 1.0721133745656906], [1768953600000, 1.6758747459019938], [1769040000000, 2.1632282340729208], [1769126400000, 1.4437437827083601], [1769385600000, 1.428265790118651], [1769472000000, 1.6757096723036775], [1769558400000, 2.8969248734916313], [1769644800000, 1.7294515808139788], [1769731200000, 1.447095713853207], [1769990400000, 2.1386344304600433], [1770076800000, 2.0246615630811817]]}