{"margin_balance": [[1764201600000, 285.1733], [1764288000000, 244.5521], [1764547200000, 231.66325], [1764633600000, 159.2679], [1764720000000, 236.7828], [1764806400000, 150.9826], [1764892800000, 137.4], [1765152000000, 134.6889], [1765238400000, 79.19515], [1765324800000, 195.041], [1765411200000, 184.5], [1765497600000, 102.6093], [1765756800000, 85.3254], [1765843200000, 156.5832], [1765929600000, 137.49645], [1766016000000, 110.8646], [1766102400000, 96.292], [1766361600000, 64.81265], [1766448000000, 85.008], [1766534400000, 70.7766], [1766707200000, 114.7223], [1766966400000, 106.488], [1767052800000, 107.8224], [1767139200000, 103.86675], [1767312000000, 147.03745], [1767571200000, 182.5032], [1767657600000, 362.181], [1767744000000, 139.682], [1767830400000, 391.8378], [1767916800000, 159.3072], [1768176000000, 211.52], [1768262400000, 162.0928], [1768348800000, 129.72], [1768435200000, 144.6626], [1768521600000, 104.90465], [1768780800000, 107.765], [1768867200000, 74.365], [1768953600000, 116.2437], [1769040000000, 150.048], [1769126400000, 100.1424], [1769385600000, 99.0688], [1769472000000, 116.23225], [1769558400000, 200.9394], [1769644800000, 119.95995], [1769731200000, 100.3749], [1769990400000, 148.3421], [1770076800000, 140.4366], [1770163200000, 184.49], [1770249600000, 208.7625], [1770336000000, 141.35905], [1770595200000, 131.5491], [1770681600000, 182.748], [1770768000000, 412.1097], [1771804800000, 264.2244], [1771891200000, 197.868], [1771977600000, 216.9005]], "closing_price": [[1764201600000, 2710.0], [1764288000000, 2990.0], [1764547200000, 2975.0], [1764633600000, 2890.0], [1764720000000, 2920.0], [1764806400000, 3070.0], [1764892800000, 3000.0], [1765152000000, 2955.0], [1765238400000, 2965.0], [1765324800000, 2980.0], [1765411200000, 3125.0], [1765497600000, 3165.0], [1765756800000, 3105.0], [1765843200000, 3180.0], [1765929600000, 3185.0], [1766016000000, 3220.0], [1766102400000, 3325.0], [1766361600000, 3295.0], [1766448000000, 3300.0], [1766534400000, 3295.0], [1766707200000, 3290.0], [1766966400000, 3400.0], [1767052800000, 3360.0], [1767139200000, 3445.0], [1767312000000, 3395.0], [1767571200000, 3410.0], [1767657600000, 3335.0], [1767744000000, 3310.0], [1767830400000, 3310.0], [1767916800000, 3120.0], [1768176000000, 3305.0], [1768262400000, 3440.0], [1768348800000, 3450.0], [1768435200000, 3460.0], [1768521600000, 3505.0], [1768780800000, 3500.0], [1768867200000, 3475.0], [1768953600000, 3495.0], [1769040000000, 3600.0], [1769126400000, 3720.0], [1769385600000, 3730.0], [1769472000000, 3775.0], [1769558400000, 3810.0], [1769644800000, 3795.0], [1769731200000, 3765.0], [1769990400000, 3730.0], [1770076800000, 3810.0], [1770163200000, 3800.0], [1770249600000, 3750.0], [1770336000000, 3665.0], [1770595200000, 3765.0], [1770681600000, 3880.0], [1770768000000, 4065.0], [1771804800000, 4440.0], [1771891200000, 4400.0], [1771977600000, 4610.0]], "margin_ratio": [[1764201600000, 3.261136015369485], [1764288000000, 2.79660704892162], [1764547200000, 2.649214944079775], [1764633600000, 1.8213285913592387], [1764720000000, 2.707760217734373], [1764806400000, 1.726580975687853], [1764892800000, 1.5712554033346295], [1765152000000, 1.5402522699723256], [1765238400000, 0.9056463417423324], [1765324800000, 2.230416485602543], [1765411200000, 2.1098735219449716], [1765497600000, 1.1734018708688791], [1765756800000, 0.9757496054708048], [1765843200000, 1.7906273585984493], [1765929600000, 1.5723583697367518], [1766016000000, 1.2678064176749078], [1766102400000, 1.1011595727649064], [1766361600000, 0.741173409875809], [1766448000000, 0.9721199368753286], [1766534400000, 0.8093749285273196], [1766707200000, 1.3119216430711524], [1766966400000, 1.2177572444708735], [1767052800000, 1.2330169476019486], [1767139200000, 1.1877816023603136], [1767312000000, 1.681465704549093], [1767571200000, 2.087038858266816], [1767657600000, 4.141767490794319], [1767744000000, 1.5973515083594445], [1767830400000, 4.480911648331542], [1767916800000, 1.8217780115728561], [1768176000000, 2.4188642133430918], [1768262400000, 1.8536330992841294], [1768348800000, 1.4834297738032614], [1768435200000, 1.6543078013859982], [1768521600000, 1.1996506415387782], [1768780800000, 1.2323605425062323], [1768867200000, 0.8504105390755436], [1768953600000, 1.3293198087962856], [1769040000000, 1.715893236969101], [1769126400000, 1.1451913180705806], [1769385600000, 1.1329140269423414], [1769472000000, 1.3291888708460078], [1769558400000, 2.297868398783249], [1769644800000, 1.3718174644923726], [1769731200000, 1.1478501017770966], [1769990400000, 1.6963851977220228], [1770076800000, 1.6059808338860553], [1770163200000, 2.1097591656565196], [1770249600000, 2.387330466802369], [1770336000000, 1.616529629714338], [1770595200000, 1.5043466825240719], [1770681600000, 2.0898383002081284], [1770768000000, 4.712733572719163], [1771804800000, 3.021572170253642], [1771891200000, 2.2627450083480087], [1771977600000, 2.4803936143448526]]}