{"margin_balance": [[1747612800000, 0.002133], [1748217600000, 0.0172875], [1748822400000, 0.017633], [1749427200000, 0.020064], [1750032000000, 0.006524], [1750636800000, 0.00435], [1751241600000, 0.004294000000000001], [1751846400000, 0.004788], [1752451200000, 0.004557], [1753056000000, 0.005195999999999999], [1753660800000, 0.007104], [1754265600000, 0.00669], [1754870400000, 0.007293000000000001], [1755475200000, 0.007378], [1756080000000, 0.007721999999999999], [1756684800000, 0.0176565], [1757289600000, 0.019975], [1757894400000, 0.013481999999999997], [1758499200000, 0.014673], [1759104000000, 0.0141375], [1759708800000, 0.01392], [1760313600000, 0.013824], [1760918400000, 0.013936000000000002], [1761523200000, 0.01917], [1762128000000, 0.023107999999999997], [1762732800000, 0.021721], [1763337600000, 0.02223], [1763942400000, 0.0208725], [1764547200000, 0.0209875], [1765152000000, 0.021533999999999994], [1765756800000, 0.021887999999999994], [1766361600000, 0.022261], [1766966400000, 0.0231075], [1767571200000, 0.024131], [1768176000000, 0.0159005], [1768780800000, 0.014328], [1769385600000, 0.017052], [1769990400000, 0.016290000000000002], [1770595200000, 0.016767499999999998], [1771200000000, 0.017372], [1771804800000, 0.01795], [1771891200000, 0.0175725], [1771977600000, 0.017088000000000002], [1772064000000, 0.0172755], [1772409600000, 0.017732], [1772496000000, 0.017888], [1772582400000, 0.017808], [1772668800000, 0.0179225], [1772755200000, 0.018136499999999996], [1773014400000, 0.017316], [1773100800000, 0.01776], [1773187200000, 0.017764999999999996], [1773273600000, 0.0176035], [1773360000000, 0.018126000000000003], [1773619200000, 0.018126000000000003], [1773705600000, 0.016695], [1773792000000, 0.017066], [1773878400000, 0.0170665], [1773964800000, 0.0167475], [1774224000000, 0.0176], [1774310400000, 0.020064], [1774396800000, 0.030379500000000004], [1774483200000, 0.026825], [1774569600000, 0.027448], [1774828800000, 0.026207999999999995], [1774915200000, 0.023355], [1775001600000, 0.024912000000000004], [1775088000000, 0.028738500000000004], [1775520000000, 0.0284], [1775606400000, 0.026714], [1775692800000, 0.02718], [1775779200000, 0.026572], [1776038400000, 0.026424], [1776124800000, 0.0285975], [1776211200000, 0.030051]], "closing_price": [[1719187200000, 43.0], [1719792000000, 41.95], [1720396800000, 41.2], [1721001600000, 43.5], [1721606400000, 41.7], [1722211200000, 40.25], [1722816000000, 39.9], [1723420800000, 39.6], [1724025600000, 39.35], [1724630400000, 41.5], [1725235200000, 38.8], [1725840000000, 38.0], [1726444800000, 37.3], [1727049600000, 37.5], [1727654400000, 38.0], [1728259200000, 36.9], [1728864000000, 37.6], [1729468800000, 37.15], [1730073600000, 37.8], [1730678400000, 35.5], [1731283200000, 32.0], [1731888000000, 30.8], [1732492800000, 31.75], [1733097600000, 34.0], [1733702400000, 34.05], [1734307200000, 34.2], [1734912000000, 35.35], [1736121600000, 35.3], [1736726400000, 34.4], [1737331200000, 32.25], [1737936000000, 32.4], [1739145600000, 34.85], [1739750400000, 34.75], [1740355200000, 34.85], [1740960000000, 34.2], [1741564800000, 33.1], [1742169600000, 31.65], [1742774400000, 30.5], [1743379200000, 30.85], [1743984000000, 29.95], [1744588800000, 22.5], [1745193600000, 21.9], [1745798400000, 21.05], [1746403200000, 22.0], [1747008000000, 21.75], [1747612800000, 23.7], [1748217600000, 23.05], [1748822400000, 22.9], [1749427200000, 22.8], [1750032000000, 23.3], [1750636800000, 21.75], [1751241600000, 22.6], [1751846400000, 22.8], [1752451200000, 21.7], [1753056000000, 21.65], [1753660800000, 22.2], [1754265600000, 22.3], [1754870400000, 22.1], [1755475200000, 21.7], [1756080000000, 21.45], [1756684800000, 22.35], [1757289600000, 23.5], [1757894400000, 21.4], [1758499200000, 21.9], [1759104000000, 21.75], [1759708800000, 21.75], [1760313600000, 21.6], [1760918400000, 20.8], [1761523200000, 21.3], [1762128000000, 21.2], [1762732800000, 20.3], [1763337600000, 19.0], [1763942400000, 17.25], [1764547200000, 18.25], [1765152000000, 19.4], [1765756800000, 19.2], [1766361600000, 19.7], [1766966400000, 19.75], [1767571200000, 20.45], [1768176000000, 20.65], [1768780800000, 19.9], [1769385600000, 19.6], [1769990400000, 18.1], [1770595200000, 17.65], [1771200000000, 17.2], [1771804800000, 17.95], [1771891200000, 17.75], [1771977600000, 17.8], [1772064000000, 17.45], [1772409600000, 17.05], [1772496000000, 17.2], [1772582400000, 16.8], [1772668800000, 16.75], [1772755200000, 16.95], [1773014400000, 15.6], [1773100800000, 16.0], [1773187200000, 16.15], [1773273600000, 16.15], [1773360000000, 15.9], [1773619200000, 15.9], [1773705600000, 15.75], [1773792000000, 16.1], [1773878400000, 15.95], [1773964800000, 15.95], [1774224000000, 16.0], [1774310400000, 17.6], [1774396800000, 19.35], [1774483200000, 18.5], [1774569600000, 18.8], [1774828800000, 18.2], [1774915200000, 17.3], [1775001600000, 17.3], [1775088000000, 17.85], [1775520000000, 17.75], [1775606400000, 18.05], [1775692800000, 18.0], [1775779200000, 18.2], [1776038400000, 18.35], [1776124800000, 18.45], [1776211200000, 18.55]], "margin_ratio": [[1747612800000, 0.02477351916376307], [1748217600000, 0.20078397212543558], [1748822400000, 0.20479674796747968], [1749427200000, 0.23303135888501741], [1750032000000, 0.07577235772357724], [1750636800000, 0.050522648083623695], [1751241600000, 0.04987224157955867], [1751846400000, 0.055609756097560976], [1752451200000, 0.05292682926829269], [1753056000000, 0.06034843205574912], [1753660800000, 0.08250871080139374], [1754265600000, 0.07770034843205574], [1754870400000, 0.08470383275261326], [1755475200000, 0.08569105691056911], [1756080000000, 0.08968641114982577], [1756684800000, 0.20506968641114984], [1757289600000, 0.23199767711962835], [1757894400000, 0.1565853658536585], [1758499200000, 0.17041811846689897], [1759104000000, 0.16419860627177701], [1759708800000, 0.1616724738675958], [1760313600000, 0.1605574912891986], [1760918400000, 0.16185830429732873], [1761523200000, 0.22264808362369337], [1762128000000, 0.2683855981416957], [1762732800000, 0.2522764227642277], [1763337600000, 0.25818815331010453], [1763942400000, 0.24242160278745645], [1764547200000, 0.24375725900116144], [1765152000000, 0.2501045296167247], [1765756800000, 0.25421602787456443], [1766361600000, 0.258548199767712], [1766966400000, 0.2683797909407666], [1767571200000, 0.280267131242741], [1768176000000, 0.1846747967479675], [1768780800000, 0.166411149825784], [1769385600000, 0.19804878048780492], [1769990400000, 0.18919860627177704], [1770595200000, 0.1947444831591173], [1771200000000, 0.20176538908246222], [1771804800000, 0.20847851335656217], [1771891200000, 0.2040940766550523], [1771977600000, 0.19846689895470387], [1772064000000, 0.20064459930313588], [1772409600000, 0.2059465737514518], [1772496000000, 0.20775842044134732], [1772582400000, 0.20682926829268294], [1772668800000, 0.20815911730545877], [1772755200000, 0.21064459930313587], [1773014400000, 0.20111498257839722], [1773100800000, 0.20627177700348437], [1773187200000, 0.20632984901277582], [1773273600000, 0.20445412311265976], [1773360000000, 0.21052264808362375], [1773619200000, 0.21052264808362375], [1773705600000, 0.19390243902439028], [1773792000000, 0.1982113821138212], [1773878400000, 0.1982171893147503], [1773964800000, 0.19451219512195123], [1774224000000, 0.20441347270615567], [1774310400000, 0.23303135888501741], [1774396800000, 0.3528397212543555], [1774483200000, 0.3115563298490128], [1774569600000, 0.31879210220673637], [1774828800000, 0.304390243902439], [1774915200000, 0.27125435540069687], [1775001600000, 0.2893379790940767], [1775088000000, 0.3337804878048781], [1775520000000, 0.3298490127758421], [1775606400000, 0.310267131242741], [1775692800000, 0.3156794425087108], [1775779200000, 0.3086178861788618], [1776038400000, 0.30689895470383277], [1776124800000, 0.3321428571428572], [1776211200000, 0.34902439024390247]]}