{"margin_balance": [[1751846400000, 0.047232], [1752451200000, 0.10348800000000002], [1753056000000, 0.08555400000000002], [1753660800000, 0.456338], [1754265600000, 2.802105], [1754870400000, 3.053985], [1755475200000, 3.6421], [1756080000000, 5.44563], [1756684800000, 5.99386], [1757289600000, 6.21], [1757894400000, 5.100165], [1758499200000, 5.331285], [1759104000000, 4.20198], [1759708800000, 4.161988000000001], [1760313600000, 4.288256], [1760918400000, 4.1640760000000006], [1761523200000, 3.99457], [1762128000000, 3.57291], [1762732800000, 3.6572], [1763337600000, 3.5816], [1763942400000, 3.1900560000000007], [1764547200000, 3.416694], [1765152000000, 4.027968], [1765756800000, 3.715585], [1766361600000, 3.511905], [1766966400000, 3.48384], [1767571200000, 3.769752], [1768176000000, 3.589138], [1768780800000, 3.75212], [1769385600000, 3.9316010000000006], [1769990400000, 4.147452], [1770595200000, 3.781285], [1771200000000, 4.039248000000001], [1771804800000, 4.17788], [1771891200000, 4.15288], [1771977600000, 4.00324], [1772064000000, 3.92607], [1772409600000, 4.008215], [1772496000000, 4.05552], [1772582400000, 3.819436], [1772668800000, 3.94389], [1772755200000, 3.877215], [1773014400000, 3.707715], [1773100800000, 3.721608], [1773187200000, 3.9032], [1773273600000, 3.798003], [1773360000000, 3.6898], [1773619200000, 3.6495], [1773705600000, 3.853365], [1773792000000, 3.816816], [1773878400000, 3.70818], [1773964800000, 3.79236], [1774224000000, 3.571808], [1774310400000, 3.466728], [1774396800000, 3.6603739999999996], [1774483200000, 3.7245], [1774569600000, 3.88734], [1774828800000, 3.7190069999999995], [1774915200000, 3.5914010000000007], [1775001600000, 3.576066], [1775088000000, 3.4656], [1775520000000, 3.447101], [1775606400000, 3.53276], [1775692800000, 3.429886], [1775779200000, 3.4622939999999995], [1776038400000, 3.496042], [1776124800000, 3.509928], [1776211200000, 3.63951]], "closing_price": [[1750636800000, 71.6], [1751241600000, 70.9], [1751846400000, 65.6], [1752451200000, 67.2], [1753056000000, 67.9], [1753660800000, 80.2], [1754265600000, 109.5], [1754870400000, 111.5], [1755475200000, 121.0], [1756080000000, 124.5], [1756684800000, 122.0], [1757289600000, 120.0], [1757894400000, 94.5], [1758499200000, 103.5], [1759104000000, 88.5], [1759708800000, 87.4], [1760313600000, 89.6], [1760918400000, 88.9], [1761523200000, 86.5], [1762128000000, 81.0], [1762732800000, 82.0], [1763337600000, 80.0], [1763942400000, 73.2], [1764547200000, 77.9], [1765152000000, 88.8], [1765756800000, 81.5], [1766361600000, 77.1], [1766966400000, 76.4], [1767571200000, 79.8], [1768176000000, 72.1], [1768780800000, 76.0], [1769385600000, 79.7], [1769990400000, 82.8], [1770595200000, 75.1], [1771200000000, 82.4], [1771804800000, 86.0], [1771891200000, 85.1], [1771977600000, 82.0], [1772064000000, 81.0], [1772409600000, 82.9], [1772496000000, 84.0], [1772582400000, 78.8], [1772668800000, 81.0], [1772755200000, 79.5], [1773014400000, 75.9], [1773100800000, 76.2], [1773187200000, 80.0], [1773273600000, 78.1], [1773360000000, 76.0], [1773619200000, 75.0], [1773705600000, 79.5], [1773792000000, 78.6], [1773878400000, 76.3], [1773964800000, 78.0], [1774224000000, 73.6], [1774310400000, 71.2], [1774396800000, 75.1], [1774483200000, 76.4], [1774569600000, 80.4], [1774828800000, 76.1], [1774915200000, 73.7], [1775001600000, 74.1], [1775088000000, 72.2], [1775520000000, 72.1], [1775606400000, 74.0], [1775692800000, 71.8], [1775779200000, 72.6], [1776038400000, 73.4], [1776124800000, 73.8], [1776211200000, 76.3]], "margin_ratio": [[1751846400000, 0.0651655629139073], [1752451200000, 0.1427814569536424], [1753056000000, 0.11803807947019869], [1753660800000, 0.629605408388521], [1754265600000, 3.8660389072847683], [1754870400000, 4.213555463576159], [1755475200000, 5.024972406181016], [1756080000000, 7.513286423841061], [1756684800000, 8.26967439293598], [1757289600000, 8.567880794701987], [1757894400000, 7.036651490066224], [1758499200000, 7.355525662251655], [1759104000000, 5.7974337748344364], [1759708800000, 5.742257174392937], [1760313600000, 5.916467991169977], [1760918400000, 5.745137969094923], [1761523200000, 5.511272075055188], [1762128000000, 4.929511589403973], [1762732800000, 5.045805739514349], [1763337600000, 4.941501103752759], [1763942400000, 4.401291390728478], [1764547200000, 4.7139817880794705], [1765152000000, 5.557350993377484], [1765756800000, 5.126358995584988], [1766361600000, 4.845343543046358], [1766966400000, 4.806622516556291], [1767571200000, 5.201092715231788], [1768176000000, 4.951901214128035], [1768780800000, 5.17676600441501], [1769385600000, 5.42439431567329], [1769990400000, 5.722201986754967], [1770595200000, 5.217004690949227], [1771200000000, 5.572913907284769], [1771804800000, 5.764183222958057], [1771891200000, 5.729690949227372], [1771977600000, 5.523233995584988], [1772064000000, 5.4167632450331125], [1772409600000, 5.530097958057394], [1772496000000, 5.595364238410595], [1772582400000, 5.269641280353201], [1772668800000, 5.441349337748344], [1772755200000, 5.349358443708609], [1773014400000, 5.115500827814569], [1773100800000, 5.134668874172185], [1773187200000, 5.385209713024283], [1773273600000, 5.24007036423841], [1773360000000, 5.090783664459161], [1773619200000, 5.035182119205298], [1773705600000, 5.316452814569536], [1773792000000, 5.266026490066225], [1773878400000, 5.11614238410596], [1773964800000, 5.23228476821192], [1774224000000, 4.927991169977925], [1774310400000, 4.783013245033112], [1774396800000, 5.050184878587196], [1774483200000, 5.138658940397351], [1774569600000, 5.363327814569536], [1774828800000, 5.131080298013244], [1774915200000, 4.955023454746137], [1775001600000, 4.9338658940397355], [1775088000000, 4.781456953642384], [1775520000000, 4.755934050772627], [1775606400000, 4.874116997792495], [1775692800000, 4.732182671081678], [1775779200000, 4.776895695364238], [1776038400000, 4.823457505518763], [1776124800000, 4.842615894039735], [1776211200000, 5.0213990066225165]]}