{"margin_balance": [[1764201600000, 285.1733], [1764288000000, 244.5521], [1764547200000, 231.66325], [1764633600000, 159.2679], [1764720000000, 236.7828], [1764806400000, 150.9826], [1764892800000, 137.4], [1765152000000, 134.6889], [1765238400000, 79.19515], [1765324800000, 195.041], [1765411200000, 184.5], [1765497600000, 102.6093], [1765756800000, 85.3254], [1765843200000, 156.5832], [1765929600000, 137.49645], [1766016000000, 110.8646], [1766102400000, 96.292], [1766361600000, 64.81265], [1766448000000, 85.008], [1766534400000, 70.7766], [1766707200000, 114.7223], [1766966400000, 106.488], [1767052800000, 107.8224], [1767139200000, 103.86675], [1767312000000, 147.03745], [1767571200000, 182.5032], [1767657600000, 362.181], [1767744000000, 139.682], [1767830400000, 391.8378], [1767916800000, 159.3072], [1768176000000, 211.52], [1768262400000, 162.0928], [1768348800000, 129.72], [1768435200000, 144.6626], [1768521600000, 104.90465], [1768780800000, 107.765], [1768867200000, 74.365], [1768953600000, 116.2437], [1769040000000, 150.048], [1769126400000, 100.1424], [1769385600000, 99.0688], [1769472000000, 116.23225], [1769558400000, 200.9394], [1769644800000, 119.95995], [1769731200000, 100.3749], [1769990400000, 148.3421], [1770076800000, 140.4366], [1770163200000, 184.49], [1770249600000, 208.7625], [1770336000000, 141.35905], [1770595200000, 131.5491], [1770681600000, 182.748], [1770768000000, 412.1097]], "closing_price": [[1764201600000, 2710.0], [1764288000000, 2990.0], [1764547200000, 2975.0], [1764633600000, 2890.0], [1764720000000, 2920.0], [1764806400000, 3070.0], [1764892800000, 3000.0], [1765152000000, 2955.0], [1765238400000, 2965.0], [1765324800000, 2980.0], [1765411200000, 3125.0], [1765497600000, 3165.0], [1765756800000, 3105.0], [1765843200000, 3180.0], [1765929600000, 3185.0], [1766016000000, 3220.0], [1766102400000, 3325.0], [1766361600000, 3295.0], [1766448000000, 3300.0], [1766534400000, 3295.0], [1766707200000, 3290.0], [1766966400000, 3400.0], [1767052800000, 3360.0], [1767139200000, 3445.0], [1767312000000, 3395.0], [1767571200000, 3410.0], [1767657600000, 3335.0], [1767744000000, 3310.0], [1767830400000, 3310.0], [1767916800000, 3120.0], [1768176000000, 3305.0], [1768262400000, 3440.0], [1768348800000, 3450.0], [1768435200000, 3460.0], [1768521600000, 3505.0], [1768780800000, 3500.0], [1768867200000, 3475.0], [1768953600000, 3495.0], [1769040000000, 3600.0], [1769126400000, 3720.0], [1769385600000, 3730.0], [1769472000000, 3775.0], [1769558400000, 3810.0], [1769644800000, 3795.0], [1769731200000, 3765.0], [1769990400000, 3730.0], [1770076800000, 3810.0], [1770163200000, 3800.0], [1770249600000, 3750.0], [1770336000000, 3665.0], [1770595200000, 3765.0], [1770681600000, 3880.0], [1770768000000, 4065.0]], "margin_ratio": [[1764201600000, 3.647668957119248], [1764288000000, 3.128080726941555], [1764547200000, 2.9632186657388884], [1764633600000, 2.0372053579194573], [1764720000000, 3.028703139949552], [1764806400000, 1.931227583666327], [1764892800000, 1.7574917241838024], [1765152000000, 1.7228138798356603], [1765238400000, 1.012989961575654], [1765324800000, 2.4947812472818995], [1765411200000, 2.35995067767039], [1765497600000, 1.3124817727386684], [1765756800000, 1.0914023607181413], [1765843200000, 2.002865197570722], [1765929600000, 1.758725421977089], [1766016000000, 1.418075815174291], [1766102400000, 1.2316768057140226], [1766361600000, 0.8290225327323242], [1766448000000, 1.0873424780889132], [1766534400000, 0.9053077784997621], [1766707200000, 1.467419889587565], [1766966400000, 1.3620944594241977], [1767052800000, 1.3791628506669258], [1767139200000, 1.3285658918694903], [1767312000000, 1.8807649310050194], [1767571200000, 2.3344094878970982], [1767657600000, 4.632679113221352], [1767744000000, 1.7866809244355304], [1767830400000, 5.012021038736448], [1767916800000, 2.037708046600392], [1768176000000, 2.7055651346387037], [1768262400000, 2.073338824962011], [1768348800000, 1.6592563789019128], [1768435200000, 1.8503880807781057], [1768521600000, 1.3418417336491872], [1768780800000, 1.3784286437894284], [1768867200000, 0.9512072202978781], [1768953600000, 1.4868802091594226], [1769040000000, 1.919273058444914], [1769126400000, 1.2809275053850364], [1769385600000, 1.2671950227425055], [1769472000000, 1.4867337515157406], [1769558400000, 2.570228039028084], [1769644800000, 1.5344149880531495], [1769731200000, 1.2839014269707187], [1769990400000, 1.8974527881953858], [1770076800000, 1.7963330587518995], [1770163200000, 2.3598227670645544], [1770249600000, 2.6702937850794832], [1770336000000, 1.8081321725872221], [1770595200000, 1.6826525078153383], [1770681600000, 2.3375407395279586], [1770768000000, 5.271320139780709]]}