{"margin_balance": [[1750636800000, 1.037768], [1751241600000, 1.619074], [1751846400000, 2.272872], [1752451200000, 1.8808369999999996], [1753056000000, 2.0774], [1753660800000, 1.92386], [1754265600000, 1.901592], [1754870400000, 1.910196], [1755475200000, 1.715535], [1756080000000, 1.701468], [1756684800000, 1.7920630000000004], [1757289600000, 1.41727], [1757894400000, 1.288755], [1758499200000, 1.280748], [1759104000000, 1.317804], [1759708800000, 1.353074], [1760313600000, 1.559079], [1760918400000, 1.613271], [1761523200000, 1.6848], [1762128000000, 1.5215880000000004], [1762732800000, 2.407398], [1763337600000, 2.07522], [1763942400000, 1.647222], [1764547200000, 1.718149], [1765152000000, 1.755656], [1765756800000, 1.6814019999999996], [1766361600000, 1.60632], [1766966400000, 1.515424], [1767571200000, 1.58067], [1768176000000, 1.552299], [1768780800000, 1.481253], [1769385600000, 1.3780180000000002], [1769990400000, 1.25928], [1770595200000, 1.153737], [1771200000000, 1.1283059999999998], [1771804800000, 1.154208], [1771891200000, 1.136625], [1771977600000, 1.12996], [1772064000000, 1.1735920000000002], [1772409600000, 1.1544], [1772496000000, 1.1269120000000001], [1772582400000, 1.0837575], [1772668800000, 1.1040659999999998], [1772755200000, 1.113838], [1773014400000, 1.0168065], [1773100800000, 1.021496], [1773187200000, 1.03663], [1773273600000, 1.020928], [1773360000000, 1.030435], [1773619200000, 1.041148], [1773705600000, 1.054368], [1773792000000, 1.0165629999999999], [1773878400000, 0.98332], [1773964800000, 0.979904], [1774224000000, 0.9245325], [1774310400000, 0.92235], [1774396800000, 0.9530534999999999], [1774483200000, 0.944735], [1774569600000, 0.917763], [1774828800000, 0.90528], [1774915200000, 0.890695], [1775001600000, 0.9071659999999998], [1775088000000, 0.898135], [1775520000000, 0.9044009999999999], [1775606400000, 0.905322], [1775692800000, 0.8873], [1775779200000, 0.893487], [1776038400000, 0.9043920000000002], [1776124800000, 0.9585], [1776211200000, 0.9593779999999998]], "closing_price": [[1646092800000, 704.0], [1648771200000, 509.0], [1750636800000, 58.4], [1751241600000, 64.3], [1751846400000, 65.2], [1752451200000, 62.3], [1753056000000, 65.0], [1753660800000, 62.0], [1754265600000, 61.6], [1754870400000, 62.1], [1755475200000, 60.3], [1756080000000, 60.4], [1756684800000, 61.1], [1757289600000, 59.3], [1757894400000, 58.5], [1758499200000, 57.9], [1759104000000, 56.9], [1759708800000, 58.6], [1760313600000, 63.3], [1760918400000, 62.7], [1761523200000, 62.4], [1762128000000, 59.6], [1762732800000, 65.1], [1763337600000, 61.0], [1763942400000, 56.2], [1764547200000, 58.7], [1765152000000, 58.6], [1765756800000, 57.8], [1766361600000, 58.2], [1766966400000, 56.8], [1767571200000, 58.5], [1768176000000, 57.9], [1768780800000, 56.3], [1769385600000, 55.7], [1769990400000, 53.0], [1770595200000, 51.9], [1771200000000, 51.9], [1771804800000, 52.8], [1771891200000, 52.5], [1771977600000, 52.0], [1772064000000, 53.2], [1772409600000, 52.0], [1772496000000, 51.2], [1772582400000, 49.15], [1772668800000, 49.8], [1772755200000, 51.4], [1773014400000, 49.05], [1773100800000, 49.3], [1773187200000, 50.2], [1773273600000, 49.85], [1773360000000, 49.9], [1773619200000, 50.2], [1773705600000, 50.4], [1773792000000, 50.3], [1773878400000, 48.8], [1773964800000, 48.8], [1774224000000, 47.05], [1774310400000, 47.3], [1774396800000, 48.65], [1774483200000, 48.25], [1774569600000, 47.95], [1774828800000, 47.15], [1774915200000, 46.15], [1775001600000, 47.15], [1775088000000, 46.9], [1775520000000, 47.55], [1775606400000, 47.85], [1775692800000, 46.7], [1775779200000, 47.1], [1776038400000, 47.7], [1776124800000, 50.0], [1776211200000, 49.3]], "margin_ratio": [[1750636800000, 1.1437980822219773], [1751241600000, 1.784496858811859], [1751846400000, 2.505094235644219], [1752451200000, 2.073004518902237], [1753056000000, 2.289650611705059], [1753660800000, 2.1204232337705275], [1754265600000, 2.095880083765017], [1754870400000, 2.1053631654359086], [1755475200000, 1.8908134024027332], [1756080000000, 1.8753091590433153], [1756684800000, 1.9751603659208645], [1757289600000, 1.5620742863440977], [1757894400000, 1.420428744626915], [1758499200000, 1.411603659208641], [1759104000000, 1.452445718064587], [1759708800000, 1.4913192990190676], [1760313600000, 1.7183720930232558], [1760918400000, 1.778100958889011], [1761523200000, 1.8569381681913368], [1762128000000, 1.677050589661634], [1762732800000, 2.6533649289099523], [1763337600000, 2.2872478783202905], [1763942400000, 1.815520775928579], [1764547200000, 1.8936944781219], [1765152000000, 1.9350336162239614], [1765756800000, 1.853192990190675], [1766361600000, 1.770439766339689], [1766966400000, 1.670256805907638], [1767571200000, 1.7421690730739556], [1768176000000, 1.710899371762372], [1768780800000, 1.6325945111870381], [1769385600000, 1.5188118593629452], [1769990400000, 1.3879422462250632], [1770595200000, 1.2716157830926924], [1771200000000, 1.243586465336713], [1771804800000, 1.2721349057643556], [1771891200000, 1.2527554281935411], [1771977600000, 1.2454094566295604], [1772064000000, 1.2934993938057975], [1772409600000, 1.2723465226496198], [1772496000000, 1.2420500385759947], [1772582400000, 1.1944863881847239], [1772668800000, 1.2168698335721368], [1772755200000, 1.2276402512950513], [1773014400000, 1.120694918990411], [1773100800000, 1.1258635511958557], [1773187200000, 1.142543811308277], [1773273600000, 1.1252375179102834], [1773360000000, 1.135715860244682], [1773619200000, 1.147523421139645], [1773705600000, 1.1620941254270913], [1773792000000, 1.12042654028436], [1773878400000, 1.083787060509203], [1773964800000, 1.0800220434255483], [1774224000000, 1.01899316653808], [1774310400000, 1.0165876777251184], [1774396800000, 1.0504281935412763], [1774483200000, 1.041259781770087], [1774569600000, 1.0115320180756089], [1774828800000, 0.9977736140196185], [1774915200000, 0.9816984459384988], [1775001600000, 0.9998523090488259], [1775088000000, 0.9898986002424776], [1775520000000, 0.9968048054667694], [1775606400000, 0.9978199052132701], [1775692800000, 0.9779565744516697], [1775779200000, 0.9847757081450458], [1776038400000, 0.9967948859252729], [1776124800000, 1.0564311694037254], [1776211200000, 1.0573988757852968]]}