{"margin_balance": [[1766361600000, 14.4613], [1766448000000, 11.865], [1766534400000, 4.7428], [1766707200000, 7.50891], [1766966400000, 11.9972], [1767052800000, 5.43165], [1767139200000, 7.38514], [1767312000000, 30.06021], [1767571200000, 9.32756], [1767657600000, 6.10344], [1767744000000, 3.0191], [1767830400000, 4.5152], [1767916800000, 2.52882], [1768176000000, 4.8764], [1768262400000, 8.15262], [1768348800000, 4.43486], [1768435200000, 2.85498], [1768521600000, 2.7192], [1768780800000, 5.06499], [1768867200000, 9.52956], [1768953600000, 6.1124], [1769040000000, 5.44236], [1769126400000, 3.77784], [1769385600000, 2.85428], [1769472000000, 8.22081], [1769558400000, 1.08672], [1769644800000, 4.6656], [1769731200000, 3.2091], [1769990400000, 2.33987], [1770076800000, 7.06176], [1770163200000, 4.624], [1770249600000, 1.83141], [1770336000000, 2.53266], [1770595200000, 1.1058], [1770681600000, 4.63166], [1770768000000, 13.8417], [1771804800000, 19.96576], [1771891200000, 7.29015], [1771977600000, 7.7814], [1772064000000, 5.70657], [1772409600000, 3.47011], [1772496000000, 3.1248], [1772582400000, 3.07296], [1772668800000, 2.01335], [1772755200000, 1.16725], [1773014400000, 2.1888], [1773100800000, 1.18125], [1773187200000, 10.35118], [1773273600000, 4.67116], [1773360000000, 4.91579], [1773619200000, 3.80256]], "closing_price": [[1766361600000, 730.0], [1766448000000, 678.0], [1766534400000, 668.0], [1766707200000, 687.0], [1766966400000, 712.0], [1767052800000, 739.0], [1767139200000, 749.0], [1767312000000, 769.0], [1767571200000, 731.0], [1767657600000, 692.0], [1767744000000, 665.0], [1767830400000, 680.0], [1767916800000, 669.0], [1768176000000, 668.0], [1768262400000, 658.0], [1768348800000, 622.0], [1768435200000, 622.0], [1768521600000, 618.0], [1768780800000, 623.0], [1768867200000, 618.0], [1768953600000, 590.0], [1769040000000, 589.0], [1769126400000, 583.0], [1769385600000, 572.0], [1769472000000, 591.0], [1769558400000, 566.0], [1769644800000, 576.0], [1769731200000, 563.0], [1769990400000, 533.0], [1770076800000, 576.0], [1770163200000, 578.0], [1770249600000, 567.0], [1770336000000, 573.0], [1770595200000, 570.0], [1770681600000, 569.0], [1770768000000, 645.0], [1771804800000, 688.0], [1771891200000, 655.0], [1771977600000, 660.0], [1772064000000, 669.0], [1772409600000, 623.0], [1772496000000, 630.0], [1772582400000, 582.0], [1772668800000, 601.0], [1772755200000, 575.0], [1773014400000, 576.0], [1773100800000, 625.0], [1773187200000, 691.0], [1773273600000, 676.0], [1773360000000, 667.0], [1773619200000, 699.0]], "margin_ratio": [[1766361600000, 6.384961808468365], [1766448000000, 5.238641882643826], [1766534400000, 2.0940438871473352], [1766707200000, 3.3153384255375515], [1766966400000, 5.297010905558744], [1767052800000, 2.3981853503465937], [1767139200000, 3.2606914212548013], [1767312000000, 13.272201863216921], [1767571200000, 4.118309859154929], [1767657600000, 2.694794472162126], [1767744000000, 1.3329948342090159], [1767830400000, 1.9935537992847367], [1767916800000, 1.1165261159433086], [1768176000000, 2.1530310388979648], [1768262400000, 3.599549648991126], [1768348800000, 1.9580820345269103], [1768435200000, 1.2605324738399044], [1768521600000, 1.2005828071879552], [1768780800000, 2.236297408274096], [1768867200000, 4.207497019735971], [1768953600000, 2.6987504967106712], [1769040000000, 2.4029140359397765], [1769126400000, 1.6679941719281204], [1769385600000, 1.2602234094220497], [1769472000000, 3.6296569384961805], [1769558400000, 0.47980926310212363], [1769644800000, 2.0599584970638882], [1769731200000, 1.4168837476268266], [1769990400000, 1.0331007991522805], [1770076800000, 3.117912490617687], [1770163200000, 2.0415912402313565], [1770249600000, 0.8086052364342795], [1770336000000, 1.1182215550355423], [1770595200000, 0.48823347609165957], [1770681600000, 2.0449732880038853], [1770768000000, 6.111395646606914], [1771804800000, 8.815294273477857], [1771891200000, 3.2187513797518648], [1771977600000, 3.4356483729966], [1772064000000, 2.519568192856197], [1772409600000, 1.532125038633052], [1772496000000, 1.379663561305135], [1772582400000, 1.3567751335599807], [1772668800000, 0.8889354938407876], [1772755200000, 0.5153649167733674], [1773014400000, 0.9664002825731821], [1773100800000, 0.5215462051304692], [1773187200000, 4.570259172590401], [1773273600000, 2.0624133515828516], [1773360000000, 2.1704225352112676], [1773619200000, 1.6789085610843746]]}