{"margin_balance": [[1766361600000, 14.4613], [1766448000000, 11.865], [1766534400000, 4.7428], [1766707200000, 7.50891], [1766966400000, 11.9972], [1767052800000, 5.43165], [1767139200000, 7.38514], [1767312000000, 30.06021], [1767571200000, 9.32756], [1767657600000, 6.10344], [1767744000000, 3.0191], [1767830400000, 4.5152], [1767916800000, 2.52882], [1768176000000, 4.8764], [1768262400000, 8.15262], [1768348800000, 4.43486], [1768435200000, 2.85498], [1768521600000, 2.7192], [1768780800000, 5.06499], [1768867200000, 9.52956], [1768953600000, 6.1124], [1769040000000, 5.44236], [1769126400000, 3.77784], [1769385600000, 2.85428], [1769472000000, 8.22081], [1769558400000, 1.08672], [1769644800000, 4.6656], [1769731200000, 3.2091], [1769990400000, 2.33987], [1770076800000, 7.06176], [1770163200000, 4.624], [1770249600000, 1.83141], [1770336000000, 2.53266], [1770595200000, 1.1058], [1770681600000, 4.63166], [1770768000000, 13.8417], [1771804800000, 19.96576], [1771891200000, 7.29015], [1771977600000, 7.7814], [1772064000000, 5.70657], [1772409600000, 3.47011], [1772496000000, 3.1248], [1772582400000, 3.07296], [1772668800000, 2.01335], [1772755200000, 1.16725], [1773014400000, 2.1888], [1773100800000, 1.18125], [1773187200000, 10.35118], [1773273600000, 4.67116], [1773360000000, 4.91579], [1773619200000, 3.80256], [1773705600000, 4.51554], [1773792000000, 4.13055], [1773878400000, 4.26682], [1773964800000, 3.36449], [1774224000000, 2.62908], [1774310400000, 2.27106], [1774396800000, 1.89864], [1774483200000, 6.20576], [1774569600000, 4.4933], [1774828800000, 3.90216], [1774915200000, 3.4237], [1775001600000, 3.03252], [1775088000000, 2.8496], [1775520000000, 3.2332], [1775606400000, 4.4517], [1775692800000, 2.80098], [1775779200000, 3.4496], [1776038400000, 9.3398], [1776124800000, 3.31822], [1776211200000, 3.03448], [1776297600000, 2.29052], [1776384000000, 3.0058], [1776643200000, 3.86496], [1776729600000, 12.86924]], "closing_price": [[1766361600000, 730.0], [1766448000000, 678.0], [1766534400000, 668.0], [1766707200000, 687.0], [1766966400000, 712.0], [1767052800000, 739.0], [1767139200000, 749.0], [1767312000000, 769.0], [1767571200000, 731.0], [1767657600000, 692.0], [1767744000000, 665.0], [1767830400000, 680.0], [1767916800000, 669.0], [1768176000000, 668.0], [1768262400000, 658.0], [1768348800000, 622.0], [1768435200000, 622.0], [1768521600000, 618.0], [1768780800000, 623.0], [1768867200000, 618.0], [1768953600000, 590.0], [1769040000000, 589.0], [1769126400000, 583.0], [1769385600000, 572.0], [1769472000000, 591.0], [1769558400000, 566.0], [1769644800000, 576.0], [1769731200000, 563.0], [1769990400000, 533.0], [1770076800000, 576.0], [1770163200000, 578.0], [1770249600000, 567.0], [1770336000000, 573.0], [1770595200000, 570.0], [1770681600000, 569.0], [1770768000000, 645.0], [1771804800000, 688.0], [1771891200000, 655.0], [1771977600000, 660.0], [1772064000000, 669.0], [1772409600000, 623.0], [1772496000000, 630.0], [1772582400000, 582.0], [1772668800000, 601.0], [1772755200000, 575.0], [1773014400000, 576.0], [1773100800000, 625.0], [1773187200000, 691.0], [1773273600000, 676.0], [1773360000000, 667.0], [1773619200000, 699.0], [1773705600000, 699.0], [1773792000000, 685.0], [1773878400000, 673.0], [1773964800000, 661.0], [1774224000000, 654.0], [1774310400000, 666.0], [1774396800000, 648.0], [1774483200000, 656.0], [1774569600000, 686.0], [1774828800000, 687.0], [1774915200000, 670.0], [1775001600000, 683.0], [1775088000000, 685.0], [1775520000000, 685.0], [1775606400000, 710.0], [1775692800000, 702.0], [1775779200000, 704.0], [1776038400000, 697.0], [1776124800000, 661.0], [1776211200000, 664.0], [1776297600000, 662.0], [1776384000000, 665.0], [1776643200000, 704.0], [1776729600000, 772.0]], "margin_ratio": [[1766361600000, 6.046705134637899], [1766448000000, 4.961113898645259], [1766534400000, 1.9831075430674023], [1766707200000, 3.139701455092825], [1766966400000, 5.016390700786085], [1767052800000, 2.2711364776718517], [1767139200000, 3.087949489881251], [1767312000000, 12.569079277471149], [1767571200000, 3.9001338016390705], [1767657600000, 2.552032112393377], [1767744000000, 1.2623766516139823], [1767830400000, 1.8879411272788094], [1767916800000, 1.0573758153537383], [1768176000000, 2.0389697273791607], [1768262400000, 3.408855995985951], [1768348800000, 1.8543485532697774], [1768435200000, 1.1937531359759157], [1768521600000, 1.1369794279979928], [1768780800000, 2.117824887104867], [1768867200000, 3.9845960863020573], [1768953600000, 2.555778558287339], [1769040000000, 2.275614651279478], [1769126400000, 1.5796287004515803], [1769385600000, 1.19346044489045], [1769472000000, 3.4373682890115407], [1769558400000, 0.4543903662819869], [1769644800000, 1.9508278976417466], [1769731200000, 1.3418213748118415], [1769990400000, 0.9783701287840776], [1770076800000, 2.9527345709984947], [1770163200000, 1.9334336845626359], [1770249600000, 0.7657676869041645], [1770336000000, 1.058981435022579], [1770595200000, 0.46236828901154037], [1770681600000, 1.9366365612978758], [1770768000000, 5.787631710988459], [1771804800000, 8.348285666499415], [1771891200000, 3.0482313095835423], [1771977600000, 3.253637732062218], [1772064000000, 2.386088810837933], [1772409600000, 1.4509575179795953], [1772496000000, 1.3065730055193177], [1772582400000, 1.284897139989965], [1772668800000, 0.8418422813179461], [1772755200000, 0.4880623850142164], [1773014400000, 0.9152032112393377], [1773100800000, 0.49391620672353237], [1773187200000, 4.328140157216926], [1773273600000, 1.953152701120589], [1773360000000, 2.055439872888443], [1773619200000, 1.5899648770697443], [1773705600000, 1.888083291520321], [1773792000000, 1.7271073758153537], [1773878400000, 1.7840859675531024], [1773964800000, 1.4067946144840275], [1774224000000, 1.0992975413948822], [1774310400000, 0.9495985950827898], [1774396800000, 0.793878575012544], [1774483200000, 2.5948151864860343], [1774569600000, 1.8787840776049507], [1774828800000, 1.631610637230306], [1774915200000, 1.4315520990132131], [1775001600000, 1.2679879578524837], [1775088000000, 1.19150359591905], [1775520000000, 1.3518983107543068], [1775606400000, 1.8613898645258402], [1775692800000, 1.1711741093828398], [1775779200000, 1.4423816691754476], [1776038400000, 3.9052517143335006], [1776124800000, 1.3874477337347384], [1776211200000, 1.2688074928917878], [1776297600000, 0.9577354072587388], [1776384000000, 1.2568155209901322], [1776643200000, 1.6160561966884095], [1776729600000, 5.381016892456932]]}