{"margin_balance": [[1766361600000, 14.4613], [1766448000000, 11.865], [1766534400000, 4.7428], [1766707200000, 7.50891], [1766966400000, 11.9972], [1767052800000, 5.43165], [1767139200000, 7.38514], [1767312000000, 30.06021], [1767571200000, 9.32756], [1767657600000, 6.10344], [1767744000000, 3.0191], [1767830400000, 4.5152], [1767916800000, 2.52882], [1768176000000, 4.8764], [1768262400000, 8.15262], [1768348800000, 4.43486], [1768435200000, 2.85498], [1768521600000, 2.7192], [1768780800000, 5.06499], [1768867200000, 9.52956], [1768953600000, 6.1124], [1769040000000, 5.44236], [1769126400000, 3.77784], [1769385600000, 2.85428], [1769472000000, 8.22081], [1769558400000, 1.08672], [1769644800000, 4.6656], [1769731200000, 3.2091], [1769990400000, 2.33987], [1770076800000, 7.06176]], "closing_price": [[1766361600000, 730.0], [1766448000000, 678.0], [1766534400000, 668.0], [1766707200000, 687.0], [1766966400000, 712.0], [1767052800000, 739.0], [1767139200000, 749.0], [1767312000000, 769.0], [1767571200000, 731.0], [1767657600000, 692.0], [1767744000000, 665.0], [1767830400000, 680.0], [1767916800000, 669.0], [1768176000000, 668.0], [1768262400000, 658.0], [1768348800000, 622.0], [1768435200000, 622.0], [1768521600000, 618.0], [1768780800000, 623.0], [1768867200000, 618.0], [1768953600000, 590.0], [1769040000000, 589.0], [1769126400000, 583.0], [1769385600000, 572.0], [1769472000000, 591.0], [1769558400000, 566.0], [1769644800000, 576.0], [1769731200000, 563.0], [1769990400000, 533.0], [1770076800000, 576.0]], "margin_ratio": [[1766361600000, 7.715573814223976], [1766448000000, 6.330363335645307], [1766534400000, 2.5304380301979403], [1766707200000, 4.006247665795231], [1766966400000, 6.400896334631595], [1767052800000, 2.8979619057781574], [1767139200000, 3.940212345942485], [1767312000000, 16.03809955716801], [1767571200000, 4.976556581123619], [1767657600000, 3.256383716587526], [1767744000000, 1.610788027530278], [1767830400000, 2.4090060289174624], [1767916800000, 1.3492077042095716], [1768176000000, 2.6017179747105588], [1768262400000, 4.3496878834764985], [1768348800000, 2.3661420263565063], [1768435200000, 1.5232246705436694], [1768521600000, 1.4507816251400523], [1768780800000, 2.7023368724323746], [1768867200000, 5.084330149922637], [1768953600000, 3.261164167956037], [1769040000000, 2.9036760390545804], [1769126400000, 2.015600490849917], [1769385600000, 1.5228511977805048], [1769472000000, 4.386069465933948], [1769558400000, 0.579800458837966], [1769644800000, 2.4892493197460386], [1769731200000, 1.712159206103612], [1769990400000, 1.2483967347809848], [1770076800000, 3.76767860001067]]}