{"margin_balance": [[1755475200000, 0.000371], [1756080000000, 0.0003665], [1756684800000, 0.000365], [1757289600000, 0.0018425], [1757894400000, 0.00558], [1758499200000, 0.005888], [1759104000000, 0.024956000000000006], [1759708800000, 0.027664], [1760313600000, 0.0312765], [1760918400000, 0.032451], [1761523200000, 0.029736], [1762128000000, 0.0275275], [1762732800000, 0.027566], [1763337600000, 0.02442], [1763942400000, 0.01862], [1764547200000, 0.0114115], [1765152000000, 0.0092], [1765756800000, 0.0024779999999999997], [1766361600000, 0.002085], [1766966400000, 0.002045], [1767571200000, 0.001612], [1768176000000, 0.0016], [1768780800000, 0.001544], [1769385600000, 0.0019475], [1769990400000, 0.00183], [1770595200000, 0.0022289999999999996], [1771200000000, 0.00304], [1771804800000, 0.0027265000000000006], [1771891200000, 0.0027265000000000006], [1771977600000, 0.0019975], [1772064000000, 0.0019925], [1772409600000, 0.001915], [1772496000000, 0.001915], [1772582400000, 0.002695], [1772668800000, 0.002667], [1772755200000, 0.002625], [1773014400000, 0.004392000000000001], [1773100800000, 0.004758], [1773187200000, 0.005299], [1773273600000, 0.005872], [1773360000000, 0.006534], [1773619200000, 0.006516], [1773705600000, 0.006], [1773792000000, 0.00828], [1773878400000, 0.0090375], [1773964800000, 0.008372], [1774224000000, 0.008735999999999999], [1774310400000, 0.008688000000000001], [1774396800000, 0.01468], [1774483200000, 0.013661000000000003], [1774569600000, 0.014679], [1774828800000, 0.015048000000000002], [1774915200000, 0.0149625], [1775001600000, 0.015727500000000002], [1775088000000, 0.01564], [1775520000000, 0.015686000000000002], [1775606400000, 0.0156375], [1775692800000, 0.015502500000000002], [1775779200000, 0.0154], [1776038400000, 0.015421999999999998], [1776124800000, 0.016238], [1776211200000, 0.016238]], "closing_price": [[1750636800000, 40.0], [1751241600000, 40.85], [1751846400000, 40.9], [1752451200000, 39.75], [1753056000000, 39.5], [1753660800000, 38.5], [1754265600000, 37.85], [1754870400000, 37.5], [1755475200000, 37.1], [1756080000000, 36.65], [1756684800000, 36.5], [1757289600000, 36.85], [1757894400000, 37.2], [1758499200000, 36.8], [1759104000000, 36.7], [1759708800000, 36.4], [1760313600000, 35.95], [1760918400000, 37.3], [1761523200000, 35.4], [1762128000000, 35.75], [1762732800000, 35.8], [1763337600000, 37.0], [1763942400000, 38.0], [1764547200000, 39.35], [1765152000000, 40.0], [1765756800000, 41.3], [1766361600000, 41.7], [1766966400000, 40.9], [1767571200000, 40.3], [1768176000000, 40.0], [1768780800000, 38.6], [1769385600000, 38.95], [1769990400000, 36.6], [1770595200000, 37.15], [1771200000000, 38.0], [1771804800000, 38.95], [1771891200000, 38.95], [1771977600000, 39.95], [1772064000000, 39.85], [1772409600000, 38.3], [1772496000000, 38.3], [1772582400000, 38.5], [1772668800000, 38.1], [1772755200000, 37.5], [1773014400000, 36.6], [1773100800000, 36.6], [1773187200000, 37.85], [1773273600000, 36.7], [1773360000000, 36.3], [1773619200000, 36.2], [1773705600000, 37.5], [1773792000000, 36.0], [1773878400000, 36.15], [1773964800000, 36.4], [1774224000000, 36.4], [1774310400000, 36.2], [1774396800000, 36.7], [1774483200000, 35.95], [1774569600000, 34.95], [1774828800000, 34.2], [1774915200000, 33.25], [1775001600000, 34.95], [1775088000000, 34.0], [1775520000000, 34.1], [1775606400000, 34.75], [1775692800000, 34.45], [1775779200000, 35.0], [1776038400000, 35.05], [1776124800000, 35.3], [1776211200000, 35.3]], "margin_ratio": [[1755475200000, 0.0016250547525186161], [1756080000000, 0.0016053438458169078], [1756684800000, 0.0015987735435830047], [1757289600000, 0.008070521243977223], [1757894400000, 0.024441524310118267], [1758499200000, 0.025790626368812967], [1759104000000, 0.10931230836618488], [1759708800000, 0.12117389399912398], [1760313600000, 0.13699737187910643], [1760918400000, 0.1421419185282523], [1761523200000, 0.1302496714848883], [1762128000000, 0.12057599649583882], [1762732800000, 0.12074463425317565], [1763337600000, 0.10696452036793692], [1763942400000, 0.0815593517301796], [1764547200000, 0.04998466929478756], [1765152000000, 0.04029785370127026], [1765756800000, 0.010854139290407358], [1766361600000, 0.009132720105124836], [1766966400000, 0.008957512045554096], [1767571200000, 0.007060884800700832], [1768176000000, 0.007008322382829611], [1768780800000, 0.006763031099430575], [1769385600000, 0.008530442400350417], [1769990400000, 0.008015768725361368], [1770595200000, 0.0097634691195795], [1771200000000, 0.01331581252737626], [1771804800000, 0.011942619360490587], [1771891200000, 0.011942619360490587], [1771977600000, 0.008749452474813842], [1772064000000, 0.008727551467367499], [1772409600000, 0.008388085851949192], [1772496000000, 0.008388085851949192], [1772582400000, 0.011804643013578626], [1772668800000, 0.011681997371879109], [1772755200000, 0.01149802890932983], [1773014400000, 0.019237844940867287], [1773100800000, 0.020840998685939555], [1773187200000, 0.023210687691633817], [1773273600000, 0.02572054314498467], [1773360000000, 0.02862023653088042], [1773619200000, 0.02854139290407359], [1773705600000, 0.02628120893561104], [1773792000000, 0.03626806833114323], [1773878400000, 0.039586070959264134], [1773964800000, 0.036671046868155935], [1774224000000, 0.03826544021024967], [1774310400000, 0.03805519053876479], [1774396800000, 0.06430135786246167], [1774483200000, 0.05983793254489708], [1774569600000, 0.06429697766097241], [1774828800000, 0.06591327201051249], [1774915200000, 0.06553876478318003], [1775001600000, 0.06888961892247045], [1775088000000, 0.06850635129215944], [1775520000000, 0.0687078405606658], [1775606400000, 0.06849540078843626], [1775692800000, 0.06790407358738504], [1775779200000, 0.06745510293473501], [1776038400000, 0.06755146736749891], [1776124800000, 0.071125711782742], [1776211200000, 0.071125711782742]]}