{"margin_balance": [[1764201600000, 285.1733], [1764288000000, 244.5521], [1764547200000, 231.66325], [1764633600000, 159.2679], [1764720000000, 236.7828], [1764806400000, 150.9826], [1764892800000, 137.4], [1765152000000, 134.6889], [1765238400000, 79.19515], [1765324800000, 195.041], [1765411200000, 184.5], [1765497600000, 102.6093], [1765756800000, 85.3254], [1765843200000, 156.5832], [1765929600000, 137.49645], [1766016000000, 110.8646], [1766102400000, 96.292], [1766361600000, 64.81265], [1766448000000, 85.008], [1766534400000, 70.7766], [1766707200000, 114.7223], [1766966400000, 106.488], [1767052800000, 107.8224], [1767139200000, 103.86675], [1767312000000, 147.03745], [1767571200000, 182.5032], [1767657600000, 362.181], [1767744000000, 139.682], [1767830400000, 391.8378], [1767916800000, 159.3072], [1768176000000, 211.52], [1768262400000, 162.0928], [1768348800000, 129.72], [1768435200000, 144.6626], [1768521600000, 104.90465], [1768780800000, 107.765], [1768867200000, 74.365], [1768953600000, 116.2437], [1769040000000, 150.048], [1769126400000, 100.1424], [1769385600000, 99.0688], [1769472000000, 116.23225], [1769558400000, 200.9394], [1769644800000, 119.95995], [1769731200000, 100.3749], [1769990400000, 148.3421], [1770076800000, 140.4366], [1770163200000, 184.49], [1770249600000, 208.7625], [1770336000000, 141.35905]], "closing_price": [[1764201600000, 2710.0], [1764288000000, 2990.0], [1764547200000, 2975.0], [1764633600000, 2890.0], [1764720000000, 2920.0], [1764806400000, 3070.0], [1764892800000, 3000.0], [1765152000000, 2955.0], [1765238400000, 2965.0], [1765324800000, 2980.0], [1765411200000, 3125.0], [1765497600000, 3165.0], [1765756800000, 3105.0], [1765843200000, 3180.0], [1765929600000, 3185.0], [1766016000000, 3220.0], [1766102400000, 3325.0], [1766361600000, 3295.0], [1766448000000, 3300.0], [1766534400000, 3295.0], [1766707200000, 3290.0], [1766966400000, 3400.0], [1767052800000, 3360.0], [1767139200000, 3445.0], [1767312000000, 3395.0], [1767571200000, 3410.0], [1767657600000, 3335.0], [1767744000000, 3310.0], [1767830400000, 3310.0], [1767916800000, 3120.0], [1768176000000, 3305.0], [1768262400000, 3440.0], [1768348800000, 3450.0], [1768435200000, 3460.0], [1768521600000, 3505.0], [1768780800000, 3500.0], [1768867200000, 3475.0], [1768953600000, 3495.0], [1769040000000, 3600.0], [1769126400000, 3720.0], [1769385600000, 3730.0], [1769472000000, 3775.0], [1769558400000, 3810.0], [1769644800000, 3795.0], [1769731200000, 3765.0], [1769990400000, 3730.0], [1770076800000, 3810.0], [1770163200000, 3800.0], [1770249600000, 3750.0], [1770336000000, 3665.0]], "margin_ratio": [[1764201600000, 4.295153793554256], [1764288000000, 3.683335291335689], [1764547200000, 3.4892091477870055], [1764633600000, 2.398822487506439], [1764720000000, 3.566317539785102], [1764806400000, 2.2740329727596684], [1764892800000, 2.0694578743323966], [1765152000000, 2.028624488283615], [1765238400000, 1.1928022327251475], [1765324800000, 2.9376210572610257], [1765411200000, 2.778857189332803], [1765497600000, 1.5454557777637203], [1765756800000, 1.2851333399604183], [1765843200000, 2.358386726551416], [1765929600000, 2.0709105614647063], [1766016000000, 1.669793445813038], [1766102400000, 1.4503074063698336], [1766361600000, 0.9761793951881339], [1766448000000, 1.2803528019013708], [1766534400000, 1.0660057655638595], [1766707200000, 1.7278964126384535], [1766966400000, 1.6038750372773525], [1767052800000, 1.6239731783800393], [1767139200000, 1.5643949320874415], [1767312000000, 2.2146128728111796], [1767571200000, 2.7487822731503653], [1767657600000, 5.4550096243346555], [1767744000000, 2.103828346451949], [1767830400000, 5.901687195568288], [1767916800000, 2.3994144066801013], [1768176000000, 3.185820448171678], [1768262400000, 2.4413698786942235], [1768348800000, 1.9537851197845595], [1768435200000, 2.178843935163011], [1768521600000, 1.5800273216636394], [1768780800000, 1.623108645032247], [1768867200000, 1.1200526552018097], [1768953600000, 1.7508110648219273], [1769040000000, 2.2599564419783653], [1769126400000, 1.508300423832202], [1769385600000, 1.4921303366860357], [1769472000000, 1.750638609999066], [1769558400000, 3.0264601426028177], [1769644800000, 1.8067835744688545], [1769731200000, 1.511802235737459], [1769990400000, 2.2342629326055587], [1770076800000, 2.115193797048537], [1770163200000, 2.778706573766986], [1770249600000, 3.144288205897503], [1770336000000, 2.1290873299173723]]}