{"margin_balance": [[1764201600000, 285.1733], [1764288000000, 244.5521], [1764547200000, 231.66325], [1764633600000, 159.2679], [1764720000000, 236.7828], [1764806400000, 150.9826], [1764892800000, 137.4], [1765152000000, 134.6889], [1765238400000, 79.19515], [1765324800000, 195.041], [1765411200000, 184.5], [1765497600000, 102.6093], [1765756800000, 85.3254], [1765843200000, 156.5832], [1765929600000, 137.49645], [1766016000000, 110.8646], [1766102400000, 96.292], [1766361600000, 64.81265], [1766448000000, 85.008], [1766534400000, 70.7766], [1766707200000, 114.7223], [1766966400000, 106.488], [1767052800000, 107.8224], [1767139200000, 103.86675], [1767312000000, 147.03745], [1767571200000, 182.5032], [1767657600000, 362.181], [1767744000000, 139.682], [1767830400000, 391.8378], [1767916800000, 159.3072], [1768176000000, 211.52], [1768262400000, 162.0928], [1768348800000, 129.72], [1768435200000, 144.6626], [1768521600000, 104.90465], [1768780800000, 107.765], [1768867200000, 74.365], [1768953600000, 116.2437], [1769040000000, 150.048], [1769126400000, 100.1424], [1769385600000, 99.0688], [1769472000000, 116.23225], [1769558400000, 200.9394], [1769644800000, 119.95995], [1769731200000, 100.3749], [1769990400000, 148.3421], [1770076800000, 140.4366], [1770163200000, 184.49], [1770249600000, 208.7625], [1770336000000, 141.35905], [1770595200000, 131.5491], [1770681600000, 182.748], [1770768000000, 412.1097], [1771804800000, 264.2244], [1771891200000, 197.868], [1771977600000, 216.9005], [1772064000000, 389.3312], [1772409600000, 1065.5736], [1772496000000, 631.1408], [1772582400000, 449.9145], [1772668800000, 225.3438], [1772755200000, 179.8348], [1773014400000, 300.1188], [1773100800000, 210.0856], [1773187200000, 229.0968], [1773273600000, 211.13295], [1773360000000, 1104.345], [1773619200000, 279.2505], [1773705600000, 272.6196], [1773792000000, 289.12845], [1773878400000, 530.5245], [1773964800000, 279.136], [1774224000000, 286.26], [1774310400000, 612.56475], [1774396800000, 179.5255], [1774483200000, 168.45735], [1774569600000, 224.0043], [1774828800000, 246.23735], [1774915200000, 360.70125], [1775001600000, 278.5178], [1775088000000, 278.32], [1775520000000, 220.2518], [1775606400000, 309.204], [1775692800000, 278.659]], "closing_price": [[1764201600000, 2710.0], [1764288000000, 2990.0], [1764547200000, 2975.0], [1764633600000, 2890.0], [1764720000000, 2920.0], [1764806400000, 3070.0], [1764892800000, 3000.0], [1765152000000, 2955.0], [1765238400000, 2965.0], [1765324800000, 2980.0], [1765411200000, 3125.0], [1765497600000, 3165.0], [1765756800000, 3105.0], [1765843200000, 3180.0], [1765929600000, 3185.0], [1766016000000, 3220.0], [1766102400000, 3325.0], [1766361600000, 3295.0], [1766448000000, 3300.0], [1766534400000, 3295.0], [1766707200000, 3290.0], [1766966400000, 3400.0], [1767052800000, 3360.0], [1767139200000, 3445.0], [1767312000000, 3395.0], [1767571200000, 3410.0], [1767657600000, 3335.0], [1767744000000, 3310.0], [1767830400000, 3310.0], [1767916800000, 3120.0], [1768176000000, 3305.0], [1768262400000, 3440.0], [1768348800000, 3450.0], [1768435200000, 3460.0], [1768521600000, 3505.0], [1768780800000, 3500.0], [1768867200000, 3475.0], [1768953600000, 3495.0], [1769040000000, 3600.0], [1769126400000, 3720.0], [1769385600000, 3730.0], [1769472000000, 3775.0], [1769558400000, 3810.0], [1769644800000, 3795.0], [1769731200000, 3765.0], [1769990400000, 3730.0], [1770076800000, 3810.0], [1770163200000, 3800.0], [1770249600000, 3750.0], [1770336000000, 3665.0], [1770595200000, 3765.0], [1770681600000, 3880.0], [1770768000000, 4065.0], [1771804800000, 4440.0], [1771891200000, 4400.0], [1771977600000, 4610.0], [1772064000000, 4790.0], [1772409600000, 4760.0], [1772496000000, 4330.0], [1772582400000, 4050.0], [1772668800000, 4180.0], [1772755200000, 4190.0], [1773014400000, 3830.0], [1773100800000, 4195.0], [1773187200000, 4230.0], [1773273600000, 4315.0], [1773360000000, 4365.0], [1773619200000, 3995.0], [1773705600000, 4180.0], [1773792000000, 4355.0], [1773878400000, 4345.0], [1773964800000, 4160.0], [1774224000000, 3900.0], [1774310400000, 4005.0], [1774396800000, 3850.0], [1774483200000, 3935.0], [1774569600000, 3705.0], [1774828800000, 3655.0], [1774915200000, 3675.0], [1775001600000, 3740.0], [1775088000000, 4000.0], [1775520000000, 3890.0], [1775606400000, 4200.0], [1775692800000, 4450.0]], "margin_ratio": [[1764201600000, 3.733597537584953], [1764288000000, 3.201769304388697], [1764547200000, 3.0330235675953094], [1764633600000, 2.0851960518615402], [1764720000000, 3.1000506675150534], [1764806400000, 1.9767217463141675], [1764892800000, 1.7988931700975253], [1765152000000, 1.763398415560033], [1765238400000, 1.0368530890818706], [1765324800000, 2.553551112001393], [1765411200000, 2.4155443222925284], [1765497600000, 1.3434000652000582], [1765756800000, 1.1171126586305633], [1765843200000, 2.050046936186425], [1765929600000, 1.8001559302595043], [1766016000000, 1.4514815993129118], [1766102400000, 1.260691565757139], [1766361600000, 0.8485519171828338], [1766448000000, 1.1129571368533508], [1766534400000, 0.9266342237461753], [1766707200000, 1.5019880780777242], [1766966400000, 1.394181483969034], [1767052800000, 1.4116519573764439], [1767139200000, 1.3598630798779268], [1767312000000, 1.9250703388177322], [1767571200000, 2.389401455610936], [1767657600000, 4.7418116975188624], [1767744000000, 1.8287699838832785], [1767830400000, 5.130089826827075], [1767916800000, 2.0857105824407602], [1768176000000, 2.7693004609827403], [1768262400000, 2.122180719373975], [1768348800000, 1.698343682860633], [1768435200000, 1.8939778974421415], [1768521600000, 1.3734516622741728], [1768780800000, 1.4109004546983974], [1768867200000, 0.9736149242671213], [1768953600000, 1.5219068267603033], [1769040000000, 1.9644856068907823], [1769126400000, 1.3111024701395517], [1769385600000, 1.2970464897362277], [1769472000000, 1.5217569189961284], [1769558400000, 2.6307752129803106], [1769644800000, 1.5705613882113583], [1769731200000, 1.3141464487570749], [1769990400000, 1.9421513138859103], [1770076800000, 1.8386494946995495], [1770163200000, 2.415413398481022], [1770249600000, 2.7331982199598586], [1770336000000, 1.8507265616919546], [1770595200000, 1.722290957223263], [1770681600000, 2.3926064705166126], [1770768000000, 5.395497268274673], [1771804800000, 3.4593265540983733], [1771891200000, 2.5905632735142436], [1771977600000, 2.839744017763743], [1772064000000, 5.097272464234888], [1772409600000, 13.95089571525642], [1772496000000, 8.263135913317964], [1772582400000, 5.890452119198275], [1772668800000, 2.950286919532916], [1772755200000, 2.3544657457485765], [1773014400000, 3.929269720071799], [1773100800000, 2.750520749460267], [1773187200000, 2.999422625991257], [1773273600000, 2.764233054858386], [1773360000000, 14.458505661800231], [1773619200000, 3.65605398250596], [1773705600000, 3.569239712334201], [1773792000000, 3.785379868892895], [1773878400000, 6.945828963751125], [1773964800000, 3.654554904864213], [1774224000000, 3.7478250281813508], [1774310400000, 8.019931186444673], [1774396800000, 2.3504162722586845], [1774483200000, 2.2055078338262613], [1774569600000, 2.932749674981638], [1774828800000, 3.2238332397228078], [1774915200000, 4.722438246511208], [1775001600000, 3.6464611948368892], [1775088000000, 3.6438715218452926], [1775520000000, 2.883620514713873], [1775606400000, 4.048216621301566], [1775692800000, 3.6483098390553588]]}