{"margin_balance": [[1766361600000, 0.138725], [1766966400000, 0.4746], [1767571200000, 0.726], [1768176000000, 2.0111], [1768780800000, 2.016875], [1769385600000, 2.2866], [1769990400000, 1.71842], [1770595200000, 2.00298], [1771200000000, 1.989975], [1771804800000, 2.02016], [1771891200000, 2.08608], [1771977600000, 2.04974], [1772064000000, 2.21188], [1772409600000, 2.2784], [1772496000000, 2.29558], [1772582400000, 2.12265], [1772668800000, 2.1648], [1772755200000, 2.097025], [1773014400000, 2.00448], [1773100800000, 2.099355], [1773187200000, 2.111945], [1773273600000, 2.09076], [1773360000000, 2.018885], [1773619200000, 1.95965], [1773705600000, 2.03287], [1773792000000, 2.34465], [1773878400000, 2.42676], [1773964800000, 2.366], [1774224000000, 2.15061], [1774310400000, 2.10838], [1774396800000, 2.12779], [1774483200000, 2.20133], [1774569600000, 2.18868], [1774828800000, 2.109], [1774915200000, 1.98369], [1775001600000, 2.0448], [1775088000000, 2.04835], [1775520000000, 2.06259], [1775606400000, 2.16513], [1775692800000, 2.14775], [1775779200000, 2.20887], [1776038400000, 2.235765], [1776124800000, 2.339195], [1776211200000, 2.32183]], "closing_price": [[1750636800000, 691.0], [1751241600000, 670.0], [1751846400000, 585.0], [1752451200000, 569.0], [1753056000000, 541.0], [1753660800000, 565.0], [1754265600000, 532.0], [1754870400000, 590.0], [1755475200000, 634.0], [1756080000000, 650.0], [1756684800000, 629.0], [1757289600000, 610.0], [1757894400000, 599.0], [1758499200000, 535.0], [1759104000000, 510.0], [1759708800000, 485.5], [1760313600000, 537.0], [1760918400000, 505.0], [1761523200000, 501.0], [1762128000000, 482.5], [1762732800000, 487.0], [1763337600000, 459.0], [1763942400000, 403.5], [1764547200000, 445.0], [1765152000000, 455.0], [1765756800000, 423.0], [1766361600000, 447.5], [1766966400000, 420.0], [1767571200000, 440.0], [1768176000000, 455.0], [1768780800000, 437.5], [1769385600000, 444.0], [1769990400000, 401.5], [1770595200000, 399.0], [1771200000000, 422.5], [1771804800000, 428.0], [1771891200000, 424.0], [1771977600000, 423.5], [1772064000000, 457.0], [1772409600000, 445.0], [1772496000000, 431.5], [1772582400000, 400.5], [1772668800000, 410.0], [1772755200000, 402.5], [1773014400000, 384.0], [1773100800000, 404.5], [1773187200000, 408.5], [1773273600000, 399.0], [1773360000000, 390.5], [1773619200000, 385.0], [1773705600000, 395.5], [1773792000000, 435.0], [1773878400000, 428.0], [1773964800000, 422.5], [1774224000000, 399.0], [1774310400000, 389.0], [1774396800000, 395.5], [1774483200000, 391.0], [1774569600000, 396.5], [1774828800000, 380.0], [1774915200000, 355.5], [1775001600000, 360.0], [1775088000000, 355.0], [1775520000000, 349.0], [1775606400000, 364.5], [1775692800000, 355.0], [1775779200000, 364.5], [1776038400000, 374.5], [1776124800000, 398.5], [1776211200000, 404.5]], "margin_ratio": [[1766361600000, 0.07243368838763574], [1766966400000, 0.24780701754385964], [1767571200000, 0.3790726817042606], [1768176000000, 1.0500730994152045], [1768780800000, 1.0530884502923978], [1769385600000, 1.1939223057644108], [1769990400000, 0.8972535505430241], [1770595200000, 1.0458333333333334], [1771200000000, 1.0390429197994986], [1771804800000, 1.0548036758563075], [1771891200000, 1.0892230576441102], [1771977600000, 1.0702485380116957], [1772064000000, 1.154908103592314], [1772409600000, 1.189640768588137], [1772496000000, 1.198611111111111], [1772582400000, 1.1083176691729324], [1772668800000, 1.1303258145363408], [1772755200000, 1.0949378654970758], [1773014400000, 1.0466165413533834], [1773100800000, 1.0961544486215538], [1773187200000, 1.1027281746031745], [1773273600000, 1.0916666666666666], [1773360000000, 1.0541379490392648], [1773619200000, 1.0232090643274854], [1773705600000, 1.061440058479532], [1773792000000, 1.224232456140351], [1773878400000, 1.2671052631578945], [1773964800000, 1.2353801169590644], [1774224000000, 1.1229166666666666], [1774310400000, 1.1008667502088554], [1774396800000, 1.111001461988304], [1774483200000, 1.1493995405179616], [1774569600000, 1.142794486215539], [1774828800000, 1.101190476190476], [1774915200000, 1.0357612781954886], [1775001600000, 1.0676691729323307], [1775088000000, 1.0695227652464494], [1775520000000, 1.0769580200501254], [1775606400000, 1.1304981203007518], [1775692800000, 1.121423350041771], [1775779200000, 1.1533364661654135], [1776038400000, 1.1673793859649122], [1776124800000, 1.2213841896407684], [1776211200000, 1.2123172514619882]]}