{"margin_balance": [[1763337600000, 0.89352], [1763424000000, 0.18952600000000003], [1763510400000, 0.083664], [1763596800000, 0.07623], [1763683200000, 0.166896], [1763942400000, 0.201985], [1764028800000, 0.08976], [1764115200000, 0.060695], [1764201600000, 0.137], [1764288000000, 0.138305], [1764547200000, 0.03571200000000001], [1764633600000, 0.090545], [1764720000000, 0.270875], [1764806400000, 0.047775], [1764892800000, 0.031072], [1765152000000, 0.069083], [1765238400000, 0.24363899999999997], [1765324800000, 0.072457], [1765411200000, 0.08789], [1765497600000, 0.08303699999999999], [1765756800000, 0.0466], [1765843200000, 0.010043], [1765929600000, 0.08784], [1766016000000, 0.015385], [1766102400000, 0.014912], [1766361600000, 0.04545], [1766448000000, 0.01456], [1766534400000, 0.067379], [1766707200000, 0.02852], [1766966400000, 0.01656], [1767052800000, 0.070528], [1767139200000, 0.02883], [1767312000000, 0.028799], [1767571200000, 0.026796000000000004], [1767657600000, 0.02733], [1767744000000, 0.064255], [1767830400000, 0.02534], [1767916800000, 0.01844], [1768176000000, 0.03185], [1768262400000, 0.024435], [1768348800000, 0.038829], [1768435200000, 0.011856000000000002], [1768521600000, 0.02668], [1768780800000, 0.022875], [1768867200000, 0.017138], [1768953600000, 0.008199], [1769040000000, 0.012683999999999997], [1769126400000, 0.010871999999999998], [1769385600000, 0.04732], [1769472000000, 0.0182], [1769558400000, 0.062376], [1769644800000, 0.0387], [1769731200000, 0.041877], [1769990400000, 0.01068], [1770076800000, 0.007128], [1770163200000, 0.007104], [1770249600000, 0.01232], [1770336000000, 0.01513]], "closing_price": [[1763337600000, 102.0], [1763424000000, 98.2], [1763510400000, 99.6], [1763596800000, 99.0], [1763683200000, 97.6], [1763942400000, 101.5], [1764028800000, 102.0], [1764115200000, 99.5], [1764201600000, 100.0], [1764288000000, 99.5], [1764547200000, 99.2], [1764633600000, 99.5], [1764720000000, 98.5], [1764806400000, 97.5], [1764892800000, 97.1], [1765152000000, 97.3], [1765238400000, 96.3], [1765324800000, 94.1], [1765411200000, 93.5], [1765497600000, 93.3], [1765756800000, 93.2], [1765843200000, 91.3], [1765929600000, 91.5], [1766016000000, 90.5], [1766102400000, 93.2], [1766361600000, 90.9], [1766448000000, 91.0], [1766534400000, 92.3], [1766707200000, 92.0], [1766966400000, 92.0], [1767052800000, 92.8], [1767139200000, 93.0], [1767312000000, 92.9], [1767571200000, 92.4], [1767657600000, 91.1], [1767744000000, 90.5], [1767830400000, 90.5], [1767916800000, 92.2], [1768176000000, 91.0], [1768262400000, 90.5], [1768348800000, 90.3], [1768435200000, 91.2], [1768521600000, 92.0], [1768780800000, 91.5], [1768867200000, 90.2], [1768953600000, 91.1], [1769040000000, 90.6], [1769126400000, 90.6], [1769385600000, 91.0], [1769472000000, 91.0], [1769558400000, 90.4], [1769644800000, 90.0], [1769731200000, 89.1], [1769990400000, 89.0], [1770076800000, 89.1], [1770163200000, 88.8], [1770249600000, 88.0], [1770336000000, 89.0]], "margin_ratio": [[1763337600000, 3.3093333333333335], [1763424000000, 0.7019481481481482], [1763510400000, 0.3098666666666667], [1763596800000, 0.2823333333333333], [1763683200000, 0.6181333333333333], [1763942400000, 0.7480925925925925], [1764028800000, 0.33244444444444443], [1764115200000, 0.2247962962962963], [1764201600000, 0.5074074074074074], [1764288000000, 0.5122407407407408], [1764547200000, 0.1322666666666667], [1764633600000, 0.33535185185185185], [1764720000000, 1.0032407407407407], [1764806400000, 0.17694444444444443], [1764892800000, 0.11508148148148148], [1765152000000, 0.255862962962963], [1765238400000, 0.9023666666666665], [1765324800000, 0.26835925925925924], [1765411200000, 0.32551851851851854], [1765497600000, 0.3075444444444444], [1765756800000, 0.1725925925925926], [1765843200000, 0.0371962962962963], [1765929600000, 0.3253333333333333], [1766016000000, 0.05698148148148148], [1766102400000, 0.05522962962962963], [1766361600000, 0.16833333333333333], [1766448000000, 0.05392592592592593], [1766534400000, 0.24955185185185186], [1766707200000, 0.10562962962962963], [1766966400000, 0.06133333333333332], [1767052800000, 0.2612148148148148], [1767139200000, 0.10677777777777778], [1767312000000, 0.10666296296296296], [1767571200000, 0.09924444444444447], [1767657600000, 0.10122222222222223], [1767744000000, 0.23798148148148152], [1767830400000, 0.09385185185185185], [1767916800000, 0.0682962962962963], [1768176000000, 0.11796296296296296], [1768262400000, 0.0905], [1768348800000, 0.1438111111111111], [1768435200000, 0.04391111111111112], [1768521600000, 0.09881481481481481], [1768780800000, 0.08472222222222221], [1768867200000, 0.06347407407407407], [1768953600000, 0.030366666666666667], [1769040000000, 0.046977777777777764], [1769126400000, 0.04026666666666666], [1769385600000, 0.17525925925925928], [1769472000000, 0.06740740740740742], [1769558400000, 0.2310222222222222], [1769644800000, 0.14333333333333334], [1769731200000, 0.1551], [1769990400000, 0.03955555555555556], [1770076800000, 0.026399999999999996], [1770163200000, 0.02631111111111111], [1770249600000, 0.04562962962962963], [1770336000000, 0.05603703703703704]]}