{"margin_balance": [[1764201600000, 285.1733], [1764288000000, 244.5521], [1764547200000, 231.66325], [1764633600000, 159.2679], [1764720000000, 236.7828], [1764806400000, 150.9826], [1764892800000, 137.4], [1765152000000, 134.6889], [1765238400000, 79.19515], [1765324800000, 195.041], [1765411200000, 184.5], [1765497600000, 102.6093], [1765756800000, 85.3254], [1765843200000, 156.5832], [1765929600000, 137.49645], [1766016000000, 110.8646], [1766102400000, 96.292], [1766361600000, 64.81265], [1766448000000, 85.008], [1766534400000, 70.7766], [1766707200000, 114.7223], [1766966400000, 106.488], [1767052800000, 107.8224], [1767139200000, 103.86675], [1767312000000, 147.03745], [1767571200000, 182.5032], [1767657600000, 362.181], [1767744000000, 139.682], [1767830400000, 391.8378], [1767916800000, 159.3072], [1768176000000, 211.52], [1768262400000, 162.0928], [1768348800000, 129.72], [1768435200000, 144.6626], [1768521600000, 104.90465], [1768780800000, 107.765], [1768867200000, 74.365], [1768953600000, 116.2437], [1769040000000, 150.048], [1769126400000, 100.1424], [1769385600000, 99.0688], [1769472000000, 116.23225], [1769558400000, 200.9394], [1769644800000, 119.95995], [1769731200000, 100.3749], [1769990400000, 148.3421], [1770076800000, 140.4366], [1770163200000, 184.49], [1770249600000, 208.7625], [1770336000000, 141.35905], [1770595200000, 131.5491]], "closing_price": [[1764201600000, 2710.0], [1764288000000, 2990.0], [1764547200000, 2975.0], [1764633600000, 2890.0], [1764720000000, 2920.0], [1764806400000, 3070.0], [1764892800000, 3000.0], [1765152000000, 2955.0], [1765238400000, 2965.0], [1765324800000, 2980.0], [1765411200000, 3125.0], [1765497600000, 3165.0], [1765756800000, 3105.0], [1765843200000, 3180.0], [1765929600000, 3185.0], [1766016000000, 3220.0], [1766102400000, 3325.0], [1766361600000, 3295.0], [1766448000000, 3300.0], [1766534400000, 3295.0], [1766707200000, 3290.0], [1766966400000, 3400.0], [1767052800000, 3360.0], [1767139200000, 3445.0], [1767312000000, 3395.0], [1767571200000, 3410.0], [1767657600000, 3335.0], [1767744000000, 3310.0], [1767830400000, 3310.0], [1767916800000, 3120.0], [1768176000000, 3305.0], [1768262400000, 3440.0], [1768348800000, 3450.0], [1768435200000, 3460.0], [1768521600000, 3505.0], [1768780800000, 3500.0], [1768867200000, 3475.0], [1768953600000, 3495.0], [1769040000000, 3600.0], [1769126400000, 3720.0], [1769385600000, 3730.0], [1769472000000, 3775.0], [1769558400000, 3810.0], [1769644800000, 3795.0], [1769731200000, 3765.0], [1769990400000, 3730.0], [1770076800000, 3810.0], [1770163200000, 3800.0], [1770249600000, 3750.0], [1770336000000, 3665.0], [1770595200000, 3765.0]], "margin_ratio": [[1764201600000, 4.116658727065379], [1764288000000, 3.5302657601085556], [1764547200000, 3.3442069781877497], [1764633600000, 2.29913386167771], [1764720000000, 3.4181109523190853], [1764806400000, 2.1795302643165444], [1764892800000, 1.9834567580442597], [1765152000000, 1.9443202979515826], [1765238400000, 1.1432325725751735], [1765324800000, 2.815541408629625], [1765411200000, 2.6633753410419643], [1765497600000, 1.4812307825559743], [1765756800000, 1.2317266467454853], [1765843200000, 2.260378502446841], [1765929600000, 1.9848490753973411], [1766016000000, 1.6004013107559945], [1766102400000, 1.3900365221659232], [1766361600000, 0.9356119989028916], [1766448000000, 1.2271447750205706], [1766534400000, 1.021705426356589], [1766707200000, 1.6560896741876343], [1766966400000, 1.5372222944004157], [1767052800000, 1.556485210688147], [1767139200000, 1.499382876445368], [1767312000000, 2.122579504280167], [1767571200000, 2.6345502576761506], [1767657600000, 5.228314061755662], [1767744000000, 2.016398885568692], [1767830400000, 5.656428911697199], [1767916800000, 2.29970118227881], [1768176000000, 3.053426298846593], [1768262400000, 2.339913097454997], [1768348800000, 1.8725910527911307], [1768435200000, 2.0882970277019903], [1768521600000, 1.514365625857116], [1768780800000, 1.5556566050264893], [1768867200000, 1.0735062722850173], [1768953600000, 1.6780520549131694], [1769040000000, 2.1660387163830066], [1769126400000, 1.4456195054350178], [1769385600000, 1.4301214037215075], [1769472000000, 1.677886766849999], [1769558400000, 2.9006885799662205], [1769644800000, 1.731698497250011], [1769731200000, 1.4489757914338919], [1769990400000, 2.141412960316429], [1770076800000, 2.02729201853536], [1770163200000, 2.6632309846549163], [1770249600000, 3.013620025118011], [1770336000000, 2.0406081734586348], [1770595200000, 1.8989952795461438]]}