{"margin_balance": [[1750636800000, 6.995152], [1751241600000, 7.195392000000001], [1751846400000, 6.843653], [1752451200000, 6.7366139999999985], [1753056000000, 6.63344], [1753660800000, 6.353376], [1754265600000, 6.171858], [1754870400000, 6.032994], [1755475200000, 5.87951], [1756080000000, 5.569222000000001], [1756684800000, 5.54774], [1757289600000, 6.073257999999999], [1757894400000, 5.8812], [1758499200000, 4.9926], [1759104000000, 4.831376], [1759708800000, 4.60768], [1760313600000, 4.62825], [1760918400000, 4.340643999999999], [1761523200000, 4.14072], [1762128000000, 3.903246], [1762732800000, 3.929684], [1763337600000, 3.8587499999999992], [1763942400000, 3.803234], [1764547200000, 3.77982], [1765152000000, 3.673593], [1765756800000, 3.5220789999999993], [1766361600000, 3.490968], [1766966400000, 3.5010719999999993], [1767571200000, 3.431876000000001], [1768176000000, 3.383024], [1768780800000, 3.441984], [1769385600000, 3.55342], [1769990400000, 3.429348], [1770595200000, 3.320636000000001], [1771200000000, 3.273228], [1771804800000, 3.2563510000000004], [1771891200000, 3.24852], [1771977600000, 3.225768], [1772064000000, 3.2672], [1772409600000, 3.18843], [1772496000000, 3.12426], [1772582400000, 3.003], [1772668800000, 2.525952], [1772755200000, 2.311507], [1773014400000, 1.929633], [1773100800000, 2.039038], [1773187200000, 2.1433090000000004], [1773273600000, 2.266594], [1773360000000, 2.14226], [1773619200000, 2.180448], [1773705600000, 2.217446], [1773792000000, 2.153736], [1773878400000, 2.10735], [1773964800000, 2.111239], [1774224000000, 2.03573], [1774310400000, 2.0519969999999996], [1774396800000, 2.07176], [1774483200000, 2.019004], [1774569600000, 1.973682], [1774828800000, 1.98039], [1774915200000, 1.9252055], [1775001600000, 2.030578], [1775088000000, 1.94089], [1775520000000, 1.824302], [1775606400000, 1.87374], [1775692800000, 1.8045819999999997], [1775779200000, 1.749748], [1776038400000, 1.652189], [1776124800000, 1.6578135], [1776211200000, 1.646725]], "closing_price": [[1750636800000, 84.8], [1751241600000, 86.4], [1751846400000, 85.9], [1752451200000, 86.6], [1753056000000, 88.0], [1753660800000, 86.7], [1754265600000, 85.4], [1754870400000, 84.9], [1755475200000, 84.5], [1756080000000, 82.9], [1756684800000, 83.5], [1757289600000, 86.6], [1757894400000, 87.0], [1758499200000, 78.5], [1759104000000, 77.6], [1759708800000, 74.8], [1760313600000, 76.5], [1760918400000, 74.8], [1761523200000, 71.0], [1762128000000, 67.8], [1762732800000, 68.2], [1763337600000, 68.6], [1763942400000, 66.7], [1764547200000, 69.0], [1765152000000, 69.3], [1765756800000, 67.1], [1766361600000, 66.8], [1766966400000, 65.6], [1767571200000, 64.4], [1768176000000, 66.7], [1768780800000, 67.2], [1769385600000, 69.2], [1769990400000, 67.6], [1770595200000, 65.2], [1771200000000, 65.1], [1771804800000, 64.7], [1771891200000, 64.2], [1771977600000, 63.7], [1772064000000, 64.0], [1772409600000, 63.0], [1772496000000, 61.2], [1772582400000, 60.0], [1772668800000, 55.2], [1772755200000, 51.7], [1773014400000, 49.9], [1773100800000, 51.4], [1773187200000, 52.7], [1773273600000, 53.8], [1773360000000, 53.0], [1773619200000, 53.6], [1773705600000, 53.9], [1773792000000, 53.1], [1773878400000, 52.5], [1773964800000, 52.9], [1774224000000, 53.0], [1774310400000, 54.3], [1774396800000, 55.1], [1774483200000, 53.3], [1774569600000, 52.2], [1774828800000, 50.2], [1774915200000, 49.15], [1775001600000, 50.6], [1775088000000, 49.0], [1775520000000, 48.7], [1775606400000, 50.1], [1775692800000, 49.4], [1775779200000, 49.4], [1776038400000, 49.9], [1776124800000, 49.65], [1776211200000, 49.75]], "margin_ratio": [[1750636800000, 3.059728807628379], [1751241600000, 3.147315195520952], [1751846400000, 2.993462076808678], [1752451200000, 2.9466424634765107], [1753056000000, 2.901513428396466], [1753660800000, 2.779011460064736], [1754265600000, 2.6996142069810167], [1754870400000, 2.6388741142507217], [1755475200000, 2.5717391304347825], [1756080000000, 2.436016971393579], [1756684800000, 2.4266205931239613], [1757289600000, 2.656485871752252], [1757894400000, 2.5724783483509754], [1758499200000, 2.1837984428308985], [1759104000000, 2.113277928440206], [1759708800000, 2.015431720759339], [1760313600000, 2.0244291837984427], [1760918400000, 1.8986282914880586], [1761523200000, 1.8111801242236023], [1762128000000, 1.7073073221940338], [1762732800000, 1.7188714898084156], [1763337600000, 1.6878444580526633], [1763942400000, 1.6635613682092554], [1764547200000, 1.6533199195171027], [1765152000000, 1.606855480710349], [1765756800000, 1.540582188784883], [1766361600000, 1.5269740180211706], [1766966400000, 1.5313935788644908], [1767571200000, 1.5011267605633805], [1768176000000, 1.4797585513078468], [1768780800000, 1.5055480710349052], [1769385600000, 1.5542909631703263], [1769990400000, 1.500020995538448], [1770595200000, 1.4524696002099557], [1771200000000, 1.4317330067360685], [1771804800000, 1.4243508879363136], [1771891200000, 1.4209255533199194], [1771977600000, 1.4109736680955296], [1772064000000, 1.4290963170326305], [1772409600000, 1.3946417636252295], [1772496000000, 1.366573353162453], [1772582400000, 1.3135333741579915], [1772668800000, 1.1048692152917505], [1772755200000, 1.0110694602396992], [1773014400000, 0.8440350800454903], [1773100800000, 0.8918895984603272], [1773187200000, 0.9374984690753216], [1773273600000, 0.9914241973580614], [1773360000000, 0.9370396290788208], [1773619200000, 0.9537433295424722], [1773705600000, 0.9699265156154315], [1773792000000, 0.9420593123961157], [1773878400000, 0.9217697489283525], [1773964800000, 0.9234708249496981], [1774224000000, 0.8904426559356136], [1774310400000, 0.8975579564342575], [1774396800000, 0.9062024319832034], [1774483200000, 0.8831265856005598], [1774569600000, 0.8633024232350625], [1774828800000, 0.8662365497331818], [1774915200000, 0.8420984603271804], [1775001600000, 0.8881891348088531], [1775088000000, 0.848958971218616], [1775520000000, 0.7979625579564343], [1775606400000, 0.8195870877438545], [1775692800000, 0.7893368909106814], [1775779200000, 0.7653521126760564], [1776038400000, 0.7226791181873852], [1776124800000, 0.7251393141457441], [1776211200000, 0.720289126060712]]}