{"margin_balance": [[1766361600000, 14.4613], [1766448000000, 11.865], [1766534400000, 4.7428], [1766707200000, 7.50891], [1766966400000, 11.9972], [1767052800000, 5.43165], [1767139200000, 7.38514], [1767312000000, 30.06021], [1767571200000, 9.32756], [1767657600000, 6.10344], [1767744000000, 3.0191], [1767830400000, 4.5152], [1767916800000, 2.52882], [1768176000000, 4.8764], [1768262400000, 8.15262], [1768348800000, 4.43486], [1768435200000, 2.85498], [1768521600000, 2.7192], [1768780800000, 5.06499], [1768867200000, 9.52956], [1768953600000, 6.1124], [1769040000000, 5.44236], [1769126400000, 3.77784], [1769385600000, 2.85428], [1769472000000, 8.22081], [1769558400000, 1.08672], [1769644800000, 4.6656], [1769731200000, 3.2091], [1769990400000, 2.33987], [1770076800000, 7.06176], [1770163200000, 4.624], [1770249600000, 1.83141], [1770336000000, 2.53266], [1770595200000, 1.1058], [1770681600000, 4.63166], [1770768000000, 13.8417]], "closing_price": [[1766361600000, 730.0], [1766448000000, 678.0], [1766534400000, 668.0], [1766707200000, 687.0], [1766966400000, 712.0], [1767052800000, 739.0], [1767139200000, 749.0], [1767312000000, 769.0], [1767571200000, 731.0], [1767657600000, 692.0], [1767744000000, 665.0], [1767830400000, 680.0], [1767916800000, 669.0], [1768176000000, 668.0], [1768262400000, 658.0], [1768348800000, 622.0], [1768435200000, 622.0], [1768521600000, 618.0], [1768780800000, 623.0], [1768867200000, 618.0], [1768953600000, 590.0], [1769040000000, 589.0], [1769126400000, 583.0], [1769385600000, 572.0], [1769472000000, 591.0], [1769558400000, 566.0], [1769644800000, 576.0], [1769731200000, 563.0], [1769990400000, 533.0], [1770076800000, 576.0], [1770163200000, 578.0], [1770249600000, 567.0], [1770336000000, 573.0], [1770595200000, 570.0], [1770681600000, 569.0], [1770768000000, 645.0]], "margin_ratio": [[1766361600000, 6.595202262051352], [1766448000000, 5.411136954439732], [1766534400000, 2.1629953938067223], [1766707200000, 3.4245040361198518], [1766966400000, 5.471427919916085], [1767052800000, 2.4771514571076754], [1767139200000, 3.368057645824782], [1767312000000, 13.709221507730195], [1767571200000, 4.25391526428604], [1767657600000, 2.7835271582979884], [1767744000000, 1.376886943038263], [1767830400000, 2.0591964244994756], [1767916800000, 1.153290463811739], [1768176000000, 2.2239248415195876], [1768262400000, 3.7180736078806955], [1768348800000, 2.0225566652984903], [1768435200000, 1.302038582569435], [1768521600000, 1.240114926802572], [1768780800000, 2.3099329593651663], [1768867200000, 4.346039129839923], [1768953600000, 2.7876134446116656], [1769040000000, 2.4820358462169922], [1769126400000, 1.7229169517033793], [1769385600000, 1.301719341451179], [1769472000000, 3.749172253386236], [1769558400000, 0.4956081543302777], [1769644800000, 2.127787659050486], [1769731200000, 1.4635381037077575], [1769990400000, 1.0671181648196286], [1770076800000, 3.2205773703653024], [1770163200000, 2.10881561545127], [1770249600000, 0.8352305376932548], [1770336000000, 1.1550417293747433], [1770595200000, 0.5043097550964564], [1770681600000, 2.112309025402472], [1770768000000, 6.312628266520727]]}