{"margin_balance": [[1766102400000, 0.138725], [1766361600000, 0.3171], [1766448000000, 0.33115], [1766534400000, 0.450625], [1766707200000, 0.4746], [1766966400000, 0.46656], [1767052800000, 0.503965], [1767139200000, 0.58072], [1767312000000, 0.726], [1767571200000, 1.3205], [1767657600000, 1.64934], [1767744000000, 1.92372], [1767830400000, 1.9656], [1767916800000, 2.0111], [1768176000000, 1.94916], [1768262400000, 1.97717], [1768348800000, 1.972815], [1768435200000, 1.97087], [1768521600000, 2.016875], [1768780800000, 2.0554], [1768867200000, 2.03966], [1768953600000, 2.05729], [1769040000000, 2.08468], [1769126400000, 2.2866], [1769385600000, 1.79133], [1769472000000, 1.778715], [1769558400000, 1.78925], [1769644800000, 1.77232], [1769731200000, 1.71842], [1769990400000, 1.78704], [1770076800000, 1.90292], [1770163200000, 1.9434], [1770249600000, 1.966675], [1770336000000, 2.00298], [1770595200000, 1.97351], [1770681600000, 2.03], [1770768000000, 1.989975], [1771804800000, 2.02016], [1771891200000, 2.08608], [1771977600000, 2.04974], [1772064000000, 2.21188], [1772409600000, 2.2784], [1772496000000, 2.29558], [1772582400000, 2.12265], [1772668800000, 2.1648], [1772755200000, 2.097025], [1773014400000, 2.00448], [1773100800000, 2.099355], [1773187200000, 2.111945], [1773273600000, 2.09076], [1773360000000, 2.018885]], "closing_price": [[1749772800000, 635.0], [1750032000000, 578.0], [1750118400000, 606.0], [1750204800000, 605.0], [1750291200000, 656.0], [1750377600000, 691.0], [1750636800000, 705.0], [1750723200000, 677.0], [1750809600000, 698.0], [1750896000000, 688.0], [1750982400000, 670.0], [1751241600000, 660.0], [1751328000000, 643.0], [1751414400000, 652.0], [1751500800000, 612.0], [1751587200000, 585.0], [1751846400000, 554.0], [1751932800000, 578.0], [1752019200000, 558.0], [1752105600000, 549.0], [1752192000000, 569.0], [1752451200000, 549.0], [1752537600000, 555.0], [1752624000000, 546.0], [1752710400000, 543.0], [1752796800000, 541.0], [1753056000000, 516.0], [1753142400000, 535.0], [1753228800000, 580.0], [1753315200000, 570.0], [1753401600000, 565.0], [1753660800000, 549.0], [1753747200000, 529.0], [1753833600000, 536.0], [1753920000000, 527.0], [1754006400000, 532.0], [1754265600000, 515.0], [1754352000000, 531.0], [1754438400000, 524.0], [1754524800000, 537.0], [1754611200000, 590.0], [1754870400000, 630.0], [1754956800000, 650.0], [1755043200000, 631.0], [1755129600000, 636.0], [1755216000000, 634.0], [1755475200000, 642.0], [1755561600000, 681.0], [1755648000000, 636.0], [1755734400000, 665.0], [1755820800000, 650.0], [1756080000000, 688.0], [1756166400000, 672.0], [1756252800000, 645.0], [1756339200000, 629.0], [1756425600000, 629.0], [1756684800000, 602.0], [1756771200000, 600.0], [1756857600000, 590.0], [1756944000000, 591.0], [1757030400000, 610.0], [1757289600000, 605.0], [1757376000000, 607.0], [1757462400000, 596.0], [1757548800000, 605.0], [1757635200000, 599.0], [1757894400000, 570.0], [1757980800000, 553.0], [1758067200000, 543.0], [1758153600000, 547.0], [1758240000000, 535.0], [1758499200000, 533.0], [1758585600000, 541.0], [1758672000000, 526.0], [1758758400000, 520.0], [1758844800000, 510.0], [1759190400000, 512.0], [1759276800000, 512.0], [1759363200000, 506.0], [1759449600000, 485.5], [1759795200000, 519.0], [1759881600000, 541.0], [1759968000000, 537.0], [1760313600000, 524.0], [1760400000000, 503.0], [1760486400000, 503.0], [1760572800000, 509.0], [1760659200000, 505.0], [1760918400000, 502.0], [1761004800000, 514.0], [1761091200000, 509.0], [1761177600000, 501.0], [1761523200000, 500.0], [1761609600000, 487.0], [1761696000000, 489.5], [1761782400000, 482.5], [1761868800000, 482.5], [1762128000000, 473.5], [1762214400000, 468.0], [1762300800000, 461.0], [1762387200000, 492.0], [1762473600000, 487.0], [1762732800000, 463.0], [1762819200000, 444.0], [1762905600000, 446.5], [1762992000000, 455.0], [1763078400000, 459.0], [1763337600000, 448.5], [1763424000000, 434.0], [1763510400000, 421.0], [1763596800000, 425.0], [1763683200000, 403.5], [1763942400000, 404.0], [1764028800000, 407.0], [1764115200000, 430.0], [1764201600000, 438.0], [1764288000000, 445.0], [1764547200000, 441.0], [1764633600000, 455.0], [1764720000000, 450.5], [1764806400000, 458.0], [1764892800000, 455.0], [1765152000000, 442.5], [1765238400000, 427.0], [1765324800000, 426.0], [1765411200000, 430.0], [1765497600000, 423.0], [1765756800000, 423.5], [1765843200000, 414.5], [1765929600000, 415.5], [1766016000000, 411.0], [1766102400000, 447.5], [1766361600000, 453.0], [1766448000000, 447.5], [1766534400000, 437.5], [1766707200000, 420.0], [1766966400000, 432.0], [1767052800000, 423.5], [1767139200000, 427.0], [1767312000000, 440.0], [1767571200000, 475.0], [1767657600000, 462.0], [1767744000000, 471.5], [1767830400000, 455.0], [1767916800000, 455.0], [1768176000000, 444.0], [1768262400000, 435.5], [1768348800000, 435.5], [1768435200000, 437.0], [1768521600000, 437.5], [1768780800000, 430.0], [1768867200000, 428.5], [1768953600000, 419.0], [1769040000000, 422.0], [1769126400000, 444.0], [1769385600000, 420.5], [1769472000000, 420.5], [1769558400000, 425.0], [1769644800000, 418.0], [1769731200000, 401.5], [1769990400000, 408.0], [1770076800000, 421.0], [1770163200000, 410.0], [1770249600000, 405.5], [1770336000000, 399.0], [1770595200000, 423.5], [1770681600000, 437.5], [1770768000000, 422.5], [1771804800000, 428.0], [1771891200000, 424.0], [1771977600000, 423.5], [1772064000000, 457.0], [1772409600000, 445.0], [1772496000000, 431.5], [1772582400000, 400.5], [1772668800000, 410.0], [1772755200000, 402.5], [1773014400000, 384.0], [1773100800000, 404.5], [1773187200000, 408.5], [1773273600000, 399.0], [1773360000000, 390.5]], "margin_ratio": [[1766102400000, 0.07641987550267172], [1766361600000, 0.17468187076516278], [1766448000000, 0.18242163829670027], [1766534400000, 0.24823720597146479], [1766707200000, 0.2614443893571311], [1766966400000, 0.2570153693604363], [1767052800000, 0.27762077893461135], [1767139200000, 0.3199030463284306], [1767312000000, 0.39993389522392997], [1767571200000, 0.7274279733377403], [1767657600000, 0.9085770946950917], [1767744000000, 1.0597256651793092], [1767830400000, 1.082796232027764], [1767916800000, 1.1078609596209992], [1768176000000, 1.0737398777061642], [1768262400000, 1.0891698341871867], [1768348800000, 1.0867707816889771], [1768435200000, 1.0856993334435079], [1768521600000, 1.1110422519693715], [1768780800000, 1.1322646394535338], [1768867200000, 1.1235938963256762], [1768953600000, 1.1333057896766374], [1769040000000, 1.1483942048146312], [1769126400000, 1.259626508015204], [1769385600000, 0.9867955709800034], [1769472000000, 0.9798463063956372], [1769558400000, 0.9856497548614553], [1769644800000, 0.9763234727042361], [1769731200000, 0.946631410786096], [1769990400000, 0.9844323252354983], [1770076800000, 1.04826750399383], [1770163200000, 1.070566848454801], [1770249600000, 1.083388420646725], [1770336000000, 1.103387869773591], [1770595200000, 1.0871536385170495], [1770681600000, 1.1182724618520352], [1770768000000, 1.0962237646669972], [1771804800000, 1.1128518702142898], [1771891200000, 1.1491654272021152], [1771977600000, 1.1291466975155622], [1772064000000, 1.2184652674489065], [1772409600000, 1.2551093483170825], [1772496000000, 1.2645733487577813], [1772582400000, 1.1693108577094695], [1772668800000, 1.1925301603040819], [1772755200000, 1.1551947336528396], [1773014400000, 1.104214179474467], [1773100800000, 1.156478268054867], [1773187200000, 1.1634137608108852], [1773273600000, 1.151743513468848], [1773360000000, 1.1121495069685452]]}