{"margin_balance": [[1763337600000, 0.89352], [1763424000000, 0.18952600000000003], [1763510400000, 0.083664], [1763596800000, 0.07623], [1763683200000, 0.166896], [1763942400000, 0.201985], [1764028800000, 0.08976], [1764115200000, 0.060695], [1764201600000, 0.137], [1764288000000, 0.138305], [1764547200000, 0.03571200000000001], [1764633600000, 0.090545], [1764720000000, 0.270875], [1764806400000, 0.047775], [1764892800000, 0.031072], [1765152000000, 0.069083], [1765238400000, 0.24363899999999997], [1765324800000, 0.072457], [1765411200000, 0.08789], [1765497600000, 0.08303699999999999], [1765756800000, 0.0466], [1765843200000, 0.010043], [1765929600000, 0.08784], [1766016000000, 0.015385], [1766102400000, 0.014912], [1766361600000, 0.04545], [1766448000000, 0.01456], [1766534400000, 0.067379], [1766707200000, 0.02852], [1766966400000, 0.01656], [1767052800000, 0.070528], [1767139200000, 0.02883], [1767312000000, 0.028799], [1767571200000, 0.026796000000000004], [1767657600000, 0.02733], [1767744000000, 0.064255], [1767830400000, 0.02534], [1767916800000, 0.01844], [1768176000000, 0.03185], [1768262400000, 0.024435], [1768348800000, 0.038829], [1768435200000, 0.011856000000000002], [1768521600000, 0.02668], [1768780800000, 0.022875], [1768867200000, 0.017138], [1768953600000, 0.008199], [1769040000000, 0.012683999999999997], [1769126400000, 0.010871999999999998], [1769385600000, 0.04732], [1769472000000, 0.0182], [1769558400000, 0.062376]], "closing_price": [[1763337600000, 102.0], [1763424000000, 98.2], [1763510400000, 99.6], [1763596800000, 99.0], [1763683200000, 97.6], [1763942400000, 101.5], [1764028800000, 102.0], [1764115200000, 99.5], [1764201600000, 100.0], [1764288000000, 99.5], [1764547200000, 99.2], [1764633600000, 99.5], [1764720000000, 98.5], [1764806400000, 97.5], [1764892800000, 97.1], [1765152000000, 97.3], [1765238400000, 96.3], [1765324800000, 94.1], [1765411200000, 93.5], [1765497600000, 93.3], [1765756800000, 93.2], [1765843200000, 91.3], [1765929600000, 91.5], [1766016000000, 90.5], [1766102400000, 93.2], [1766361600000, 90.9], [1766448000000, 91.0], [1766534400000, 92.3], [1766707200000, 92.0], [1766966400000, 92.0], [1767052800000, 92.8], [1767139200000, 93.0], [1767312000000, 92.9], [1767571200000, 92.4], [1767657600000, 91.1], [1767744000000, 90.5], [1767830400000, 90.5], [1767916800000, 92.2], [1768176000000, 91.0], [1768262400000, 90.5], [1768348800000, 90.3], [1768435200000, 91.2], [1768521600000, 92.0], [1768780800000, 91.5], [1768867200000, 90.2], [1768953600000, 91.1], [1769040000000, 90.6], [1769126400000, 90.6], [1769385600000, 91.0], [1769472000000, 91.0], [1769558400000, 90.4]], "margin_ratio": [[1763337600000, 3.2681784930504754], [1763424000000, 0.6932187271397221], [1763510400000, 0.30601316752011704], [1763596800000, 0.2788222384784199], [1763683200000, 0.6104462326261887], [1763942400000, 0.7387893196781273], [1764028800000, 0.32831016825164594], [1764115200000, 0.22200073152889538], [1764201600000, 0.5010972933430871], [1764288000000, 0.5058705193855157], [1764547200000, 0.1306217995610827], [1764633600000, 0.3311814191660571], [1764720000000, 0.9907644476956838], [1764806400000, 0.17474396488661303], [1764892800000, 0.11365032918800291], [1765152000000, 0.2526810534016094], [1765238400000, 0.8911448427212874], [1765324800000, 0.26502194586686173], [1765411200000, 0.32147037307973664], [1765497600000, 0.30371982443306506], [1765756800000, 0.17044623262618874], [1765843200000, 0.03673372348207754], [1765929600000, 0.3212874908558888], [1766016000000, 0.05627286027798098], [1766102400000, 0.0545427944403804], [1766361600000, 0.16623994147768836], [1766448000000, 0.053255303584491584], [1766534400000, 0.2464484272128749], [1766707200000, 0.10431602048280907], [1766966400000, 0.06057059253840526], [1767052800000, 0.257966349670812], [1767139200000, 0.10544989027066569], [1767312000000, 0.10533650329188005], [1767571200000, 0.09801024140453549], [1767657600000, 0.09996342355523044], [1767744000000, 0.23502194586686176], [1767830400000, 0.09268471104608633], [1767916800000, 0.06744696415508414], [1768176000000, 0.11649597659107536], [1768262400000, 0.08937454279444038], [1768348800000, 0.14202267739575714], [1768435200000, 0.043365032918800304], [1768521600000, 0.09758595464520847], [1768780800000, 0.08366861741038771], [1768867200000, 0.06268471104608632], [1768953600000, 0.029989027066569127], [1769040000000, 0.046393562545720544], [1769126400000, 0.039765910753474756], [1769385600000, 0.17307973664959767], [1769472000000, 0.0665691294806145], [1769558400000, 0.22814923189465983]]}