{"margin_balance": [[1763337600000, 0.89352], [1763424000000, 0.18952600000000003], [1763510400000, 0.083664], [1763596800000, 0.07623], [1763683200000, 0.166896], [1763942400000, 0.201985], [1764028800000, 0.08976], [1764115200000, 0.060695], [1764201600000, 0.137], [1764288000000, 0.138305], [1764547200000, 0.03571200000000001], [1764633600000, 0.090545], [1764720000000, 0.270875], [1764806400000, 0.047775], [1764892800000, 0.031072], [1765152000000, 0.069083], [1765238400000, 0.24363899999999997], [1765324800000, 0.072457], [1765411200000, 0.08789], [1765497600000, 0.08303699999999999], [1765756800000, 0.0466], [1765843200000, 0.010043], [1765929600000, 0.08784], [1766016000000, 0.015385], [1766102400000, 0.014912], [1766361600000, 0.04545], [1766448000000, 0.01456], [1766534400000, 0.067379], [1766707200000, 0.02852], [1766966400000, 0.01656], [1767052800000, 0.070528], [1767139200000, 0.02883], [1767312000000, 0.028799], [1767571200000, 0.026796000000000004], [1767657600000, 0.02733], [1767744000000, 0.064255], [1767830400000, 0.02534], [1767916800000, 0.01844], [1768176000000, 0.03185], [1768262400000, 0.024435], [1768348800000, 0.038829], [1768435200000, 0.011856000000000002], [1768521600000, 0.02668], [1768780800000, 0.022875], [1768867200000, 0.017138], [1768953600000, 0.008199], [1769040000000, 0.012683999999999997], [1769126400000, 0.010871999999999998], [1769385600000, 0.04732], [1769472000000, 0.0182], [1769558400000, 0.062376], [1769644800000, 0.0387], [1769731200000, 0.041877], [1769990400000, 0.01068], [1770076800000, 0.007128], [1770163200000, 0.007104], [1770249600000, 0.01232], [1770336000000, 0.01513], [1770595200000, 0.01068], [1770681600000, 0.028384], [1770768000000, 0.032708], [1771804800000, 0.018921], [1771891200000, 0.0099], [1771977600000, 0.03588], [1772064000000, 0.019756], [1772409600000, 0.018963], [1772496000000, 0.0445], [1772582400000, 0.01232], [1772668800000, 0.015504], [1772755200000, 0.01513]], "closing_price": [[1763337600000, 102.0], [1763424000000, 98.2], [1763510400000, 99.6], [1763596800000, 99.0], [1763683200000, 97.6], [1763942400000, 101.5], [1764028800000, 102.0], [1764115200000, 99.5], [1764201600000, 100.0], [1764288000000, 99.5], [1764547200000, 99.2], [1764633600000, 99.5], [1764720000000, 98.5], [1764806400000, 97.5], [1764892800000, 97.1], [1765152000000, 97.3], [1765238400000, 96.3], [1765324800000, 94.1], [1765411200000, 93.5], [1765497600000, 93.3], [1765756800000, 93.2], [1765843200000, 91.3], [1765929600000, 91.5], [1766016000000, 90.5], [1766102400000, 93.2], [1766361600000, 90.9], [1766448000000, 91.0], [1766534400000, 92.3], [1766707200000, 92.0], [1766966400000, 92.0], [1767052800000, 92.8], [1767139200000, 93.0], [1767312000000, 92.9], [1767571200000, 92.4], [1767657600000, 91.1], [1767744000000, 90.5], [1767830400000, 90.5], [1767916800000, 92.2], [1768176000000, 91.0], [1768262400000, 90.5], [1768348800000, 90.3], [1768435200000, 91.2], [1768521600000, 92.0], [1768780800000, 91.5], [1768867200000, 90.2], [1768953600000, 91.1], [1769040000000, 90.6], [1769126400000, 90.6], [1769385600000, 91.0], [1769472000000, 91.0], [1769558400000, 90.4], [1769644800000, 90.0], [1769731200000, 89.1], [1769990400000, 89.0], [1770076800000, 89.1], [1770163200000, 88.8], [1770249600000, 88.0], [1770336000000, 89.0], [1770595200000, 89.0], [1770681600000, 88.7], [1770768000000, 88.4], [1771804800000, 90.1], [1771891200000, 90.0], [1771977600000, 89.7], [1772064000000, 89.8], [1772409600000, 90.3], [1772496000000, 89.0], [1772582400000, 88.0], [1772668800000, 91.2], [1772755200000, 89.0]], "margin_ratio": [[1763337600000, 3.3105594664690625], [1763424000000, 0.7022082252686181], [1763510400000, 0.30998147462022974], [1763596800000, 0.2824379399777696], [1763683200000, 0.6183623564283067], [1763942400000, 0.7483697665802149], [1764028800000, 0.3325676176361616], [1764115200000, 0.22487958503149313], [1764201600000, 0.5075954057058171], [1764288000000, 0.5124305298258615], [1764547200000, 0.1323156724712857], [1764633600000, 0.33547610226009633], [1764720000000, 1.0036124490552056], [1764806400000, 0.17701000370507594], [1764892800000, 0.11512412004446092], [1765152000000, 0.2559577621341238], [1765238400000, 0.9027010003705075], [1765324800000, 0.26845868840311227], [1765411200000, 0.32563912560207486], [1765497600000, 0.3076583919970359], [1765756800000, 0.17265653945905893], [1765843200000, 0.037210077806595035], [1765929600000, 0.325453871804372], [1766016000000, 0.05700259355316784], [1766102400000, 0.05525009262689885], [1766361600000, 0.1683957021118933], [1766448000000, 0.053945905891070775], [1766534400000, 0.2496443127084105], [1766707200000, 0.1056687662097073], [1766966400000, 0.06135605779918488], [1767052800000, 0.2613115968877362], [1767139200000, 0.106817339755465], [1767312000000, 0.10670248240088924], [1767571200000, 0.09928121526491294], [1767657600000, 0.1012597258243794], [1767744000000, 0.23806965542793632], [1767830400000, 0.09388662467580587], [1767916800000, 0.06832160059281217], [1768176000000, 0.11800666913671731], [1768262400000, 0.09053353093738421], [1768348800000, 0.14386439422008152], [1768435200000, 0.04392738051130049], [1768521600000, 0.09885142645424232], [1768780800000, 0.0847536124490552], [1768867200000, 0.06349759170062987], [1768953600000, 0.03037791774731382], [1769040000000, 0.046995183401259716], [1769126400000, 0.04028158577250834], [1769385600000, 0.17532419414598002], [1769472000000, 0.06743238236383847], [1769558400000, 0.23110781771026306], [1769644800000, 0.14338643942200816], [1769731200000, 0.15515746572804742], [1769990400000, 0.039570211189329386], [1770076800000, 0.026409781400518712], [1770163200000, 0.02632085957762134], [1770249600000, 0.04564653575398296], [1770336000000, 0.056057799184883295], [1770595200000, 0.039570211189329386], [1770681600000, 0.10516487587995554], [1770768000000, 0.12118562430529828], [1771804800000, 0.07010374212671361], [1771891200000, 0.03668025194516488], [1771977600000, 0.13293812523156726], [1772064000000, 0.07319748054835123], [1772409600000, 0.070259355316784], [1772496000000, 0.1648758799555391], [1772582400000, 0.04564653575398296], [1772668800000, 0.057443497591700636], [1772755200000, 0.056057799184883295]]}