{"margin_balance": [[1766361600000, 14.4613], [1766448000000, 11.865], [1766534400000, 4.7428], [1766707200000, 7.50891], [1766966400000, 11.9972], [1767052800000, 5.43165], [1767139200000, 7.38514], [1767312000000, 30.06021], [1767571200000, 9.32756], [1767657600000, 6.10344], [1767744000000, 3.0191], [1767830400000, 4.5152], [1767916800000, 2.52882], [1768176000000, 4.8764], [1768262400000, 8.15262], [1768348800000, 4.43486], [1768435200000, 2.85498], [1768521600000, 2.7192], [1768780800000, 5.06499], [1768867200000, 9.52956], [1768953600000, 6.1124], [1769040000000, 5.44236], [1769126400000, 3.77784], [1769385600000, 2.85428], [1769472000000, 8.22081], [1769558400000, 1.08672], [1769644800000, 4.6656], [1769731200000, 3.2091], [1769990400000, 2.33987], [1770076800000, 7.06176], [1770163200000, 4.624], [1770249600000, 1.83141], [1770336000000, 2.53266], [1770595200000, 1.1058], [1770681600000, 4.63166], [1770768000000, 13.8417], [1771804800000, 19.96576], [1771891200000, 7.29015], [1771977600000, 7.7814], [1772064000000, 5.70657], [1772409600000, 3.47011], [1772496000000, 3.1248], [1772582400000, 3.07296], [1772668800000, 2.01335], [1772755200000, 1.16725]], "closing_price": [[1766361600000, 730.0], [1766448000000, 678.0], [1766534400000, 668.0], [1766707200000, 687.0], [1766966400000, 712.0], [1767052800000, 739.0], [1767139200000, 749.0], [1767312000000, 769.0], [1767571200000, 731.0], [1767657600000, 692.0], [1767744000000, 665.0], [1767830400000, 680.0], [1767916800000, 669.0], [1768176000000, 668.0], [1768262400000, 658.0], [1768348800000, 622.0], [1768435200000, 622.0], [1768521600000, 618.0], [1768780800000, 623.0], [1768867200000, 618.0], [1768953600000, 590.0], [1769040000000, 589.0], [1769126400000, 583.0], [1769385600000, 572.0], [1769472000000, 591.0], [1769558400000, 566.0], [1769644800000, 576.0], [1769731200000, 563.0], [1769990400000, 533.0], [1770076800000, 576.0], [1770163200000, 578.0], [1770249600000, 567.0], [1770336000000, 573.0], [1770595200000, 570.0], [1770681600000, 569.0], [1770768000000, 645.0], [1771804800000, 688.0], [1771891200000, 655.0], [1771977600000, 660.0], [1772064000000, 669.0], [1772409600000, 623.0], [1772496000000, 630.0], [1772582400000, 582.0], [1772668800000, 601.0], [1772755200000, 575.0]], "margin_ratio": [[1766361600000, 7.318101310662415], [1766448000000, 6.004250797024442], [1766534400000, 2.40008096756237], [1766707200000, 3.7998633672385], [1766966400000, 6.071150245432923], [1767052800000, 2.748671625929862], [1767139200000, 3.7372298972724054], [1767312000000, 15.211887050250494], [1767571200000, 4.7201862253934515], [1767657600000, 3.0886291179596173], [1767744000000, 1.5278072972015584], [1767830400000, 2.2849046100905825], [1767916800000, 1.279702444208289], [1768176000000, 2.467688882141592], [1768262400000, 4.125611052072264], [1768348800000, 2.2442487728353826], [1768435200000, 1.4447548201001972], [1768521600000, 1.37604372248368], [1768780800000, 2.5631243358129647], [1768867200000, 4.822407772885987], [1768953600000, 3.0931633014523556], [1769040000000, 2.7540913921360253], [1769126400000, 1.9117655989069375], [1769385600000, 1.4444005870148273], [1769472000000, 4.160118415059967], [1769558400000, 0.5499316836192499], [1769644800000, 2.3610141187186886], [1769731200000, 1.62395627751632], [1769990400000, 1.1840848135215827], [1770076800000, 3.573584332776681], [1770163200000, 2.3399625525024037], [1770249600000, 0.926780021253985], [1770336000000, 1.2816456657051767], [1770595200000, 0.5595870654319112], [1770681600000, 2.343838874550883], [1770768000000, 7.00455442538333], [1771804800000, 10.103618237943424], [1771891200000, 3.6891604675876724], [1771977600000, 3.937756186427812], [1772064000000, 2.887794139972673], [1772409600000, 1.7560396741055615], [1772496000000, 1.581296493092455], [1772582400000, 1.5550630028844694], [1772668800000, 1.0188502606143413], [1772755200000, 0.5906836698547644]]}