{"margin_balance": [[1770076800000, 0.0027], [1770163200000, 0.007798000000000001], [1770249600000, 0.009503], [1770336000000, 0.01114], [1770595200000, 0.014075], [1770681600000, 0.021546], [1770768000000, 0.026085]], "closing_price": [[1753747200000, 116.5], [1753833600000, 108.5], [1753920000000, 111.5], [1754006400000, 109.5], [1754265600000, 116.0], [1754352000000, 127.5], [1754438400000, 140.0], [1754524800000, 147.0], [1754611200000, 144.0], [1754870400000, 130.0], [1754956800000, 133.0], [1755043200000, 140.0], [1755129600000, 132.0], [1755216000000, 125.5], [1755475200000, 121.0], [1755561600000, 121.0], [1755648000000, 119.0], [1755734400000, 119.0], [1755820800000, 123.0], [1756080000000, 119.5], [1756166400000, 120.0], [1756252800000, 116.5], [1756339200000, 115.5], [1756425600000, 112.5], [1756684800000, 105.0], [1756771200000, 102.5], [1756857600000, 100.5], [1756944000000, 99.5], [1757030400000, 99.0], [1757289600000, 99.5], [1757376000000, 98.5], [1757462400000, 108.0], [1757548800000, 103.0], [1757635200000, 100.0], [1757894400000, 98.1], [1757980800000, 98.6], [1758067200000, 96.8], [1758153600000, 97.2], [1758240000000, 97.2], [1758499200000, 97.5], [1758585600000, 97.0], [1758672000000, 92.6], [1758758400000, 92.7], [1758844800000, 89.8], [1759190400000, 90.1], [1759276800000, 90.0], [1759363200000, 85.4], [1759449600000, 85.8], [1759795200000, 84.3], [1759881600000, 82.5], [1759968000000, 87.7], [1760313600000, 79.0], [1760400000000, 78.3], [1760486400000, 77.5], [1760572800000, 78.5], [1760659200000, 78.9], [1760918400000, 79.2], [1761004800000, 79.0], [1761091200000, 80.4], [1761177600000, 80.4], [1761523200000, 78.3], [1761609600000, 78.0], [1761696000000, 77.0], [1761782400000, 74.7], [1761868800000, 75.4], [1762128000000, 76.0], [1762214400000, 73.3], [1762300800000, 73.0], [1762387200000, 73.1], [1762473600000, 71.6], [1762732800000, 72.6], [1762819200000, 70.8], [1762905600000, 73.2], [1762992000000, 75.6], [1763078400000, 74.8], [1763337600000, 70.2], [1763424000000, 66.4], [1763510400000, 67.2], [1763596800000, 68.5], [1763683200000, 66.8], [1763942400000, 70.0], [1764028800000, 70.0], [1764115200000, 70.0], [1764201600000, 70.0], [1764288000000, 71.1], [1764547200000, 71.2], [1764633600000, 70.2], [1764720000000, 70.0], [1764806400000, 71.3], [1764892800000, 70.0], [1765152000000, 69.1], [1765238400000, 69.9], [1765324800000, 64.1], [1765411200000, 61.4], [1765497600000, 61.5], [1765756800000, 61.7], [1765843200000, 61.7], [1765929600000, 61.6], [1766016000000, 60.6], [1766102400000, 60.4], [1766361600000, 62.0], [1766448000000, 62.1], [1766534400000, 61.5], [1766707200000, 61.3], [1766966400000, 59.5], [1767052800000, 57.5], [1767139200000, 57.2], [1767312000000, 57.3], [1767571200000, 57.6], [1767657600000, 55.5], [1767744000000, 56.0], [1767830400000, 56.8], [1767916800000, 57.0], [1768176000000, 57.5], [1768262400000, 58.1], [1768348800000, 58.8], [1768435200000, 59.1], [1768521600000, 58.4], [1768780800000, 60.2], [1768867200000, 61.8], [1768953600000, 61.0], [1769040000000, 59.1], [1769126400000, 58.9], [1769385600000, 59.0], [1769472000000, 58.6], [1769558400000, 58.5], [1769644800000, 56.3], [1769731200000, 55.3], [1769990400000, 53.1], [1770076800000, 54.0], [1770163200000, 55.7], [1770249600000, 55.9], [1770336000000, 55.7], [1770595200000, 56.3], [1770681600000, 56.7], [1770768000000, 55.5]], "margin_ratio": [[1770076800000, 0.014563106796116505], [1770163200000, 0.042060409924487605], [1770249600000, 0.05125674217907227], [1770336000000, 0.06008629989212515], [1770595200000, 0.07591693635382957], [1770681600000, 0.11621359223300971], [1770768000000, 0.1406957928802589]]}